scenario,task_count,seed,method,hub_count,handoff_service_min,hub_ids,drone_count,max_tasks_per_drone,valid,compliant,on_time_count,on_time_rate,distance_km,relay_count,runtime_seconds,iterations,budget_seconds,scenario_sha256
U,50,2026081000,baseline,0,0.0,,2,25,True,True,9,0.18,591.1636651545527,0,0.8011783749680035,0,1.0,54fafffce615f3f3d62200edc33bcdf8757484e1732a8c9bf091732d3a2e8fdf
U,50,2026081000,static-relay,1,0.0,u-hub-3,2,25,True,True,8,0.16,604.4595885750597,3,0.8009965000092052,29,1.0,54fafffce615f3f3d62200edc33bcdf8757484e1732a8c9bf091732d3a2e8fdf
U,50,2026081000,static-relay,1,0.5,u-hub-3,2,25,True,True,8,0.16,595.6599288398749,2,0.8022700410219841,28,1.0,54fafffce615f3f3d62200edc33bcdf8757484e1732a8c9bf091732d3a2e8fdf
U,50,2026081000,static-relay,1,1.0,u-hub-3,2,25,True,True,8,0.16,609.5178174047842,1,0.8016935419873334,21,1.0,54fafffce615f3f3d62200edc33bcdf8757484e1732a8c9bf091732d3a2e8fdf
U,50,2026081000,static-relay,1,2.0,u-hub-3,2,25,True,True,8,0.16,609.5178174047842,1,0.8013156250235625,21,1.0,54fafffce615f3f3d62200edc33bcdf8757484e1732a8c9bf091732d3a2e8fdf
U,50,2026081000,static-relay,2,0.0,u-hub-3;u-hub-5,2,25,True,True,8,0.16,603.2245670691414,3,0.8014347499702126,18,1.0,54fafffce615f3f3d62200edc33bcdf8757484e1732a8c9bf091732d3a2e8fdf
U,50,2026081000,static-relay,2,0.5,u-hub-3;u-hub-5,2,25,True,True,8,0.16,603.2245670691414,3,0.80201212503016,18,1.0,54fafffce615f3f3d62200edc33bcdf8757484e1732a8c9bf091732d3a2e8fdf
U,50,2026081000,static-relay,2,1.0,u-hub-3;u-hub-5,2,25,True,True,8,0.16,603.2245670691414,3,0.8003782919840887,18,1.0,54fafffce615f3f3d62200edc33bcdf8757484e1732a8c9bf091732d3a2e8fdf
U,50,2026081000,static-relay,2,2.0,u-hub-3;u-hub-5,2,25,True,True,8,0.16,603.2245670691414,3,0.8001142080174759,18,1.0,54fafffce615f3f3d62200edc33bcdf8757484e1732a8c9bf091732d3a2e8fdf
U,50,2026081000,static-relay,4,0.0,u-hub-3;u-hub-5;u-hub-6;u-hub-7,2,25,True,True,8,0.16,604.4363875505205,2,0.803038917016238,11,1.0,54fafffce615f3f3d62200edc33bcdf8757484e1732a8c9bf091732d3a2e8fdf
U,50,2026081000,static-relay,4,0.5,u-hub-3;u-hub-5;u-hub-6;u-hub-7,2,25,True,True,8,0.16,604.4363875505205,2,0.8061982090002857,11,1.0,54fafffce615f3f3d62200edc33bcdf8757484e1732a8c9bf091732d3a2e8fdf
U,50,2026081000,static-relay,4,1.0,u-hub-3;u-hub-5;u-hub-6;u-hub-7,2,25,True,True,8,0.16,604.4363875505205,2,0.8033836249960586,11,1.0,54fafffce615f3f3d62200edc33bcdf8757484e1732a8c9bf091732d3a2e8fdf
U,50,2026081000,static-relay,4,2.0,u-hub-3;u-hub-5;u-hub-6;u-hub-7,2,25,True,True,8,0.16,604.4363875505205,2,0.8003843750339001,11,1.0,54fafffce615f3f3d62200edc33bcdf8757484e1732a8c9bf091732d3a2e8fdf
U,50,2026081000,static-relay,8,0.0,u-hub-3;u-hub-5;u-hub-6;u-hub-7;u-hub-8;u-hub-1;u-hub-2;u-hub-4,2,25,True,True,8,0.16,612.2845446585352,1,0.8099483330151998,11,1.0,54fafffce615f3f3d62200edc33bcdf8757484e1732a8c9bf091732d3a2e8fdf
U,50,2026081000,static-relay,8,0.5,u-hub-3;u-hub-5;u-hub-6;u-hub-7;u-hub-8;u-hub-1;u-hub-2;u-hub-4,2,25,True,True,8,0.16,609.4898904686565,1,0.8186033749952912,7,1.0,54fafffce615f3f3d62200edc33bcdf8757484e1732a8c9bf091732d3a2e8fdf
U,50,2026081000,static-relay,8,1.0,u-hub-3;u-hub-5;u-hub-6;u-hub-7;u-hub-8;u-hub-1;u-hub-2;u-hub-4,2,25,True,True,8,0.16,609.4898904686565,1,0.8000943340011872,7,1.0,54fafffce615f3f3d62200edc33bcdf8757484e1732a8c9bf091732d3a2e8fdf
U,50,2026081000,static-relay,8,2.0,u-hub-3;u-hub-5;u-hub-6;u-hub-7;u-hub-8;u-hub-1;u-hub-2;u-hub-4,2,25,True,True,8,0.16,609.4898904686565,1,0.8175124999834225,7,1.0,54fafffce615f3f3d62200edc33bcdf8757484e1732a8c9bf091732d3a2e8fdf
U,50,2026081001,baseline,0,0.0,,2,25,True,True,8,0.16,604.7955346468897,0,0.8005047919577919,0,1.0,74c3448f90516b6e5dbd7fab7440c84849330f151d18f04bc0ffb53cd64679f3
U,50,2026081001,static-relay,1,0.0,u-hub-3,2,25,True,True,8,0.16,625.3370290421287,0,0.8031453749863431,26,1.0,74c3448f90516b6e5dbd7fab7440c84849330f151d18f04bc0ffb53cd64679f3
U,50,2026081001,static-relay,1,0.5,u-hub-3,2,25,True,True,8,0.16,632.0663481148796,2,0.8001410830183886,19,1.0,74c3448f90516b6e5dbd7fab7440c84849330f151d18f04bc0ffb53cd64679f3
U,50,2026081001,static-relay,1,1.0,u-hub-3,2,25,True,True,8,0.16,632.0663481148796,2,0.8011151250102557,20,1.0,74c3448f90516b6e5dbd7fab7440c84849330f151d18f04bc0ffb53cd64679f3
U,50,2026081001,static-relay,1,2.0,u-hub-3,2,25,True,True,8,0.16,632.0663481148796,2,0.8000799999572337,19,1.0,74c3448f90516b6e5dbd7fab7440c84849330f151d18f04bc0ffb53cd64679f3
U,50,2026081001,static-relay,2,0.0,u-hub-3;u-hub-5,2,25,True,True,8,0.16,623.5215937222131,1,0.8016184999723919,16,1.0,74c3448f90516b6e5dbd7fab7440c84849330f151d18f04bc0ffb53cd64679f3
U,50,2026081001,static-relay,2,0.5,u-hub-3;u-hub-5,2,25,True,True,8,0.16,632.0663481148796,2,0.8000928750261664,22,1.0,74c3448f90516b6e5dbd7fab7440c84849330f151d18f04bc0ffb53cd64679f3
U,50,2026081001,static-relay,2,1.0,u-hub-3;u-hub-5,2,25,True,True,8,0.16,623.5215937222131,1,0.8036153330467641,16,1.0,74c3448f90516b6e5dbd7fab7440c84849330f151d18f04bc0ffb53cd64679f3
U,50,2026081001,static-relay,2,2.0,u-hub-3;u-hub-5,2,25,True,True,8,0.16,632.0663481148796,2,0.8057498339912854,22,1.0,74c3448f90516b6e5dbd7fab7440c84849330f151d18f04bc0ffb53cd64679f3
U,50,2026081001,static-relay,4,0.0,u-hub-3;u-hub-5;u-hub-6;u-hub-7,2,25,True,True,8,0.16,632.0663481148796,2,0.8001110409968533,13,1.0,74c3448f90516b6e5dbd7fab7440c84849330f151d18f04bc0ffb53cd64679f3
U,50,2026081001,static-relay,4,0.5,u-hub-3;u-hub-5;u-hub-6;u-hub-7,2,25,True,True,8,0.16,632.0663481148796,2,0.8005095410044305,16,1.0,74c3448f90516b6e5dbd7fab7440c84849330f151d18f04bc0ffb53cd64679f3
U,50,2026081001,static-relay,4,1.0,u-hub-3;u-hub-5;u-hub-6;u-hub-7,2,25,True,True,8,0.16,632.0663481148796,2,0.8018077499582432,15,1.0,74c3448f90516b6e5dbd7fab7440c84849330f151d18f04bc0ffb53cd64679f3
U,50,2026081001,static-relay,4,2.0,u-hub-3;u-hub-5;u-hub-6;u-hub-7,2,25,True,True,8,0.16,632.0663481148796,2,0.8009252920164727,14,1.0,74c3448f90516b6e5dbd7fab7440c84849330f151d18f04bc0ffb53cd64679f3
U,50,2026081001,static-relay,8,0.0,u-hub-3;u-hub-5;u-hub-6;u-hub-7;u-hub-8;u-hub-1;u-hub-2;u-hub-4,2,25,True,True,8,0.16,632.3337425731479,1,0.8000833329861052,6,1.0,74c3448f90516b6e5dbd7fab7440c84849330f151d18f04bc0ffb53cd64679f3
U,50,2026081001,static-relay,8,0.5,u-hub-3;u-hub-5;u-hub-6;u-hub-7;u-hub-8;u-hub-1;u-hub-2;u-hub-4,2,25,True,True,8,0.16,632.3337425731479,1,0.8184565829578787,6,1.0,74c3448f90516b6e5dbd7fab7440c84849330f151d18f04bc0ffb53cd64679f3
U,50,2026081001,static-relay,8,1.0,u-hub-3;u-hub-5;u-hub-6;u-hub-7;u-hub-8;u-hub-1;u-hub-2;u-hub-4,2,25,True,True,8,0.16,632.3337425731479,1,0.8176178329740651,6,1.0,74c3448f90516b6e5dbd7fab7440c84849330f151d18f04bc0ffb53cd64679f3
U,50,2026081001,static-relay,8,2.0,u-hub-3;u-hub-5;u-hub-6;u-hub-7;u-hub-8;u-hub-1;u-hub-2;u-hub-4,2,25,True,True,8,0.16,632.3337425731479,1,0.8000714170048013,6,1.0,74c3448f90516b6e5dbd7fab7440c84849330f151d18f04bc0ffb53cd64679f3
U,50,2026081002,baseline,0,0.0,,2,25,True,True,8,0.16,576.6317178350672,0,0.8008974580443464,0,1.0,702f09439f02d8b6019a348d49ddb7537e4219f6542b410f63135c136a7aede4
U,50,2026081002,static-relay,1,0.0,u-hub-3,2,25,True,True,8,0.16,584.4446457355868,1,0.8001237920252606,22,1.0,702f09439f02d8b6019a348d49ddb7537e4219f6542b410f63135c136a7aede4
U,50,2026081002,static-relay,1,0.5,u-hub-3,2,25,True,True,8,0.16,584.4446457355868,1,0.8018487499793991,22,1.0,702f09439f02d8b6019a348d49ddb7537e4219f6542b410f63135c136a7aede4
U,50,2026081002,static-relay,1,1.0,u-hub-3,2,25,True,True,8,0.16,584.4446457355868,1,0.8019561249529943,22,1.0,702f09439f02d8b6019a348d49ddb7537e4219f6542b410f63135c136a7aede4
U,50,2026081002,static-relay,1,2.0,u-hub-3,2,25,True,True,8,0.16,584.4446457355868,1,0.8007707499782555,22,1.0,702f09439f02d8b6019a348d49ddb7537e4219f6542b410f63135c136a7aede4
U,50,2026081002,static-relay,2,0.0,u-hub-3;u-hub-5,2,25,True,True,8,0.16,584.4446457355868,1,0.8016088340082206,14,1.0,702f09439f02d8b6019a348d49ddb7537e4219f6542b410f63135c136a7aede4
U,50,2026081002,static-relay,2,0.5,u-hub-3;u-hub-5,2,25,True,True,8,0.16,584.4446457355868,1,0.8016718750004657,14,1.0,702f09439f02d8b6019a348d49ddb7537e4219f6542b410f63135c136a7aede4
U,50,2026081002,static-relay,2,1.0,u-hub-3;u-hub-5,2,25,True,True,8,0.16,584.4446457355868,1,0.8048048749915324,14,1.0,702f09439f02d8b6019a348d49ddb7537e4219f6542b410f63135c136a7aede4
U,50,2026081002,static-relay,2,2.0,u-hub-3;u-hub-5,2,25,True,True,8,0.16,584.4446457355868,1,0.8043540000217035,14,1.0,702f09439f02d8b6019a348d49ddb7537e4219f6542b410f63135c136a7aede4
U,50,2026081002,static-relay,4,0.0,u-hub-3;u-hub-5;u-hub-6;u-hub-7,2,25,True,True,8,0.16,585.2318236707541,1,0.8068934580078349,8,1.0,702f09439f02d8b6019a348d49ddb7537e4219f6542b410f63135c136a7aede4
U,50,2026081002,static-relay,4,0.5,u-hub-3;u-hub-5;u-hub-6;u-hub-7,2,25,True,True,8,0.16,585.2318236707541,1,0.8052617919747718,8,1.0,702f09439f02d8b6019a348d49ddb7537e4219f6542b410f63135c136a7aede4
U,50,2026081002,static-relay,4,1.0,u-hub-3;u-hub-5;u-hub-6;u-hub-7,2,25,True,True,8,0.16,585.2318236707541,1,0.8064023749902844,8,1.0,702f09439f02d8b6019a348d49ddb7537e4219f6542b410f63135c136a7aede4
U,50,2026081002,static-relay,4,2.0,u-hub-3;u-hub-5;u-hub-6;u-hub-7,2,25,True,True,8,0.16,585.2318236707541,1,0.8050006249686703,8,1.0,702f09439f02d8b6019a348d49ddb7537e4219f6542b410f63135c136a7aede4
U,50,2026081002,static-relay,8,0.0,u-hub-3;u-hub-5;u-hub-6;u-hub-7;u-hub-8;u-hub-1;u-hub-2;u-hub-4,2,25,True,True,8,0.16,588.3036268693129,0,0.8072519999695942,4,1.0,702f09439f02d8b6019a348d49ddb7537e4219f6542b410f63135c136a7aede4
U,50,2026081002,static-relay,8,0.5,u-hub-3;u-hub-5;u-hub-6;u-hub-7;u-hub-8;u-hub-1;u-hub-2;u-hub-4,2,25,True,True,8,0.16,588.3036268693129,0,0.8037603750126436,4,1.0,702f09439f02d8b6019a348d49ddb7537e4219f6542b410f63135c136a7aede4
U,50,2026081002,static-relay,8,1.0,u-hub-3;u-hub-5;u-hub-6;u-hub-7;u-hub-8;u-hub-1;u-hub-2;u-hub-4,2,25,True,True,8,0.16,588.3036268693129,0,0.8006086660316214,4,1.0,702f09439f02d8b6019a348d49ddb7537e4219f6542b410f63135c136a7aede4
U,50,2026081002,static-relay,8,2.0,u-hub-3;u-hub-5;u-hub-6;u-hub-7;u-hub-8;u-hub-1;u-hub-2;u-hub-4,2,25,True,True,8,0.16,588.3036268693129,0,0.8175705420435406,4,1.0,702f09439f02d8b6019a348d49ddb7537e4219f6542b410f63135c136a7aede4
U,50,2026081003,baseline,0,0.0,,2,25,True,True,10,0.2,465.51492430935605,0,0.8006520419730805,0,1.0,2f605f3df575bb645cd5273d9cc223c5cb106d0bc0abf49eda46b43bb8927c5e
U,50,2026081003,static-relay,1,0.0,u-hub-3,2,25,True,True,9,0.18,483.5836386817448,0,0.8012788749765605,17,1.0,2f605f3df575bb645cd5273d9cc223c5cb106d0bc0abf49eda46b43bb8927c5e
U,50,2026081003,static-relay,1,0.5,u-hub-3,2,25,True,True,9,0.18,483.5836386817448,0,0.8027135420124978,18,1.0,2f605f3df575bb645cd5273d9cc223c5cb106d0bc0abf49eda46b43bb8927c5e
U,50,2026081003,static-relay,1,1.0,u-hub-3,2,25,True,True,9,0.18,483.5836386817448,0,0.800035833963193,18,1.0,2f605f3df575bb645cd5273d9cc223c5cb106d0bc0abf49eda46b43bb8927c5e
U,50,2026081003,static-relay,1,2.0,u-hub-3,2,25,True,True,9,0.18,483.5836386817448,0,0.8015879589947872,17,1.0,2f605f3df575bb645cd5273d9cc223c5cb106d0bc0abf49eda46b43bb8927c5e
U,50,2026081003,static-relay,2,0.0,u-hub-3;u-hub-5,2,25,True,True,9,0.18,485.3875593788631,0,0.8021938329911791,13,1.0,2f605f3df575bb645cd5273d9cc223c5cb106d0bc0abf49eda46b43bb8927c5e
U,50,2026081003,static-relay,2,0.5,u-hub-3;u-hub-5,2,25,True,True,9,0.18,485.3875593788631,0,0.8015340000274591,13,1.0,2f605f3df575bb645cd5273d9cc223c5cb106d0bc0abf49eda46b43bb8927c5e
U,50,2026081003,static-relay,2,1.0,u-hub-3;u-hub-5,2,25,True,True,9,0.18,485.3875593788631,0,0.8029426669818349,13,1.0,2f605f3df575bb645cd5273d9cc223c5cb106d0bc0abf49eda46b43bb8927c5e
U,50,2026081003,static-relay,2,2.0,u-hub-3;u-hub-5,2,25,True,True,9,0.18,485.3875593788631,0,0.8056438330095261,13,1.0,2f605f3df575bb645cd5273d9cc223c5cb106d0bc0abf49eda46b43bb8927c5e
U,50,2026081003,static-relay,4,0.0,u-hub-3;u-hub-5;u-hub-6;u-hub-7,2,25,True,True,9,0.18,485.3875593788631,0,0.8098321669967845,4,1.0,2f605f3df575bb645cd5273d9cc223c5cb106d0bc0abf49eda46b43bb8927c5e
U,50,2026081003,static-relay,4,0.5,u-hub-3;u-hub-5;u-hub-6;u-hub-7,2,25,True,True,9,0.18,485.3875593788631,0,0.8045249169808812,4,1.0,2f605f3df575bb645cd5273d9cc223c5cb106d0bc0abf49eda46b43bb8927c5e
U,50,2026081003,static-relay,4,1.0,u-hub-3;u-hub-5;u-hub-6;u-hub-7,2,25,True,True,9,0.18,485.3875593788631,0,0.8074093339964747,4,1.0,2f605f3df575bb645cd5273d9cc223c5cb106d0bc0abf49eda46b43bb8927c5e
U,50,2026081003,static-relay,4,2.0,u-hub-3;u-hub-5;u-hub-6;u-hub-7,2,25,True,True,9,0.18,485.3875593788631,0,0.8083403329947032,4,1.0,2f605f3df575bb645cd5273d9cc223c5cb106d0bc0abf49eda46b43bb8927c5e
U,50,2026081003,static-relay,8,0.0,u-hub-3;u-hub-5;u-hub-6;u-hub-7;u-hub-8;u-hub-1;u-hub-2;u-hub-4,2,25,True,True,9,0.18,481.43311871463857,1,0.8133343340014108,6,1.0,2f605f3df575bb645cd5273d9cc223c5cb106d0bc0abf49eda46b43bb8927c5e
U,50,2026081003,static-relay,8,0.5,u-hub-3;u-hub-5;u-hub-6;u-hub-7;u-hub-8;u-hub-1;u-hub-2;u-hub-4,2,25,True,True,9,0.18,481.43311871463857,1,0.8185835420154035,6,1.0,2f605f3df575bb645cd5273d9cc223c5cb106d0bc0abf49eda46b43bb8927c5e
U,50,2026081003,static-relay,8,1.0,u-hub-3;u-hub-5;u-hub-6;u-hub-7;u-hub-8;u-hub-1;u-hub-2;u-hub-4,2,25,True,True,9,0.18,481.43311871463857,1,0.8111563750426285,6,1.0,2f605f3df575bb645cd5273d9cc223c5cb106d0bc0abf49eda46b43bb8927c5e
U,50,2026081003,static-relay,8,2.0,u-hub-3;u-hub-5;u-hub-6;u-hub-7;u-hub-8;u-hub-1;u-hub-2;u-hub-4,2,25,True,True,9,0.18,481.43311871463857,1,0.8100434999796562,6,1.0,2f605f3df575bb645cd5273d9cc223c5cb106d0bc0abf49eda46b43bb8927c5e
U,50,2026081004,baseline,0,0.0,,2,25,True,True,12,0.24,506.0299706497886,0,0.8008688329719007,0,1.0,2c1bcf82cb550121ba4729ef044bdb3ad0d504607b64c8fecf51d4541ef38d6f
U,50,2026081004,static-relay,1,0.0,u-hub-3,2,25,True,True,8,0.16,542.1489420237114,2,0.8018219170044176,25,1.0,2c1bcf82cb550121ba4729ef044bdb3ad0d504607b64c8fecf51d4541ef38d6f
U,50,2026081004,static-relay,1,0.5,u-hub-3,2,25,True,True,8,0.16,542.1489420237114,2,0.800095250015147,26,1.0,2c1bcf82cb550121ba4729ef044bdb3ad0d504607b64c8fecf51d4541ef38d6f
U,50,2026081004,static-relay,1,1.0,u-hub-3,2,25,True,True,8,0.16,542.1489420237114,2,0.8002696660114452,25,1.0,2c1bcf82cb550121ba4729ef044bdb3ad0d504607b64c8fecf51d4541ef38d6f
U,50,2026081004,static-relay,1,2.0,u-hub-3,2,25,True,True,8,0.16,542.1489420237114,2,0.8001393330050632,25,1.0,2c1bcf82cb550121ba4729ef044bdb3ad0d504607b64c8fecf51d4541ef38d6f
U,50,2026081004,static-relay,2,0.0,u-hub-3;u-hub-5,2,25,True,True,8,0.16,542.0330988527205,2,0.8011986670317128,20,1.0,2c1bcf82cb550121ba4729ef044bdb3ad0d504607b64c8fecf51d4541ef38d6f
U,50,2026081004,static-relay,2,0.5,u-hub-3;u-hub-5,2,25,True,True,8,0.16,542.0330988527205,2,0.8048302080132999,20,1.0,2c1bcf82cb550121ba4729ef044bdb3ad0d504607b64c8fecf51d4541ef38d6f
U,50,2026081004,static-relay,2,1.0,u-hub-3;u-hub-5,2,25,True,True,8,0.16,542.0330988527205,2,0.802866708021611,20,1.0,2c1bcf82cb550121ba4729ef044bdb3ad0d504607b64c8fecf51d4541ef38d6f
U,50,2026081004,static-relay,2,2.0,u-hub-3;u-hub-5,2,25,True,True,8,0.16,542.0330988527205,2,0.801973249996081,20,1.0,2c1bcf82cb550121ba4729ef044bdb3ad0d504607b64c8fecf51d4541ef38d6f
U,50,2026081004,static-relay,4,0.0,u-hub-3;u-hub-5;u-hub-6;u-hub-7,2,25,True,True,8,0.16,542.0330988527205,2,0.8054484169697389,16,1.0,2c1bcf82cb550121ba4729ef044bdb3ad0d504607b64c8fecf51d4541ef38d6f
U,50,2026081004,static-relay,4,0.5,u-hub-3;u-hub-5;u-hub-6;u-hub-7,2,25,True,True,8,0.16,542.0330988527205,2,0.807828166987747,16,1.0,2c1bcf82cb550121ba4729ef044bdb3ad0d504607b64c8fecf51d4541ef38d6f
U,50,2026081004,static-relay,4,1.0,u-hub-3;u-hub-5;u-hub-6;u-hub-7,2,25,True,True,8,0.16,542.0330988527205,2,0.8072050830232911,16,1.0,2c1bcf82cb550121ba4729ef044bdb3ad0d504607b64c8fecf51d4541ef38d6f
U,50,2026081004,static-relay,4,2.0,u-hub-3;u-hub-5;u-hub-6;u-hub-7,2,25,True,True,8,0.16,542.0330988527205,2,0.8009636669885367,16,1.0,2c1bcf82cb550121ba4729ef044bdb3ad0d504607b64c8fecf51d4541ef38d6f
U,50,2026081004,static-relay,8,0.0,u-hub-3;u-hub-5;u-hub-6;u-hub-7;u-hub-8;u-hub-1;u-hub-2;u-hub-4,2,25,True,True,8,0.16,542.5588052963733,1,0.8164311670116149,12,1.0,2c1bcf82cb550121ba4729ef044bdb3ad0d504607b64c8fecf51d4541ef38d6f
U,50,2026081004,static-relay,8,0.5,u-hub-3;u-hub-5;u-hub-6;u-hub-7;u-hub-8;u-hub-1;u-hub-2;u-hub-4,2,25,True,True,8,0.16,542.5588052963733,1,0.8110031250398606,12,1.0,2c1bcf82cb550121ba4729ef044bdb3ad0d504607b64c8fecf51d4541ef38d6f
U,50,2026081004,static-relay,8,1.0,u-hub-3;u-hub-5;u-hub-6;u-hub-7;u-hub-8;u-hub-1;u-hub-2;u-hub-4,2,25,True,True,8,0.16,542.5588052963733,1,0.8182234999840148,12,1.0,2c1bcf82cb550121ba4729ef044bdb3ad0d504607b64c8fecf51d4541ef38d6f
U,50,2026081004,static-relay,8,2.0,u-hub-3;u-hub-5;u-hub-6;u-hub-7;u-hub-8;u-hub-1;u-hub-2;u-hub-4,2,25,True,True,8,0.16,542.5588052963733,1,0.8128817919641733,12,1.0,2c1bcf82cb550121ba4729ef044bdb3ad0d504607b64c8fecf51d4541ef38d6f
U,50,2026081005,baseline,0,0.0,,2,25,True,True,9,0.18,556.5378325563635,0,0.8004267500364222,0,1.0,608cec0dac2f663993b043b45a66639417c3b335a64b446f859542ae7456a1f3
U,50,2026081005,static-relay,1,0.0,u-hub-3,2,25,True,True,9,0.18,556.5378325563635,0,0.8023934999946505,22,1.0,608cec0dac2f663993b043b45a66639417c3b335a64b446f859542ae7456a1f3
U,50,2026081005,static-relay,1,0.5,u-hub-3,2,25,True,True,9,0.18,556.5378325563635,0,0.8001854160102084,22,1.0,608cec0dac2f663993b043b45a66639417c3b335a64b446f859542ae7456a1f3
U,50,2026081005,static-relay,1,1.0,u-hub-3,2,25,True,True,9,0.18,556.5378325563635,0,0.8014749589492567,22,1.0,608cec0dac2f663993b043b45a66639417c3b335a64b446f859542ae7456a1f3
U,50,2026081005,static-relay,1,2.0,u-hub-3,2,25,True,True,9,0.18,556.5378325563635,0,0.8024838750134222,21,1.0,608cec0dac2f663993b043b45a66639417c3b335a64b446f859542ae7456a1f3
U,50,2026081005,static-relay,2,0.0,u-hub-3;u-hub-5,2,25,True,True,9,0.18,555.572284438844,0,0.8046330000506714,14,1.0,608cec0dac2f663993b043b45a66639417c3b335a64b446f859542ae7456a1f3
U,50,2026081005,static-relay,2,0.5,u-hub-3;u-hub-5,2,25,True,True,9,0.18,555.572284438844,0,0.8051754170446657,13,1.0,608cec0dac2f663993b043b45a66639417c3b335a64b446f859542ae7456a1f3
U,50,2026081005,static-relay,2,1.0,u-hub-3;u-hub-5,2,25,True,True,9,0.18,555.572284438844,0,0.8040451669949107,14,1.0,608cec0dac2f663993b043b45a66639417c3b335a64b446f859542ae7456a1f3
U,50,2026081005,static-relay,2,2.0,u-hub-3;u-hub-5,2,25,True,True,9,0.18,555.572284438844,0,0.8028870830312371,14,1.0,608cec0dac2f663993b043b45a66639417c3b335a64b446f859542ae7456a1f3
U,50,2026081005,static-relay,4,0.0,u-hub-3;u-hub-5;u-hub-6;u-hub-7,2,25,True,True,9,0.18,556.0855097654951,1,0.8001412500161678,10,1.0,608cec0dac2f663993b043b45a66639417c3b335a64b446f859542ae7456a1f3
U,50,2026081005,static-relay,4,0.5,u-hub-3;u-hub-5;u-hub-6;u-hub-7,2,25,True,True,9,0.18,556.0855097654951,1,0.8033395829843357,10,1.0,608cec0dac2f663993b043b45a66639417c3b335a64b446f859542ae7456a1f3
U,50,2026081005,static-relay,4,1.0,u-hub-3;u-hub-5;u-hub-6;u-hub-7,2,25,True,True,9,0.18,556.0855097654951,1,0.8082646659458987,10,1.0,608cec0dac2f663993b043b45a66639417c3b335a64b446f859542ae7456a1f3
U,50,2026081005,static-relay,4,2.0,u-hub-3;u-hub-5;u-hub-6;u-hub-7,2,25,True,True,9,0.18,556.0855097654951,1,0.8020793750183657,10,1.0,608cec0dac2f663993b043b45a66639417c3b335a64b446f859542ae7456a1f3
U,50,2026081005,static-relay,8,0.0,u-hub-3;u-hub-5;u-hub-6;u-hub-7;u-hub-8;u-hub-1;u-hub-2;u-hub-4,2,25,True,True,9,0.18,553.1711908151351,1,0.8173585830372758,3,1.0,608cec0dac2f663993b043b45a66639417c3b335a64b446f859542ae7456a1f3
U,50,2026081005,static-relay,8,0.5,u-hub-3;u-hub-5;u-hub-6;u-hub-7;u-hub-8;u-hub-1;u-hub-2;u-hub-4,2,25,True,True,9,0.18,553.1711908151351,1,0.8089887500391342,3,1.0,608cec0dac2f663993b043b45a66639417c3b335a64b446f859542ae7456a1f3
U,50,2026081005,static-relay,8,1.0,u-hub-3;u-hub-5;u-hub-6;u-hub-7;u-hub-8;u-hub-1;u-hub-2;u-hub-4,2,25,True,True,9,0.18,553.1711908151351,1,0.8014962919987738,3,1.0,608cec0dac2f663993b043b45a66639417c3b335a64b446f859542ae7456a1f3
U,50,2026081005,static-relay,8,2.0,u-hub-3;u-hub-5;u-hub-6;u-hub-7;u-hub-8;u-hub-1;u-hub-2;u-hub-4,2,25,True,True,9,0.18,553.1711908151351,1,0.8170237079611979,3,1.0,608cec0dac2f663993b043b45a66639417c3b335a64b446f859542ae7456a1f3
U,50,2026081006,baseline,0,0.0,,2,25,True,True,9,0.18,500.1569417034663,0,0.8248171249870211,0,1.0,6ed870802c1a982aaedf931b3a43e6450210caf545d9678bac7a344a08477002
U,50,2026081006,static-relay,1,0.0,u-hub-3,2,25,True,True,9,0.18,533.8842727638697,0,0.8000236250227317,17,1.0,6ed870802c1a982aaedf931b3a43e6450210caf545d9678bac7a344a08477002
U,50,2026081006,static-relay,1,0.5,u-hub-3,2,25,True,True,9,0.18,533.8842727638697,0,0.8014428750029765,17,1.0,6ed870802c1a982aaedf931b3a43e6450210caf545d9678bac7a344a08477002
U,50,2026081006,static-relay,1,1.0,u-hub-3,2,25,True,True,9,0.18,533.8842727638697,0,0.802136457990855,17,1.0,6ed870802c1a982aaedf931b3a43e6450210caf545d9678bac7a344a08477002
U,50,2026081006,static-relay,1,2.0,u-hub-3,2,25,True,True,9,0.18,533.8842727638697,0,0.8014106249902397,17,1.0,6ed870802c1a982aaedf931b3a43e6450210caf545d9678bac7a344a08477002
U,50,2026081006,static-relay,2,0.0,u-hub-3;u-hub-5,2,25,True,True,9,0.18,533.8842727638697,0,0.8023443749989383,16,1.0,6ed870802c1a982aaedf931b3a43e6450210caf545d9678bac7a344a08477002
U,50,2026081006,static-relay,2,0.5,u-hub-3;u-hub-5,2,25,True,True,9,0.18,533.8842727638697,0,0.8045186660019681,16,1.0,6ed870802c1a982aaedf931b3a43e6450210caf545d9678bac7a344a08477002
U,50,2026081006,static-relay,2,1.0,u-hub-3;u-hub-5,2,25,True,True,9,0.18,533.8842727638697,0,0.8025072499876842,14,1.0,6ed870802c1a982aaedf931b3a43e6450210caf545d9678bac7a344a08477002
U,50,2026081006,static-relay,2,2.0,u-hub-3;u-hub-5,2,25,True,True,9,0.18,533.8842727638697,0,0.8012894580024295,16,1.0,6ed870802c1a982aaedf931b3a43e6450210caf545d9678bac7a344a08477002
U,50,2026081006,static-relay,4,0.0,u-hub-3;u-hub-5;u-hub-6;u-hub-7,2,25,True,True,9,0.18,533.8842727638697,0,0.8094398750108667,9,1.0,6ed870802c1a982aaedf931b3a43e6450210caf545d9678bac7a344a08477002
U,50,2026081006,static-relay,4,0.5,u-hub-3;u-hub-5;u-hub-6;u-hub-7,2,25,True,True,9,0.18,533.8842727638697,0,0.8078377500060014,9,1.0,6ed870802c1a982aaedf931b3a43e6450210caf545d9678bac7a344a08477002
U,50,2026081006,static-relay,4,1.0,u-hub-3;u-hub-5;u-hub-6;u-hub-7,2,25,True,True,9,0.18,533.8842727638697,0,0.8001859170035459,9,1.0,6ed870802c1a982aaedf931b3a43e6450210caf545d9678bac7a344a08477002
U,50,2026081006,static-relay,4,2.0,u-hub-3;u-hub-5;u-hub-6;u-hub-7,2,25,True,True,9,0.18,533.8842727638697,0,0.8071512500173412,9,1.0,6ed870802c1a982aaedf931b3a43e6450210caf545d9678bac7a344a08477002
U,50,2026081006,static-relay,8,0.0,u-hub-3;u-hub-5;u-hub-6;u-hub-7;u-hub-8;u-hub-1;u-hub-2;u-hub-4,2,25,True,True,9,0.18,533.4679355074193,0,0.8001159999985248,4,1.0,6ed870802c1a982aaedf931b3a43e6450210caf545d9678bac7a344a08477002
U,50,2026081006,static-relay,8,0.5,u-hub-3;u-hub-5;u-hub-6;u-hub-7;u-hub-8;u-hub-1;u-hub-2;u-hub-4,2,25,True,True,9,0.18,533.4679355074193,0,0.8193810840020888,4,1.0,6ed870802c1a982aaedf931b3a43e6450210caf545d9678bac7a344a08477002
U,50,2026081006,static-relay,8,1.0,u-hub-3;u-hub-5;u-hub-6;u-hub-7;u-hub-8;u-hub-1;u-hub-2;u-hub-4,2,25,True,True,9,0.18,533.4679355074193,0,0.8172544590197504,4,1.0,6ed870802c1a982aaedf931b3a43e6450210caf545d9678bac7a344a08477002
U,50,2026081006,static-relay,8,2.0,u-hub-3;u-hub-5;u-hub-6;u-hub-7;u-hub-8;u-hub-1;u-hub-2;u-hub-4,2,25,True,True,9,0.18,533.4679355074193,0,0.800045499985572,4,1.0,6ed870802c1a982aaedf931b3a43e6450210caf545d9678bac7a344a08477002
U,50,2026081007,baseline,0,0.0,,2,25,True,True,7,0.14,578.7728702099503,0,0.8006283330032602,0,1.0,5133bd99900b19e78c21e3fcc9ed0fa8410c4a5866fd28aed9a071e9f4fc34fc
U,50,2026081007,static-relay,1,0.0,u-hub-3,2,25,True,True,7,0.14,578.7728702099503,0,0.801987457962241,17,1.0,5133bd99900b19e78c21e3fcc9ed0fa8410c4a5866fd28aed9a071e9f4fc34fc
U,50,2026081007,static-relay,1,0.5,u-hub-3,2,25,True,True,7,0.14,578.7728702099503,0,0.8016887500416487,17,1.0,5133bd99900b19e78c21e3fcc9ed0fa8410c4a5866fd28aed9a071e9f4fc34fc
U,50,2026081007,static-relay,1,1.0,u-hub-3,2,25,True,True,7,0.14,578.7728702099503,0,0.800080832967069,17,1.0,5133bd99900b19e78c21e3fcc9ed0fa8410c4a5866fd28aed9a071e9f4fc34fc
U,50,2026081007,static-relay,1,2.0,u-hub-3,2,25,True,True,7,0.14,578.7728702099503,0,0.8022450410062447,17,1.0,5133bd99900b19e78c21e3fcc9ed0fa8410c4a5866fd28aed9a071e9f4fc34fc
U,50,2026081007,static-relay,2,0.0,u-hub-3;u-hub-5,2,25,True,True,7,0.14,578.7728702099503,0,0.8049480830086395,11,1.0,5133bd99900b19e78c21e3fcc9ed0fa8410c4a5866fd28aed9a071e9f4fc34fc
U,50,2026081007,static-relay,2,0.5,u-hub-3;u-hub-5,2,25,True,True,7,0.14,578.7728702099503,0,0.8018985419766977,11,1.0,5133bd99900b19e78c21e3fcc9ed0fa8410c4a5866fd28aed9a071e9f4fc34fc
U,50,2026081007,static-relay,2,1.0,u-hub-3;u-hub-5,2,25,True,True,7,0.14,578.7728702099503,0,0.8011652080458589,11,1.0,5133bd99900b19e78c21e3fcc9ed0fa8410c4a5866fd28aed9a071e9f4fc34fc
U,50,2026081007,static-relay,2,2.0,u-hub-3;u-hub-5,2,25,True,True,7,0.14,578.7728702099503,0,0.8002297079656273,11,1.0,5133bd99900b19e78c21e3fcc9ed0fa8410c4a5866fd28aed9a071e9f4fc34fc
U,50,2026081007,static-relay,4,0.0,u-hub-3;u-hub-5;u-hub-6;u-hub-7,2,25,True,True,7,0.14,578.7728702099503,0,0.8099329590331763,4,1.0,5133bd99900b19e78c21e3fcc9ed0fa8410c4a5866fd28aed9a071e9f4fc34fc
U,50,2026081007,static-relay,4,0.5,u-hub-3;u-hub-5;u-hub-6;u-hub-7,2,25,True,True,7,0.14,578.7728702099503,0,0.8017459159600548,5,1.0,5133bd99900b19e78c21e3fcc9ed0fa8410c4a5866fd28aed9a071e9f4fc34fc
U,50,2026081007,static-relay,4,1.0,u-hub-3;u-hub-5;u-hub-6;u-hub-7,2,25,True,True,7,0.14,578.7728702099503,0,0.8022236250108108,5,1.0,5133bd99900b19e78c21e3fcc9ed0fa8410c4a5866fd28aed9a071e9f4fc34fc
U,50,2026081007,static-relay,4,2.0,u-hub-3;u-hub-5;u-hub-6;u-hub-7,2,25,True,True,7,0.14,578.7728702099503,0,0.8025401660124771,5,1.0,5133bd99900b19e78c21e3fcc9ed0fa8410c4a5866fd28aed9a071e9f4fc34fc
U,50,2026081007,static-relay,8,0.0,u-hub-3;u-hub-5;u-hub-6;u-hub-7;u-hub-8;u-hub-1;u-hub-2;u-hub-4,2,25,True,True,7,0.14,578.7728702099503,0,0.8084087499883026,2,1.0,5133bd99900b19e78c21e3fcc9ed0fa8410c4a5866fd28aed9a071e9f4fc34fc
U,50,2026081007,static-relay,8,0.5,u-hub-3;u-hub-5;u-hub-6;u-hub-7;u-hub-8;u-hub-1;u-hub-2;u-hub-4,2,25,True,True,7,0.14,578.7728702099503,0,0.8134528750088066,2,1.0,5133bd99900b19e78c21e3fcc9ed0fa8410c4a5866fd28aed9a071e9f4fc34fc
U,50,2026081007,static-relay,8,1.0,u-hub-3;u-hub-5;u-hub-6;u-hub-7;u-hub-8;u-hub-1;u-hub-2;u-hub-4,2,25,True,True,7,0.14,578.7728702099503,0,0.809283249953296,2,1.0,5133bd99900b19e78c21e3fcc9ed0fa8410c4a5866fd28aed9a071e9f4fc34fc
U,50,2026081007,static-relay,8,2.0,u-hub-3;u-hub-5;u-hub-6;u-hub-7;u-hub-8;u-hub-1;u-hub-2;u-hub-4,2,25,True,True,7,0.14,578.7728702099503,0,0.8162485000211746,2,1.0,5133bd99900b19e78c21e3fcc9ed0fa8410c4a5866fd28aed9a071e9f4fc34fc
U,50,2026081008,baseline,0,0.0,,2,25,True,True,11,0.22,520.6907786400453,0,0.8009223749977536,0,1.0,7bdf5fff280fb2ba1dc41e7414d89d0ae65f303de3c4ea689caae790264ac6a6
U,50,2026081008,static-relay,1,0.0,u-hub-3,2,25,True,True,10,0.2,528.6864443730002,3,0.8027105839573778,16,1.0,7bdf5fff280fb2ba1dc41e7414d89d0ae65f303de3c4ea689caae790264ac6a6
U,50,2026081008,static-relay,1,0.5,u-hub-3,2,25,True,True,10,0.2,528.6864443730002,3,0.8001250420347787,15,1.0,7bdf5fff280fb2ba1dc41e7414d89d0ae65f303de3c4ea689caae790264ac6a6
U,50,2026081008,static-relay,1,1.0,u-hub-3,2,25,True,True,10,0.2,528.6864443730002,3,0.8032203750335611,16,1.0,7bdf5fff280fb2ba1dc41e7414d89d0ae65f303de3c4ea689caae790264ac6a6
U,50,2026081008,static-relay,1,2.0,u-hub-3,2,25,True,True,10,0.2,528.6864443730002,3,0.8026460409746505,16,1.0,7bdf5fff280fb2ba1dc41e7414d89d0ae65f303de3c4ea689caae790264ac6a6
U,50,2026081008,static-relay,2,0.0,u-hub-3;u-hub-5,2,25,True,True,10,0.2,535.3134272663441,0,0.803879417013377,10,1.0,7bdf5fff280fb2ba1dc41e7414d89d0ae65f303de3c4ea689caae790264ac6a6
U,50,2026081008,static-relay,2,0.5,u-hub-3;u-hub-5,2,25,True,True,10,0.2,535.3134272663441,0,0.8021392080117948,10,1.0,7bdf5fff280fb2ba1dc41e7414d89d0ae65f303de3c4ea689caae790264ac6a6
U,50,2026081008,static-relay,2,1.0,u-hub-3;u-hub-5,2,25,True,True,10,0.2,535.3134272663441,0,0.8016586669837125,10,1.0,7bdf5fff280fb2ba1dc41e7414d89d0ae65f303de3c4ea689caae790264ac6a6
U,50,2026081008,static-relay,2,2.0,u-hub-3;u-hub-5,2,25,True,True,10,0.2,535.3134272663441,0,0.8013766669901088,10,1.0,7bdf5fff280fb2ba1dc41e7414d89d0ae65f303de3c4ea689caae790264ac6a6
U,50,2026081008,static-relay,4,0.0,u-hub-3;u-hub-5;u-hub-6;u-hub-7,2,25,True,True,10,0.2,537.4201673769587,1,0.8049367499770597,5,1.0,7bdf5fff280fb2ba1dc41e7414d89d0ae65f303de3c4ea689caae790264ac6a6
U,50,2026081008,static-relay,4,0.5,u-hub-3;u-hub-5;u-hub-6;u-hub-7,2,25,True,True,10,0.2,535.3134272663441,0,0.8099113749922253,4,1.0,7bdf5fff280fb2ba1dc41e7414d89d0ae65f303de3c4ea689caae790264ac6a6
U,50,2026081008,static-relay,4,1.0,u-hub-3;u-hub-5;u-hub-6;u-hub-7,2,25,True,True,10,0.2,535.3134272663441,0,0.8096063330303878,4,1.0,7bdf5fff280fb2ba1dc41e7414d89d0ae65f303de3c4ea689caae790264ac6a6
U,50,2026081008,static-relay,4,2.0,u-hub-3;u-hub-5;u-hub-6;u-hub-7,2,25,True,True,10,0.2,535.3134272663441,0,0.8020548750064336,4,1.0,7bdf5fff280fb2ba1dc41e7414d89d0ae65f303de3c4ea689caae790264ac6a6
U,50,2026081008,static-relay,8,0.0,u-hub-3;u-hub-5;u-hub-6;u-hub-7;u-hub-8;u-hub-1;u-hub-2;u-hub-4,2,25,True,True,10,0.2,534.7506646250774,1,0.8161628340021707,3,1.0,7bdf5fff280fb2ba1dc41e7414d89d0ae65f303de3c4ea689caae790264ac6a6
U,50,2026081008,static-relay,8,0.5,u-hub-3;u-hub-5;u-hub-6;u-hub-7;u-hub-8;u-hub-1;u-hub-2;u-hub-4,2,25,True,True,10,0.2,537.0149479868489,1,0.823584874975495,3,1.0,7bdf5fff280fb2ba1dc41e7414d89d0ae65f303de3c4ea689caae790264ac6a6
U,50,2026081008,static-relay,8,1.0,u-hub-3;u-hub-5;u-hub-6;u-hub-7;u-hub-8;u-hub-1;u-hub-2;u-hub-4,2,25,True,True,10,0.2,547.9446521287548,0,0.8016334170242772,2,1.0,7bdf5fff280fb2ba1dc41e7414d89d0ae65f303de3c4ea689caae790264ac6a6
U,50,2026081008,static-relay,8,2.0,u-hub-3;u-hub-5;u-hub-6;u-hub-7;u-hub-8;u-hub-1;u-hub-2;u-hub-4,2,25,True,True,10,0.2,547.9446521287548,0,0.8145557920215651,2,1.0,7bdf5fff280fb2ba1dc41e7414d89d0ae65f303de3c4ea689caae790264ac6a6
U,50,2026081009,baseline,0,0.0,,2,25,True,True,8,0.16,601.0156013652022,0,0.8011731669539586,0,1.0,3f40b78cb98f720cd78949b540acc8013294bae634f466beeba2b44463e337a0
U,50,2026081009,static-relay,1,0.0,u-hub-3,2,25,True,True,8,0.16,599.9163647697236,1,0.8006117499899119,25,1.0,3f40b78cb98f720cd78949b540acc8013294bae634f466beeba2b44463e337a0
U,50,2026081009,static-relay,1,0.5,u-hub-3,2,25,True,True,8,0.16,599.9163647697236,1,0.8024289580062032,26,1.0,3f40b78cb98f720cd78949b540acc8013294bae634f466beeba2b44463e337a0
U,50,2026081009,static-relay,1,1.0,u-hub-3,2,25,True,True,8,0.16,599.9163647697236,1,0.8023002090048976,27,1.0,3f40b78cb98f720cd78949b540acc8013294bae634f466beeba2b44463e337a0
U,50,2026081009,static-relay,1,2.0,u-hub-3,2,25,True,True,8,0.16,599.9163647697236,1,0.8018901660107076,26,1.0,3f40b78cb98f720cd78949b540acc8013294bae634f466beeba2b44463e337a0
U,50,2026081009,static-relay,2,0.0,u-hub-3;u-hub-5,2,25,True,True,8,0.16,602.5448461734741,1,0.8013170420308597,16,1.0,3f40b78cb98f720cd78949b540acc8013294bae634f466beeba2b44463e337a0
U,50,2026081009,static-relay,2,0.5,u-hub-3;u-hub-5,2,25,True,True,8,0.16,602.5448461734741,1,0.8017843749839813,16,1.0,3f40b78cb98f720cd78949b540acc8013294bae634f466beeba2b44463e337a0
U,50,2026081009,static-relay,2,1.0,u-hub-3;u-hub-5,2,25,True,True,8,0.16,614.2575491892852,0,0.8034174590138718,13,1.0,3f40b78cb98f720cd78949b540acc8013294bae634f466beeba2b44463e337a0
U,50,2026081009,static-relay,2,2.0,u-hub-3;u-hub-5,2,25,True,True,8,0.16,602.5448461734741,1,0.8001250000088476,16,1.0,3f40b78cb98f720cd78949b540acc8013294bae634f466beeba2b44463e337a0
U,50,2026081009,static-relay,4,0.0,u-hub-3;u-hub-5;u-hub-6;u-hub-7,2,25,True,True,8,0.16,600.0409951449259,1,0.80882258299971,8,1.0,3f40b78cb98f720cd78949b540acc8013294bae634f466beeba2b44463e337a0
U,50,2026081009,static-relay,4,0.5,u-hub-3;u-hub-5;u-hub-6;u-hub-7,2,25,True,True,8,0.16,599.9163647697236,1,0.8000780410366133,8,1.0,3f40b78cb98f720cd78949b540acc8013294bae634f466beeba2b44463e337a0
U,50,2026081009,static-relay,4,1.0,u-hub-3;u-hub-5;u-hub-6;u-hub-7,2,25,True,True,8,0.16,599.9163647697236,1,0.8014315830077976,8,1.0,3f40b78cb98f720cd78949b540acc8013294bae634f466beeba2b44463e337a0
U,50,2026081009,static-relay,4,2.0,u-hub-3;u-hub-5;u-hub-6;u-hub-7,2,25,True,True,8,0.16,599.9163647697236,1,0.8002762079704553,8,1.0,3f40b78cb98f720cd78949b540acc8013294bae634f466beeba2b44463e337a0
U,50,2026081009,static-relay,8,0.0,u-hub-3;u-hub-5;u-hub-6;u-hub-7;u-hub-8;u-hub-1;u-hub-2;u-hub-4,2,25,True,True,8,0.16,599.7249414897021,1,0.8209672090015374,3,1.0,3f40b78cb98f720cd78949b540acc8013294bae634f466beeba2b44463e337a0
U,50,2026081009,static-relay,8,0.5,u-hub-3;u-hub-5;u-hub-6;u-hub-7;u-hub-8;u-hub-1;u-hub-2;u-hub-4,2,25,True,True,8,0.16,599.7249414897021,1,0.8235154169960879,3,1.0,3f40b78cb98f720cd78949b540acc8013294bae634f466beeba2b44463e337a0
U,50,2026081009,static-relay,8,1.0,u-hub-3;u-hub-5;u-hub-6;u-hub-7;u-hub-8;u-hub-1;u-hub-2;u-hub-4,2,25,True,True,8,0.16,599.7249414897021,1,0.8222371250158176,3,1.0,3f40b78cb98f720cd78949b540acc8013294bae634f466beeba2b44463e337a0
U,50,2026081009,static-relay,8,2.0,u-hub-3;u-hub-5;u-hub-6;u-hub-7;u-hub-8;u-hub-1;u-hub-2;u-hub-4,2,25,True,True,8,0.16,599.7249414897021,1,0.8240078749950044,3,1.0,3f40b78cb98f720cd78949b540acc8013294bae634f466beeba2b44463e337a0
G,50,2026081000,baseline,0,0.0,,2,25,True,True,4,0.08,1125.86898113719,0,0.8008508330094628,0,1.0,97bd8c0751a9c797ad6c3a2a7a7699bda88663e6d3f39ad1667e9bf79e4d3c5a
G,50,2026081000,static-relay,1,0.0,g-hub-4,2,25,True,True,3,0.06,1164.1624672415192,2,0.801269166986458,19,1.0,97bd8c0751a9c797ad6c3a2a7a7699bda88663e6d3f39ad1667e9bf79e4d3c5a
G,50,2026081000,static-relay,1,0.5,g-hub-4,2,25,True,True,3,0.06,1164.1624672415192,2,0.8003503339714371,19,1.0,97bd8c0751a9c797ad6c3a2a7a7699bda88663e6d3f39ad1667e9bf79e4d3c5a
G,50,2026081000,static-relay,1,1.0,g-hub-4,2,25,True,True,3,0.06,1164.1624672415192,2,0.8001001249649562,19,1.0,97bd8c0751a9c797ad6c3a2a7a7699bda88663e6d3f39ad1667e9bf79e4d3c5a
G,50,2026081000,static-relay,1,2.0,g-hub-4,2,25,True,True,3,0.06,1164.1624672415192,2,0.8016752920229919,19,1.0,97bd8c0751a9c797ad6c3a2a7a7699bda88663e6d3f39ad1667e9bf79e4d3c5a
G,50,2026081000,static-relay,2,0.0,g-hub-4;g-hub-8,2,25,True,True,3,0.06,1164.379048022498,2,0.8004112499766052,13,1.0,97bd8c0751a9c797ad6c3a2a7a7699bda88663e6d3f39ad1667e9bf79e4d3c5a
G,50,2026081000,static-relay,2,0.5,g-hub-4;g-hub-8,2,25,True,True,3,0.06,1164.379048022498,2,0.8047373750014231,13,1.0,97bd8c0751a9c797ad6c3a2a7a7699bda88663e6d3f39ad1667e9bf79e4d3c5a
G,50,2026081000,static-relay,2,1.0,g-hub-4;g-hub-8,2,25,True,True,3,0.06,1164.379048022498,2,0.8015858749859035,11,1.0,97bd8c0751a9c797ad6c3a2a7a7699bda88663e6d3f39ad1667e9bf79e4d3c5a
G,50,2026081000,static-relay,2,2.0,g-hub-4;g-hub-8,2,25,True,True,3,0.06,1164.379048022498,2,0.8014865409932099,13,1.0,97bd8c0751a9c797ad6c3a2a7a7699bda88663e6d3f39ad1667e9bf79e4d3c5a
G,50,2026081000,static-relay,4,0.0,g-hub-4;g-hub-8;g-hub-1;g-hub-6,2,25,True,True,3,0.06,1170.9066415162538,0,0.8052094170125201,5,1.0,97bd8c0751a9c797ad6c3a2a7a7699bda88663e6d3f39ad1667e9bf79e4d3c5a
G,50,2026081000,static-relay,4,0.5,g-hub-4;g-hub-8;g-hub-1;g-hub-6,2,25,True,True,3,0.06,1170.9066415162538,0,0.8120349170058034,5,1.0,97bd8c0751a9c797ad6c3a2a7a7699bda88663e6d3f39ad1667e9bf79e4d3c5a
G,50,2026081000,static-relay,4,1.0,g-hub-4;g-hub-8;g-hub-1;g-hub-6,2,25,True,True,3,0.06,1170.9066415162538,0,0.8095009579556063,5,1.0,97bd8c0751a9c797ad6c3a2a7a7699bda88663e6d3f39ad1667e9bf79e4d3c5a
G,50,2026081000,static-relay,4,2.0,g-hub-4;g-hub-8;g-hub-1;g-hub-6,2,25,True,True,3,0.06,1198.776305598968,1,0.8091813339851797,9,1.0,97bd8c0751a9c797ad6c3a2a7a7699bda88663e6d3f39ad1667e9bf79e4d3c5a
G,50,2026081000,static-relay,8,0.0,g-hub-4;g-hub-8;g-hub-1;g-hub-6;g-hub-2;g-hub-3;g-hub-5;g-hub-7,2,25,True,True,3,0.06,1177.581341177691,0,0.8080166670260951,2,1.0,97bd8c0751a9c797ad6c3a2a7a7699bda88663e6d3f39ad1667e9bf79e4d3c5a
G,50,2026081000,static-relay,8,0.5,g-hub-4;g-hub-8;g-hub-1;g-hub-6;g-hub-2;g-hub-3;g-hub-5;g-hub-7,2,25,True,True,3,0.06,1177.581341177691,0,0.8180390839697793,2,1.0,97bd8c0751a9c797ad6c3a2a7a7699bda88663e6d3f39ad1667e9bf79e4d3c5a
G,50,2026081000,static-relay,8,1.0,g-hub-4;g-hub-8;g-hub-1;g-hub-6;g-hub-2;g-hub-3;g-hub-5;g-hub-7,2,25,True,True,3,0.06,1177.581341177691,0,0.8121146250050515,2,1.0,97bd8c0751a9c797ad6c3a2a7a7699bda88663e6d3f39ad1667e9bf79e4d3c5a
G,50,2026081000,static-relay,8,2.0,g-hub-4;g-hub-8;g-hub-1;g-hub-6;g-hub-2;g-hub-3;g-hub-5;g-hub-7,2,25,True,True,3,0.06,1177.581341177691,0,0.8230771250091493,2,1.0,97bd8c0751a9c797ad6c3a2a7a7699bda88663e6d3f39ad1667e9bf79e4d3c5a
G,50,2026081001,baseline,0,0.0,,2,25,True,True,4,0.08,1128.1666383123413,0,0.8008923339657485,0,1.0,6b054178ad6042ab6ca0da4d4ff8d54c73b9b053735e353793a687df69c157a4
G,50,2026081001,static-relay,1,0.0,g-hub-4,2,25,True,True,4,0.08,1151.7450606613447,1,0.8009575000032783,17,1.0,6b054178ad6042ab6ca0da4d4ff8d54c73b9b053735e353793a687df69c157a4
G,50,2026081001,static-relay,1,0.5,g-hub-4,2,25,True,True,4,0.08,1152.795277223929,4,0.8025817919988185,19,1.0,6b054178ad6042ab6ca0da4d4ff8d54c73b9b053735e353793a687df69c157a4
G,50,2026081001,static-relay,1,1.0,g-hub-4,2,25,True,True,4,0.08,1155.9847212137295,3,0.8013326249783859,18,1.0,6b054178ad6042ab6ca0da4d4ff8d54c73b9b053735e353793a687df69c157a4
G,50,2026081001,static-relay,1,2.0,g-hub-4,2,25,True,True,4,0.08,1152.795277223929,4,0.8030301249818876,18,1.0,6b054178ad6042ab6ca0da4d4ff8d54c73b9b053735e353793a687df69c157a4
G,50,2026081001,static-relay,2,0.0,g-hub-4;g-hub-8,2,25,True,True,4,0.08,1156.254376394775,2,0.805715374997817,14,1.0,6b054178ad6042ab6ca0da4d4ff8d54c73b9b053735e353793a687df69c157a4
G,50,2026081001,static-relay,2,0.5,g-hub-4;g-hub-8,2,25,True,True,4,0.08,1156.254376394775,2,0.803046541986987,14,1.0,6b054178ad6042ab6ca0da4d4ff8d54c73b9b053735e353793a687df69c157a4
G,50,2026081001,static-relay,2,1.0,g-hub-4;g-hub-8,2,25,True,True,4,0.08,1156.254376394775,2,0.800150582974311,14,1.0,6b054178ad6042ab6ca0da4d4ff8d54c73b9b053735e353793a687df69c157a4
G,50,2026081001,static-relay,2,2.0,g-hub-4;g-hub-8,2,25,True,True,4,0.08,1156.254376394775,2,0.8060939579736441,14,1.0,6b054178ad6042ab6ca0da4d4ff8d54c73b9b053735e353793a687df69c157a4
G,50,2026081001,static-relay,4,0.0,g-hub-4;g-hub-8;g-hub-1;g-hub-6,2,25,True,True,4,0.08,1158.814628174509,2,0.8064710000180639,6,1.0,6b054178ad6042ab6ca0da4d4ff8d54c73b9b053735e353793a687df69c157a4
G,50,2026081001,static-relay,4,0.5,g-hub-4;g-hub-8;g-hub-1;g-hub-6,2,25,True,True,4,0.08,1158.814628174509,2,0.8068554169731215,6,1.0,6b054178ad6042ab6ca0da4d4ff8d54c73b9b053735e353793a687df69c157a4
G,50,2026081001,static-relay,4,1.0,g-hub-4;g-hub-8;g-hub-1;g-hub-6,2,25,True,True,4,0.08,1152.966629615691,3,0.8024128749966621,7,1.0,6b054178ad6042ab6ca0da4d4ff8d54c73b9b053735e353793a687df69c157a4
G,50,2026081001,static-relay,4,2.0,g-hub-4;g-hub-8;g-hub-1;g-hub-6,2,25,True,True,4,0.08,1158.814628174509,2,0.8079646250116639,6,1.0,6b054178ad6042ab6ca0da4d4ff8d54c73b9b053735e353793a687df69c157a4
G,50,2026081001,static-relay,8,0.0,g-hub-4;g-hub-8;g-hub-1;g-hub-6;g-hub-2;g-hub-3;g-hub-5;g-hub-7,2,25,True,True,4,0.08,1160.5514877215578,0,0.8148572499630973,5,1.0,6b054178ad6042ab6ca0da4d4ff8d54c73b9b053735e353793a687df69c157a4
G,50,2026081001,static-relay,8,0.5,g-hub-4;g-hub-8;g-hub-1;g-hub-6;g-hub-2;g-hub-3;g-hub-5;g-hub-7,2,25,True,True,4,0.08,1160.5514877215578,0,0.8139710840187036,5,1.0,6b054178ad6042ab6ca0da4d4ff8d54c73b9b053735e353793a687df69c157a4
G,50,2026081001,static-relay,8,1.0,g-hub-4;g-hub-8;g-hub-1;g-hub-6;g-hub-2;g-hub-3;g-hub-5;g-hub-7,2,25,True,True,4,0.08,1160.5514877215578,0,0.8088303750264458,5,1.0,6b054178ad6042ab6ca0da4d4ff8d54c73b9b053735e353793a687df69c157a4
G,50,2026081001,static-relay,8,2.0,g-hub-4;g-hub-8;g-hub-1;g-hub-6;g-hub-2;g-hub-3;g-hub-5;g-hub-7,2,25,True,True,4,0.08,1160.5514877215578,0,0.8119566660025157,5,1.0,6b054178ad6042ab6ca0da4d4ff8d54c73b9b053735e353793a687df69c157a4
G,50,2026081002,baseline,0,0.0,,2,25,True,True,4,0.08,1156.0845844241258,0,0.8005215000011958,0,1.0,f62f9635a9756994caf73946646143b77ec61589d6158abd6479d507a531eee9
G,50,2026081002,static-relay,1,0.0,g-hub-4,2,25,True,True,4,0.08,1205.6906620738184,3,0.8000278330291621,18,1.0,f62f9635a9756994caf73946646143b77ec61589d6158abd6479d507a531eee9
G,50,2026081002,static-relay,1,0.5,g-hub-4,2,25,True,True,4,0.08,1191.1035841790272,3,0.800128291011788,18,1.0,f62f9635a9756994caf73946646143b77ec61589d6158abd6479d507a531eee9
G,50,2026081002,static-relay,1,1.0,g-hub-4,2,25,True,True,4,0.08,1191.1035841790272,3,0.8020267920219339,18,1.0,f62f9635a9756994caf73946646143b77ec61589d6158abd6479d507a531eee9
G,50,2026081002,static-relay,1,2.0,g-hub-4,2,25,True,True,4,0.08,1191.1035841790272,3,0.8007801250205375,18,1.0,f62f9635a9756994caf73946646143b77ec61589d6158abd6479d507a531eee9
G,50,2026081002,static-relay,2,0.0,g-hub-4;g-hub-8,2,25,True,True,4,0.08,1205.9139073607457,1,0.8029316249885596,13,1.0,f62f9635a9756994caf73946646143b77ec61589d6158abd6479d507a531eee9
G,50,2026081002,static-relay,2,0.5,g-hub-4;g-hub-8,2,25,True,True,4,0.08,1212.3139496107226,1,0.800923208007589,12,1.0,f62f9635a9756994caf73946646143b77ec61589d6158abd6479d507a531eee9
G,50,2026081002,static-relay,2,1.0,g-hub-4;g-hub-8,2,25,True,True,4,0.08,1212.3139496107226,1,0.8016917919740081,12,1.0,f62f9635a9756994caf73946646143b77ec61589d6158abd6479d507a531eee9
G,50,2026081002,static-relay,2,2.0,g-hub-4;g-hub-8,2,25,True,True,4,0.08,1205.9139073607457,1,0.8018963339854963,13,1.0,f62f9635a9756994caf73946646143b77ec61589d6158abd6479d507a531eee9
G,50,2026081002,static-relay,4,0.0,g-hub-4;g-hub-8;g-hub-1;g-hub-6,2,25,True,True,4,0.08,1198.115182231426,1,0.8093654590193182,7,1.0,f62f9635a9756994caf73946646143b77ec61589d6158abd6479d507a531eee9
G,50,2026081002,static-relay,4,0.5,g-hub-4;g-hub-8;g-hub-1;g-hub-6,2,25,True,True,4,0.08,1205.9139073607457,1,0.8012060420005582,7,1.0,f62f9635a9756994caf73946646143b77ec61589d6158abd6479d507a531eee9
G,50,2026081002,static-relay,4,1.0,g-hub-4;g-hub-8;g-hub-1;g-hub-6,2,25,True,True,4,0.08,1212.3139496107226,1,0.8069735420285724,7,1.0,f62f9635a9756994caf73946646143b77ec61589d6158abd6479d507a531eee9
G,50,2026081002,static-relay,4,2.0,g-hub-4;g-hub-8;g-hub-1;g-hub-6,2,25,True,True,4,0.08,1205.9139073607457,1,0.8030848749913275,7,1.0,f62f9635a9756994caf73946646143b77ec61589d6158abd6479d507a531eee9
G,50,2026081002,static-relay,8,0.0,g-hub-4;g-hub-8;g-hub-1;g-hub-6;g-hub-2;g-hub-3;g-hub-5;g-hub-7,2,25,True,True,4,0.08,1217.279074070209,0,0.8046217079972848,4,1.0,f62f9635a9756994caf73946646143b77ec61589d6158abd6479d507a531eee9
G,50,2026081002,static-relay,8,0.5,g-hub-4;g-hub-8;g-hub-1;g-hub-6;g-hub-2;g-hub-3;g-hub-5;g-hub-7,2,25,True,True,4,0.08,1205.9139073607457,1,0.8000957499607466,5,1.0,f62f9635a9756994caf73946646143b77ec61589d6158abd6479d507a531eee9
G,50,2026081002,static-relay,8,1.0,g-hub-4;g-hub-8;g-hub-1;g-hub-6;g-hub-2;g-hub-3;g-hub-5;g-hub-7,2,25,True,True,4,0.08,1217.279074070209,0,0.8257025829516351,4,1.0,f62f9635a9756994caf73946646143b77ec61589d6158abd6479d507a531eee9
G,50,2026081002,static-relay,8,2.0,g-hub-4;g-hub-8;g-hub-1;g-hub-6;g-hub-2;g-hub-3;g-hub-5;g-hub-7,2,25,True,True,4,0.08,1205.9139073607457,1,0.800565458019264,5,1.0,f62f9635a9756994caf73946646143b77ec61589d6158abd6479d507a531eee9
G,50,2026081003,baseline,0,0.0,,2,25,True,True,4,0.08,1155.7919065726596,0,0.80091650004033,0,1.0,79d82c0649b7163aac8e8f960834ffa0d4563bab5ca17194cfb29b6961950917
G,50,2026081003,static-relay,1,0.0,g-hub-4,2,25,True,True,4,0.08,1182.3095504551866,1,0.8011294999741949,23,1.0,79d82c0649b7163aac8e8f960834ffa0d4563bab5ca17194cfb29b6961950917
G,50,2026081003,static-relay,1,0.5,g-hub-4,2,25,True,True,4,0.08,1182.3095504551866,1,0.8000499589834362,23,1.0,79d82c0649b7163aac8e8f960834ffa0d4563bab5ca17194cfb29b6961950917
G,50,2026081003,static-relay,1,1.0,g-hub-4,2,25,True,True,4,0.08,1182.3095504551866,1,0.8036962500191294,22,1.0,79d82c0649b7163aac8e8f960834ffa0d4563bab5ca17194cfb29b6961950917
G,50,2026081003,static-relay,1,2.0,g-hub-4,2,25,True,True,4,0.08,1182.3095504551866,1,0.8029294579755515,23,1.0,79d82c0649b7163aac8e8f960834ffa0d4563bab5ca17194cfb29b6961950917
G,50,2026081003,static-relay,2,0.0,g-hub-4;g-hub-8,2,25,True,True,4,0.08,1189.5541282950626,1,0.802179874968715,20,1.0,79d82c0649b7163aac8e8f960834ffa0d4563bab5ca17194cfb29b6961950917
G,50,2026081003,static-relay,2,0.5,g-hub-4;g-hub-8,2,25,True,True,4,0.08,1189.5541282950626,1,0.8061816249974072,20,1.0,79d82c0649b7163aac8e8f960834ffa0d4563bab5ca17194cfb29b6961950917
G,50,2026081003,static-relay,2,1.0,g-hub-4;g-hub-8,2,25,True,True,4,0.08,1189.5541282950626,1,0.8038042089901865,20,1.0,79d82c0649b7163aac8e8f960834ffa0d4563bab5ca17194cfb29b6961950917
G,50,2026081003,static-relay,2,2.0,g-hub-4;g-hub-8,2,25,True,True,4,0.08,1189.5541282950626,1,0.8059430419816636,20,1.0,79d82c0649b7163aac8e8f960834ffa0d4563bab5ca17194cfb29b6961950917
G,50,2026081003,static-relay,4,0.0,g-hub-4;g-hub-8;g-hub-1;g-hub-6,2,25,True,True,4,0.08,1197.3502186502583,1,0.8015440420131199,8,1.0,79d82c0649b7163aac8e8f960834ffa0d4563bab5ca17194cfb29b6961950917
G,50,2026081003,static-relay,4,0.5,g-hub-4;g-hub-8;g-hub-1;g-hub-6,2,25,True,True,4,0.08,1197.3502186502583,1,0.8069804169936106,8,1.0,79d82c0649b7163aac8e8f960834ffa0d4563bab5ca17194cfb29b6961950917
G,50,2026081003,static-relay,4,1.0,g-hub-4;g-hub-8;g-hub-1;g-hub-6,2,25,True,True,4,0.08,1197.3502186502583,1,0.8044155840179883,8,1.0,79d82c0649b7163aac8e8f960834ffa0d4563bab5ca17194cfb29b6961950917
G,50,2026081003,static-relay,4,2.0,g-hub-4;g-hub-8;g-hub-1;g-hub-6,2,25,True,True,4,0.08,1197.3502186502583,1,0.8112626249785535,8,1.0,79d82c0649b7163aac8e8f960834ffa0d4563bab5ca17194cfb29b6961950917
G,50,2026081003,static-relay,8,0.0,g-hub-4;g-hub-8;g-hub-1;g-hub-6;g-hub-2;g-hub-3;g-hub-5;g-hub-7,2,25,True,True,4,0.08,1196.0721482382432,1,0.8062672080122866,7,1.0,79d82c0649b7163aac8e8f960834ffa0d4563bab5ca17194cfb29b6961950917
G,50,2026081003,static-relay,8,0.5,g-hub-4;g-hub-8;g-hub-1;g-hub-6;g-hub-2;g-hub-3;g-hub-5;g-hub-7,2,25,True,True,4,0.08,1196.0721482382432,1,0.820464999997057,7,1.0,79d82c0649b7163aac8e8f960834ffa0d4563bab5ca17194cfb29b6961950917
G,50,2026081003,static-relay,8,1.0,g-hub-4;g-hub-8;g-hub-1;g-hub-6;g-hub-2;g-hub-3;g-hub-5;g-hub-7,2,25,True,True,4,0.08,1196.0721482382432,1,0.8166138749802485,7,1.0,79d82c0649b7163aac8e8f960834ffa0d4563bab5ca17194cfb29b6961950917
G,50,2026081003,static-relay,8,2.0,g-hub-4;g-hub-8;g-hub-1;g-hub-6;g-hub-2;g-hub-3;g-hub-5;g-hub-7,2,25,True,True,4,0.08,1196.0721482382432,1,0.8198773750336841,7,1.0,79d82c0649b7163aac8e8f960834ffa0d4563bab5ca17194cfb29b6961950917
G,50,2026081004,baseline,0,0.0,,2,25,True,True,4,0.08,1118.414164587607,0,0.8005858330288902,0,1.0,3b784b5b0eb5ef278759f57512dabea884786197a0773902d4b6ba41128714b4
G,50,2026081004,static-relay,1,0.0,g-hub-4,2,25,True,True,4,0.08,1152.1367983674427,3,0.803078957949765,18,1.0,3b784b5b0eb5ef278759f57512dabea884786197a0773902d4b6ba41128714b4
G,50,2026081004,static-relay,1,0.5,g-hub-4,2,25,True,True,4,0.08,1144.3015881099695,4,0.8003247079905123,12,1.0,3b784b5b0eb5ef278759f57512dabea884786197a0773902d4b6ba41128714b4
G,50,2026081004,static-relay,1,1.0,g-hub-4,2,25,True,True,4,0.08,1152.1367983674427,3,0.8024575829622336,17,1.0,3b784b5b0eb5ef278759f57512dabea884786197a0773902d4b6ba41128714b4
G,50,2026081004,static-relay,1,2.0,g-hub-4,2,25,True,True,4,0.08,1152.1367983674427,3,0.8011414170032367,18,1.0,3b784b5b0eb5ef278759f57512dabea884786197a0773902d4b6ba41128714b4
G,50,2026081004,static-relay,2,0.0,g-hub-4;g-hub-8,2,25,True,True,4,0.08,1167.7017986675608,1,0.8026431660400704,18,1.0,3b784b5b0eb5ef278759f57512dabea884786197a0773902d4b6ba41128714b4
G,50,2026081004,static-relay,2,0.5,g-hub-4;g-hub-8,2,25,True,True,4,0.08,1167.7017986675608,1,0.8054071249789558,18,1.0,3b784b5b0eb5ef278759f57512dabea884786197a0773902d4b6ba41128714b4
G,50,2026081004,static-relay,2,1.0,g-hub-4;g-hub-8,2,25,True,True,4,0.08,1167.7017986675608,1,0.8017593750264496,18,1.0,3b784b5b0eb5ef278759f57512dabea884786197a0773902d4b6ba41128714b4
G,50,2026081004,static-relay,2,2.0,g-hub-4;g-hub-8,2,25,True,True,4,0.08,1167.7017986675608,1,0.8026684999931604,20,1.0,3b784b5b0eb5ef278759f57512dabea884786197a0773902d4b6ba41128714b4
G,50,2026081004,static-relay,4,0.0,g-hub-4;g-hub-8;g-hub-1;g-hub-6,2,25,True,True,4,0.08,1167.380125319748,1,0.8014816250069998,15,1.0,3b784b5b0eb5ef278759f57512dabea884786197a0773902d4b6ba41128714b4
G,50,2026081004,static-relay,4,0.5,g-hub-4;g-hub-8;g-hub-1;g-hub-6,2,25,True,True,4,0.08,1167.380125319748,1,0.8005349580198526,15,1.0,3b784b5b0eb5ef278759f57512dabea884786197a0773902d4b6ba41128714b4
G,50,2026081004,static-relay,4,1.0,g-hub-4;g-hub-8;g-hub-1;g-hub-6,2,25,True,True,4,0.08,1167.380125319748,1,0.8074321660096757,15,1.0,3b784b5b0eb5ef278759f57512dabea884786197a0773902d4b6ba41128714b4
G,50,2026081004,static-relay,4,2.0,g-hub-4;g-hub-8;g-hub-1;g-hub-6,2,25,True,True,4,0.08,1167.380125319748,1,0.8001618339912966,15,1.0,3b784b5b0eb5ef278759f57512dabea884786197a0773902d4b6ba41128714b4
G,50,2026081004,static-relay,8,0.0,g-hub-4;g-hub-8;g-hub-1;g-hub-6;g-hub-2;g-hub-3;g-hub-5;g-hub-7,2,25,True,True,4,0.08,1167.7017986675608,1,0.8073096669977531,12,1.0,3b784b5b0eb5ef278759f57512dabea884786197a0773902d4b6ba41128714b4
G,50,2026081004,static-relay,8,0.5,g-hub-4;g-hub-8;g-hub-1;g-hub-6;g-hub-2;g-hub-3;g-hub-5;g-hub-7,2,25,True,True,4,0.08,1167.7017986675608,1,0.8005787920556031,12,1.0,3b784b5b0eb5ef278759f57512dabea884786197a0773902d4b6ba41128714b4
G,50,2026081004,static-relay,8,1.0,g-hub-4;g-hub-8;g-hub-1;g-hub-6;g-hub-2;g-hub-3;g-hub-5;g-hub-7,2,25,True,True,4,0.08,1167.7017986675608,1,0.806942000053823,12,1.0,3b784b5b0eb5ef278759f57512dabea884786197a0773902d4b6ba41128714b4
G,50,2026081004,static-relay,8,2.0,g-hub-4;g-hub-8;g-hub-1;g-hub-6;g-hub-2;g-hub-3;g-hub-5;g-hub-7,2,25,True,True,4,0.08,1167.7017986675608,1,0.8062350419932045,12,1.0,3b784b5b0eb5ef278759f57512dabea884786197a0773902d4b6ba41128714b4
G,50,2026081005,baseline,0,0.0,,2,25,True,True,3,0.06,1138.6992488137757,0,0.8009235830395482,0,1.0,b98d221932e85e1d1df042d2ae75fa5b915ff04a4c3411d682b873075f622326
G,50,2026081005,static-relay,1,0.0,g-hub-4,2,25,True,True,3,0.06,1229.3468376010849,0,0.8001515840296634,21,1.0,b98d221932e85e1d1df042d2ae75fa5b915ff04a4c3411d682b873075f622326
G,50,2026081005,static-relay,1,0.5,g-hub-4,2,25,True,True,3,0.06,1184.5684611237525,2,0.8012715000077151,19,1.0,b98d221932e85e1d1df042d2ae75fa5b915ff04a4c3411d682b873075f622326
G,50,2026081005,static-relay,1,1.0,g-hub-4,2,25,True,True,3,0.06,1184.5684611237525,2,0.8000356249976903,19,1.0,b98d221932e85e1d1df042d2ae75fa5b915ff04a4c3411d682b873075f622326
G,50,2026081005,static-relay,1,2.0,g-hub-4,2,25,True,True,3,0.06,1184.5684611237525,2,0.8030755840009078,18,1.0,b98d221932e85e1d1df042d2ae75fa5b915ff04a4c3411d682b873075f622326
G,50,2026081005,static-relay,2,0.0,g-hub-4;g-hub-8,2,25,True,True,3,0.06,1183.9695352050808,1,0.8001086669974029,17,1.0,b98d221932e85e1d1df042d2ae75fa5b915ff04a4c3411d682b873075f622326
G,50,2026081005,static-relay,2,0.5,g-hub-4;g-hub-8,2,25,True,True,3,0.06,1183.9695352050808,1,0.8034660830162466,17,1.0,b98d221932e85e1d1df042d2ae75fa5b915ff04a4c3411d682b873075f622326
G,50,2026081005,static-relay,2,1.0,g-hub-4;g-hub-8,2,25,True,True,3,0.06,1183.9695352050808,1,0.806024499994237,17,1.0,b98d221932e85e1d1df042d2ae75fa5b915ff04a4c3411d682b873075f622326
G,50,2026081005,static-relay,2,2.0,g-hub-4;g-hub-8,2,25,True,True,3,0.06,1183.9695352050808,1,0.8030402499716729,17,1.0,b98d221932e85e1d1df042d2ae75fa5b915ff04a4c3411d682b873075f622326
G,50,2026081005,static-relay,4,0.0,g-hub-4;g-hub-8;g-hub-1;g-hub-6,2,25,True,True,3,0.06,1182.8778426127271,1,0.808699749992229,4,1.0,b98d221932e85e1d1df042d2ae75fa5b915ff04a4c3411d682b873075f622326
G,50,2026081005,static-relay,4,0.5,g-hub-4;g-hub-8;g-hub-1;g-hub-6,2,25,True,True,3,0.06,1182.8778426127271,1,0.8039065000484698,4,1.0,b98d221932e85e1d1df042d2ae75fa5b915ff04a4c3411d682b873075f622326
G,50,2026081005,static-relay,4,1.0,g-hub-4;g-hub-8;g-hub-1;g-hub-6,2,25,True,True,3,0.06,1182.8778426127271,1,0.8062114170170389,4,1.0,b98d221932e85e1d1df042d2ae75fa5b915ff04a4c3411d682b873075f622326
G,50,2026081005,static-relay,4,2.0,g-hub-4;g-hub-8;g-hub-1;g-hub-6,2,25,True,True,3,0.06,1182.8778426127271,1,0.8080073329620063,4,1.0,b98d221932e85e1d1df042d2ae75fa5b915ff04a4c3411d682b873075f622326
G,50,2026081005,static-relay,8,0.0,g-hub-4;g-hub-8;g-hub-1;g-hub-6;g-hub-2;g-hub-3;g-hub-5;g-hub-7,2,25,True,True,3,0.06,1182.8778426127271,1,0.8154112090123817,3,1.0,b98d221932e85e1d1df042d2ae75fa5b915ff04a4c3411d682b873075f622326
G,50,2026081005,static-relay,8,0.5,g-hub-4;g-hub-8;g-hub-1;g-hub-6;g-hub-2;g-hub-3;g-hub-5;g-hub-7,2,25,True,True,3,0.06,1182.8778426127271,1,0.8068160829716362,3,1.0,b98d221932e85e1d1df042d2ae75fa5b915ff04a4c3411d682b873075f622326
G,50,2026081005,static-relay,8,1.0,g-hub-4;g-hub-8;g-hub-1;g-hub-6;g-hub-2;g-hub-3;g-hub-5;g-hub-7,2,25,True,True,3,0.06,1182.8778426127271,1,0.8202449589734897,3,1.0,b98d221932e85e1d1df042d2ae75fa5b915ff04a4c3411d682b873075f622326
G,50,2026081005,static-relay,8,2.0,g-hub-4;g-hub-8;g-hub-1;g-hub-6;g-hub-2;g-hub-3;g-hub-5;g-hub-7,2,25,True,True,3,0.06,1182.8778426127271,1,0.8179242910118774,3,1.0,b98d221932e85e1d1df042d2ae75fa5b915ff04a4c3411d682b873075f622326
G,50,2026081006,baseline,0,0.0,,2,25,True,True,4,0.08,1088.7535774883647,0,0.8010147919994779,0,1.0,7f3067f68e44eb1ec5edf65c62556fb7848dd95da2e89c15ca24b38a3adc3202
G,50,2026081006,static-relay,1,0.0,g-hub-4,2,25,True,True,4,0.08,1118.3159405413085,3,0.8027362080174498,16,1.0,7f3067f68e44eb1ec5edf65c62556fb7848dd95da2e89c15ca24b38a3adc3202
G,50,2026081006,static-relay,1,0.5,g-hub-4,2,25,True,True,4,0.08,1150.992577198302,1,0.801870291994419,16,1.0,7f3067f68e44eb1ec5edf65c62556fb7848dd95da2e89c15ca24b38a3adc3202
G,50,2026081006,static-relay,1,1.0,g-hub-4,2,25,True,True,4,0.08,1150.992577198302,1,0.8000333749805577,16,1.0,7f3067f68e44eb1ec5edf65c62556fb7848dd95da2e89c15ca24b38a3adc3202
G,50,2026081006,static-relay,1,2.0,g-hub-4,2,25,True,True,4,0.08,1118.3159405413085,3,0.8003586249542423,17,1.0,7f3067f68e44eb1ec5edf65c62556fb7848dd95da2e89c15ca24b38a3adc3202
G,50,2026081006,static-relay,2,0.0,g-hub-4;g-hub-8,2,25,True,True,4,0.08,1149.3375673858995,2,0.8061534169828519,11,1.0,7f3067f68e44eb1ec5edf65c62556fb7848dd95da2e89c15ca24b38a3adc3202
G,50,2026081006,static-relay,2,0.5,g-hub-4;g-hub-8,2,25,True,True,4,0.08,1121.9333914689776,2,0.804847042018082,15,1.0,7f3067f68e44eb1ec5edf65c62556fb7848dd95da2e89c15ca24b38a3adc3202
G,50,2026081006,static-relay,2,1.0,g-hub-4;g-hub-8,2,25,True,True,4,0.08,1149.3375673858995,2,0.8000457919551991,9,1.0,7f3067f68e44eb1ec5edf65c62556fb7848dd95da2e89c15ca24b38a3adc3202
G,50,2026081006,static-relay,2,2.0,g-hub-4;g-hub-8,2,25,True,True,4,0.08,1121.9333914689776,2,0.8000532090081833,14,1.0,7f3067f68e44eb1ec5edf65c62556fb7848dd95da2e89c15ca24b38a3adc3202
G,50,2026081006,static-relay,4,0.0,g-hub-4;g-hub-8;g-hub-1;g-hub-6,2,25,True,True,4,0.08,1150.992577198302,1,0.8042123750201426,4,1.0,7f3067f68e44eb1ec5edf65c62556fb7848dd95da2e89c15ca24b38a3adc3202
G,50,2026081006,static-relay,4,0.5,g-hub-4;g-hub-8;g-hub-1;g-hub-6,2,25,True,True,4,0.08,1131.655514380223,1,0.80344241700368,4,1.0,7f3067f68e44eb1ec5edf65c62556fb7848dd95da2e89c15ca24b38a3adc3202
G,50,2026081006,static-relay,4,1.0,g-hub-4;g-hub-8;g-hub-1;g-hub-6,2,25,True,True,4,0.08,1131.655514380223,1,0.8041716659790836,4,1.0,7f3067f68e44eb1ec5edf65c62556fb7848dd95da2e89c15ca24b38a3adc3202
G,50,2026081006,static-relay,4,2.0,g-hub-4;g-hub-8;g-hub-1;g-hub-6,2,25,True,True,4,0.08,1150.992577198302,1,0.8072267919778824,5,1.0,7f3067f68e44eb1ec5edf65c62556fb7848dd95da2e89c15ca24b38a3adc3202
G,50,2026081006,static-relay,8,0.0,g-hub-4;g-hub-8;g-hub-1;g-hub-6;g-hub-2;g-hub-3;g-hub-5;g-hub-7,2,25,True,True,4,0.08,1150.992577198302,1,0.8168225419940427,3,1.0,7f3067f68e44eb1ec5edf65c62556fb7848dd95da2e89c15ca24b38a3adc3202
G,50,2026081006,static-relay,8,0.5,g-hub-4;g-hub-8;g-hub-1;g-hub-6;g-hub-2;g-hub-3;g-hub-5;g-hub-7,2,25,True,True,4,0.08,1125.2862103952111,0,0.8099962089909241,3,1.0,7f3067f68e44eb1ec5edf65c62556fb7848dd95da2e89c15ca24b38a3adc3202
G,50,2026081006,static-relay,8,1.0,g-hub-4;g-hub-8;g-hub-1;g-hub-6;g-hub-2;g-hub-3;g-hub-5;g-hub-7,2,25,True,True,4,0.08,1125.2862103952111,0,0.8162853750400245,3,1.0,7f3067f68e44eb1ec5edf65c62556fb7848dd95da2e89c15ca24b38a3adc3202
G,50,2026081006,static-relay,8,2.0,g-hub-4;g-hub-8;g-hub-1;g-hub-6;g-hub-2;g-hub-3;g-hub-5;g-hub-7,2,25,True,True,4,0.08,1150.992577198302,1,0.8093923749984242,3,1.0,7f3067f68e44eb1ec5edf65c62556fb7848dd95da2e89c15ca24b38a3adc3202
G,50,2026081007,baseline,0,0.0,,2,25,True,True,4,0.08,1139.6614400670687,0,0.8004368750262074,0,1.0,e472d7a765e7a465a6e86f83178a050ef37a8e285a55c5bc84dfc99a4280a9cd
G,50,2026081007,static-relay,1,0.0,g-hub-4,2,25,True,True,4,0.08,1155.4515930518464,1,0.8003420829772949,14,1.0,e472d7a765e7a465a6e86f83178a050ef37a8e285a55c5bc84dfc99a4280a9cd
G,50,2026081007,static-relay,1,0.5,g-hub-4,2,25,True,True,4,0.08,1155.4515930518464,1,0.8007219160208479,14,1.0,e472d7a765e7a465a6e86f83178a050ef37a8e285a55c5bc84dfc99a4280a9cd
G,50,2026081007,static-relay,1,1.0,g-hub-4,2,25,True,True,4,0.08,1155.4515930518464,1,0.802319250011351,15,1.0,e472d7a765e7a465a6e86f83178a050ef37a8e285a55c5bc84dfc99a4280a9cd
G,50,2026081007,static-relay,1,2.0,g-hub-4,2,25,True,True,4,0.08,1155.4515930518464,1,0.8022525000269525,15,1.0,e472d7a765e7a465a6e86f83178a050ef37a8e285a55c5bc84dfc99a4280a9cd
G,50,2026081007,static-relay,2,0.0,g-hub-4;g-hub-8,2,25,True,True,4,0.08,1158.0240820265262,2,0.802732834010385,8,1.0,e472d7a765e7a465a6e86f83178a050ef37a8e285a55c5bc84dfc99a4280a9cd
G,50,2026081007,static-relay,2,0.5,g-hub-4;g-hub-8,2,25,True,True,4,0.08,1158.0240820265262,2,0.800879749993328,8,1.0,e472d7a765e7a465a6e86f83178a050ef37a8e285a55c5bc84dfc99a4280a9cd
G,50,2026081007,static-relay,2,1.0,g-hub-4;g-hub-8,2,25,True,True,4,0.08,1158.0240820265262,2,0.8061837499844842,8,1.0,e472d7a765e7a465a6e86f83178a050ef37a8e285a55c5bc84dfc99a4280a9cd
G,50,2026081007,static-relay,2,2.0,g-hub-4;g-hub-8,2,25,True,True,4,0.08,1172.6565347561232,1,0.8001380829955451,8,1.0,e472d7a765e7a465a6e86f83178a050ef37a8e285a55c5bc84dfc99a4280a9cd
G,50,2026081007,static-relay,4,0.0,g-hub-4;g-hub-8;g-hub-1;g-hub-6,2,25,True,True,4,0.08,1159.686507234279,1,0.8090179579448886,3,1.0,e472d7a765e7a465a6e86f83178a050ef37a8e285a55c5bc84dfc99a4280a9cd
G,50,2026081007,static-relay,4,0.5,g-hub-4;g-hub-8;g-hub-1;g-hub-6,2,25,True,True,4,0.08,1159.686507234279,1,0.8104145840043202,3,1.0,e472d7a765e7a465a6e86f83178a050ef37a8e285a55c5bc84dfc99a4280a9cd
G,50,2026081007,static-relay,4,1.0,g-hub-4;g-hub-8;g-hub-1;g-hub-6,2,25,True,True,4,0.08,1150.0995340943637,1,0.80008362501394,3,1.0,e472d7a765e7a465a6e86f83178a050ef37a8e285a55c5bc84dfc99a4280a9cd
G,50,2026081007,static-relay,4,2.0,g-hub-4;g-hub-8;g-hub-1;g-hub-6,2,25,True,True,4,0.08,1170.6309281445688,1,0.8004810829879716,3,1.0,e472d7a765e7a465a6e86f83178a050ef37a8e285a55c5bc84dfc99a4280a9cd
G,50,2026081007,static-relay,8,0.0,g-hub-4;g-hub-8;g-hub-1;g-hub-6;g-hub-2;g-hub-3;g-hub-5;g-hub-7,2,25,True,True,4,0.08,1159.686507234279,1,0.8241227910039015,2,1.0,e472d7a765e7a465a6e86f83178a050ef37a8e285a55c5bc84dfc99a4280a9cd
G,50,2026081007,static-relay,8,0.5,g-hub-4;g-hub-8;g-hub-1;g-hub-6;g-hub-2;g-hub-3;g-hub-5;g-hub-7,2,25,True,True,4,0.08,1159.686507234279,1,0.8010421660146676,2,1.0,e472d7a765e7a465a6e86f83178a050ef37a8e285a55c5bc84dfc99a4280a9cd
G,50,2026081007,static-relay,8,1.0,g-hub-4;g-hub-8;g-hub-1;g-hub-6;g-hub-2;g-hub-3;g-hub-5;g-hub-7,2,25,True,True,4,0.08,1159.686507234279,1,0.822632999974303,2,1.0,e472d7a765e7a465a6e86f83178a050ef37a8e285a55c5bc84dfc99a4280a9cd
G,50,2026081007,static-relay,8,2.0,g-hub-4;g-hub-8;g-hub-1;g-hub-6;g-hub-2;g-hub-3;g-hub-5;g-hub-7,2,25,True,True,4,0.08,1159.686507234279,1,0.8083800409804098,2,1.0,e472d7a765e7a465a6e86f83178a050ef37a8e285a55c5bc84dfc99a4280a9cd
G,50,2026081008,baseline,0,0.0,,2,25,True,True,4,0.08,1126.0936470889096,0,0.800672208017204,0,1.0,93be602a0bfb497eaf1052dfbe64e8fab61767a3d709d64104f19b60e2969247
G,50,2026081008,static-relay,1,0.0,g-hub-4,2,25,True,True,4,0.08,1164.2536177067695,2,0.800643999944441,15,1.0,93be602a0bfb497eaf1052dfbe64e8fab61767a3d709d64104f19b60e2969247
G,50,2026081008,static-relay,1,0.5,g-hub-4,2,25,True,True,4,0.08,1126.0936470889096,0,0.8036235409672372,14,1.0,93be602a0bfb497eaf1052dfbe64e8fab61767a3d709d64104f19b60e2969247
G,50,2026081008,static-relay,1,1.0,g-hub-4,2,25,True,True,4,0.08,1136.507030179162,2,0.8031041250214912,12,1.0,93be602a0bfb497eaf1052dfbe64e8fab61767a3d709d64104f19b60e2969247
G,50,2026081008,static-relay,1,2.0,g-hub-4,2,25,True,True,4,0.08,1136.507030179162,2,0.8021720420219935,12,1.0,93be602a0bfb497eaf1052dfbe64e8fab61767a3d709d64104f19b60e2969247
G,50,2026081008,static-relay,2,0.0,g-hub-4;g-hub-8,2,25,True,True,4,0.08,1164.2536177067695,2,0.8055575420148671,10,1.0,93be602a0bfb497eaf1052dfbe64e8fab61767a3d709d64104f19b60e2969247
G,50,2026081008,static-relay,2,0.5,g-hub-4;g-hub-8,2,25,True,True,4,0.08,1126.0936470889096,0,0.8014270410058089,10,1.0,93be602a0bfb497eaf1052dfbe64e8fab61767a3d709d64104f19b60e2969247
G,50,2026081008,static-relay,2,1.0,g-hub-4;g-hub-8,2,25,True,True,4,0.08,1126.0936470889096,0,0.8045032920199446,10,1.0,93be602a0bfb497eaf1052dfbe64e8fab61767a3d709d64104f19b60e2969247
G,50,2026081008,static-relay,2,2.0,g-hub-4;g-hub-8,2,25,True,True,4,0.08,1126.0936470889096,0,0.8064617500058375,10,1.0,93be602a0bfb497eaf1052dfbe64e8fab61767a3d709d64104f19b60e2969247
G,50,2026081008,static-relay,4,0.0,g-hub-4;g-hub-8;g-hub-1;g-hub-6,2,25,True,True,4,0.08,1126.0936470889096,0,0.8080912919831462,3,1.0,93be602a0bfb497eaf1052dfbe64e8fab61767a3d709d64104f19b60e2969247
G,50,2026081008,static-relay,4,0.5,g-hub-4;g-hub-8;g-hub-1;g-hub-6,2,25,True,True,4,0.08,1126.0936470889096,0,0.8090581250144169,3,1.0,93be602a0bfb497eaf1052dfbe64e8fab61767a3d709d64104f19b60e2969247
G,50,2026081008,static-relay,4,1.0,g-hub-4;g-hub-8;g-hub-1;g-hub-6,2,25,True,True,4,0.08,1126.0936470889096,0,0.8045188329997472,3,1.0,93be602a0bfb497eaf1052dfbe64e8fab61767a3d709d64104f19b60e2969247
G,50,2026081008,static-relay,4,2.0,g-hub-4;g-hub-8;g-hub-1;g-hub-6,2,25,True,True,4,0.08,1126.0936470889096,0,0.8048074580146931,3,1.0,93be602a0bfb497eaf1052dfbe64e8fab61767a3d709d64104f19b60e2969247
G,50,2026081008,static-relay,8,0.0,g-hub-4;g-hub-8;g-hub-1;g-hub-6;g-hub-2;g-hub-3;g-hub-5;g-hub-7,2,25,True,True,4,0.08,1164.7543657396225,0,0.8254315829835832,2,1.0,93be602a0bfb497eaf1052dfbe64e8fab61767a3d709d64104f19b60e2969247
G,50,2026081008,static-relay,8,0.5,g-hub-4;g-hub-8;g-hub-1;g-hub-6;g-hub-2;g-hub-3;g-hub-5;g-hub-7,2,25,True,True,4,0.08,1137.816292050262,0,0.8169150419998914,2,1.0,93be602a0bfb497eaf1052dfbe64e8fab61767a3d709d64104f19b60e2969247
G,50,2026081008,static-relay,8,1.0,g-hub-4;g-hub-8;g-hub-1;g-hub-6;g-hub-2;g-hub-3;g-hub-5;g-hub-7,2,25,True,True,4,0.08,1137.816292050262,0,0.822704124962911,2,1.0,93be602a0bfb497eaf1052dfbe64e8fab61767a3d709d64104f19b60e2969247
G,50,2026081008,static-relay,8,2.0,g-hub-4;g-hub-8;g-hub-1;g-hub-6;g-hub-2;g-hub-3;g-hub-5;g-hub-7,2,25,True,True,4,0.08,1137.816292050262,0,0.8123192500206642,2,1.0,93be602a0bfb497eaf1052dfbe64e8fab61767a3d709d64104f19b60e2969247
G,50,2026081009,baseline,0,0.0,,2,25,True,True,4,0.08,1163.4404618527165,0,0.8005588329979219,0,1.0,8ad5147f6376ed44055afd3bb95c93d2928196de1a106daee1c521179f5b3571
G,50,2026081009,static-relay,1,0.0,g-hub-4,2,25,True,True,4,0.08,1182.3018036666356,3,0.8016245419858024,15,1.0,8ad5147f6376ed44055afd3bb95c93d2928196de1a106daee1c521179f5b3571
G,50,2026081009,static-relay,1,0.5,g-hub-4,2,25,True,True,4,0.08,1182.3018036666356,3,0.8037906250101514,14,1.0,8ad5147f6376ed44055afd3bb95c93d2928196de1a106daee1c521179f5b3571
G,50,2026081009,static-relay,1,1.0,g-hub-4,2,25,True,True,4,0.08,1182.3018036666356,3,0.801869084010832,15,1.0,8ad5147f6376ed44055afd3bb95c93d2928196de1a106daee1c521179f5b3571
G,50,2026081009,static-relay,1,2.0,g-hub-4,2,25,True,True,4,0.08,1182.3018036666356,3,0.8001250419765711,15,1.0,8ad5147f6376ed44055afd3bb95c93d2928196de1a106daee1c521179f5b3571
G,50,2026081009,static-relay,2,0.0,g-hub-4;g-hub-8,2,25,True,True,4,0.08,1186.9475262903582,4,0.8014865000150166,9,1.0,8ad5147f6376ed44055afd3bb95c93d2928196de1a106daee1c521179f5b3571
G,50,2026081009,static-relay,2,0.5,g-hub-4;g-hub-8,2,25,True,True,4,0.08,1186.9475262903582,4,0.8022114590276033,9,1.0,8ad5147f6376ed44055afd3bb95c93d2928196de1a106daee1c521179f5b3571
G,50,2026081009,static-relay,2,1.0,g-hub-4;g-hub-8,2,25,True,True,4,0.08,1186.9475262903582,4,0.8022317499853671,10,1.0,8ad5147f6376ed44055afd3bb95c93d2928196de1a106daee1c521179f5b3571
G,50,2026081009,static-relay,2,2.0,g-hub-4;g-hub-8,2,25,True,True,4,0.08,1186.9475262903582,4,0.8031683330191299,9,1.0,8ad5147f6376ed44055afd3bb95c93d2928196de1a106daee1c521179f5b3571
G,50,2026081009,static-relay,4,0.0,g-hub-4;g-hub-8;g-hub-1;g-hub-6,2,25,True,True,4,0.08,1182.690313825666,2,0.8139765840023756,7,1.0,8ad5147f6376ed44055afd3bb95c93d2928196de1a106daee1c521179f5b3571
G,50,2026081009,static-relay,4,0.5,g-hub-4;g-hub-8;g-hub-1;g-hub-6,2,25,True,True,4,0.08,1182.690313825666,2,0.8080889169941656,7,1.0,8ad5147f6376ed44055afd3bb95c93d2928196de1a106daee1c521179f5b3571
G,50,2026081009,static-relay,4,1.0,g-hub-4;g-hub-8;g-hub-1;g-hub-6,2,25,True,True,4,0.08,1182.690313825666,2,0.8008066670154221,7,1.0,8ad5147f6376ed44055afd3bb95c93d2928196de1a106daee1c521179f5b3571
G,50,2026081009,static-relay,4,2.0,g-hub-4;g-hub-8;g-hub-1;g-hub-6,2,25,True,True,4,0.08,1182.690313825666,2,0.811051958007738,7,1.0,8ad5147f6376ed44055afd3bb95c93d2928196de1a106daee1c521179f5b3571
G,50,2026081009,static-relay,8,0.0,g-hub-4;g-hub-8;g-hub-1;g-hub-6;g-hub-2;g-hub-3;g-hub-5;g-hub-7,2,25,True,True,4,0.08,1188.6002458799012,0,0.8067608749843203,2,1.0,8ad5147f6376ed44055afd3bb95c93d2928196de1a106daee1c521179f5b3571
G,50,2026081009,static-relay,8,0.5,g-hub-4;g-hub-8;g-hub-1;g-hub-6;g-hub-2;g-hub-3;g-hub-5;g-hub-7,2,25,True,True,4,0.08,1188.6002458799012,0,0.8140442500007339,2,1.0,8ad5147f6376ed44055afd3bb95c93d2928196de1a106daee1c521179f5b3571
G,50,2026081009,static-relay,8,1.0,g-hub-4;g-hub-8;g-hub-1;g-hub-6;g-hub-2;g-hub-3;g-hub-5;g-hub-7,2,25,True,True,4,0.08,1188.6002458799012,0,0.8154302919865586,2,1.0,8ad5147f6376ed44055afd3bb95c93d2928196de1a106daee1c521179f5b3571
G,50,2026081009,static-relay,8,2.0,g-hub-4;g-hub-8;g-hub-1;g-hub-6;g-hub-2;g-hub-3;g-hub-5;g-hub-7,2,25,True,True,4,0.08,1188.6002458799012,0,0.8239930829731748,2,1.0,8ad5147f6376ed44055afd3bb95c93d2928196de1a106daee1c521179f5b3571
MZ,50,2026081000,baseline,0,0.0,,2,25,True,True,5,0.1,671.6361412740781,0,0.8008677079924382,0,1.0,7a71dfc5487624f9abb3fe68ba2cd01c54a1eed79790dd2455230c09f6896d06
MZ,50,2026081000,static-relay,1,0.0,mz-hub-2,2,25,True,True,5,0.1,690.7125665533392,0,0.8025652500218712,16,1.0,7a71dfc5487624f9abb3fe68ba2cd01c54a1eed79790dd2455230c09f6896d06
MZ,50,2026081000,static-relay,1,0.5,mz-hub-2,2,25,True,True,5,0.1,663.2198301534272,1,0.8000570420408621,20,1.0,7a71dfc5487624f9abb3fe68ba2cd01c54a1eed79790dd2455230c09f6896d06
MZ,50,2026081000,static-relay,1,1.0,mz-hub-2,2,25,True,True,5,0.1,663.2198301534272,1,0.8006334999809042,18,1.0,7a71dfc5487624f9abb3fe68ba2cd01c54a1eed79790dd2455230c09f6896d06
MZ,50,2026081000,static-relay,1,2.0,mz-hub-2,2,25,True,True,5,0.1,663.5042647860059,1,0.8025431670248508,20,1.0,7a71dfc5487624f9abb3fe68ba2cd01c54a1eed79790dd2455230c09f6896d06
MZ,50,2026081000,static-relay,2,0.0,mz-hub-2;mz-hub-4,2,25,True,True,5,0.1,690.7125665533392,0,0.8025637500104494,10,1.0,7a71dfc5487624f9abb3fe68ba2cd01c54a1eed79790dd2455230c09f6896d06
MZ,50,2026081000,static-relay,2,0.5,mz-hub-2;mz-hub-4,2,25,True,True,5,0.1,666.2616442909888,0,0.8017452500062063,12,1.0,7a71dfc5487624f9abb3fe68ba2cd01c54a1eed79790dd2455230c09f6896d06
MZ,50,2026081000,static-relay,2,1.0,mz-hub-2;mz-hub-4,2,25,True,True,5,0.1,666.9808309855455,0,0.8051154169952497,10,1.0,7a71dfc5487624f9abb3fe68ba2cd01c54a1eed79790dd2455230c09f6896d06
MZ,50,2026081000,static-relay,2,2.0,mz-hub-2;mz-hub-4,2,25,True,True,5,0.1,666.2616442909888,0,0.8033329169848002,12,1.0,7a71dfc5487624f9abb3fe68ba2cd01c54a1eed79790dd2455230c09f6896d06
MZ,50,2026081000,static-relay,4,0.0,mz-hub-2;mz-hub-4;mz-hub-5;mz-hub-8,2,25,True,True,5,0.1,684.6990487037185,1,0.80195808399003,12,1.0,7a71dfc5487624f9abb3fe68ba2cd01c54a1eed79790dd2455230c09f6896d06
MZ,50,2026081000,static-relay,4,0.5,mz-hub-2;mz-hub-4;mz-hub-5;mz-hub-8,2,25,True,True,5,0.1,684.6990487037185,1,0.8055443749763072,12,1.0,7a71dfc5487624f9abb3fe68ba2cd01c54a1eed79790dd2455230c09f6896d06
MZ,50,2026081000,static-relay,4,1.0,mz-hub-2;mz-hub-4;mz-hub-5;mz-hub-8,2,25,True,True,5,0.1,684.6990487037185,1,0.8060565419727936,12,1.0,7a71dfc5487624f9abb3fe68ba2cd01c54a1eed79790dd2455230c09f6896d06
MZ,50,2026081000,static-relay,4,2.0,mz-hub-2;mz-hub-4;mz-hub-5;mz-hub-8,2,25,True,True,5,0.1,678.3330998570729,0,0.80983024998568,8,1.0,7a71dfc5487624f9abb3fe68ba2cd01c54a1eed79790dd2455230c09f6896d06
MZ,50,2026081000,static-relay,8,0.0,mz-hub-2;mz-hub-4;mz-hub-5;mz-hub-8;mz-hub-1;mz-hub-3;mz-hub-6;mz-hub-7,2,25,True,True,5,0.1,666.5460789235674,0,0.8034048340050504,7,1.0,7a71dfc5487624f9abb3fe68ba2cd01c54a1eed79790dd2455230c09f6896d06
MZ,50,2026081000,static-relay,8,0.5,mz-hub-2;mz-hub-4;mz-hub-5;mz-hub-8;mz-hub-1;mz-hub-3;mz-hub-6;mz-hub-7,2,25,True,True,5,0.1,666.9808309855455,0,0.8112449580221437,7,1.0,7a71dfc5487624f9abb3fe68ba2cd01c54a1eed79790dd2455230c09f6896d06
MZ,50,2026081000,static-relay,8,1.0,mz-hub-2;mz-hub-4;mz-hub-5;mz-hub-8;mz-hub-1;mz-hub-3;mz-hub-6;mz-hub-7,2,25,True,True,5,0.1,666.9808309855455,0,0.8189006670145318,7,1.0,7a71dfc5487624f9abb3fe68ba2cd01c54a1eed79790dd2455230c09f6896d06
MZ,50,2026081000,static-relay,8,2.0,mz-hub-2;mz-hub-4;mz-hub-5;mz-hub-8;mz-hub-1;mz-hub-3;mz-hub-6;mz-hub-7,2,25,True,True,5,0.1,666.2616442909888,0,0.8091573339770548,7,1.0,7a71dfc5487624f9abb3fe68ba2cd01c54a1eed79790dd2455230c09f6896d06
MZ,50,2026081001,baseline,0,0.0,,2,25,True,True,6,0.12,680.7990961706307,0,0.8005268340348266,0,1.0,141ed8f054e8d775423fa176c20eb5323204c7bb01564b1af4a37630122386c9
MZ,50,2026081001,static-relay,1,0.0,mz-hub-2,2,25,True,True,6,0.12,706.0317776024175,3,0.8007432920276187,21,1.0,141ed8f054e8d775423fa176c20eb5323204c7bb01564b1af4a37630122386c9
MZ,50,2026081001,static-relay,1,0.5,mz-hub-2,2,25,True,True,6,0.12,717.1228246458825,2,0.8006969590205699,17,1.0,141ed8f054e8d775423fa176c20eb5323204c7bb01564b1af4a37630122386c9
MZ,50,2026081001,static-relay,1,1.0,mz-hub-2,2,25,True,True,6,0.12,706.0317776024175,3,0.8001158330007456,15,1.0,141ed8f054e8d775423fa176c20eb5323204c7bb01564b1af4a37630122386c9
MZ,50,2026081001,static-relay,1,2.0,mz-hub-2,2,25,True,True,6,0.12,755.7937268721734,2,0.8002040419960395,16,1.0,141ed8f054e8d775423fa176c20eb5323204c7bb01564b1af4a37630122386c9
MZ,50,2026081001,static-relay,2,0.0,mz-hub-2;mz-hub-4,2,25,True,True,6,0.12,749.1284678822105,3,0.8061659999657422,17,1.0,141ed8f054e8d775423fa176c20eb5323204c7bb01564b1af4a37630122386c9
MZ,50,2026081001,static-relay,2,0.5,mz-hub-2;mz-hub-4,2,25,True,True,6,0.12,759.0692081177315,2,0.8011264580418356,15,1.0,141ed8f054e8d775423fa176c20eb5323204c7bb01564b1af4a37630122386c9
MZ,50,2026081001,static-relay,2,1.0,mz-hub-2;mz-hub-4,2,25,True,True,6,0.12,763.2836989096743,2,0.8009911249973811,12,1.0,141ed8f054e8d775423fa176c20eb5323204c7bb01564b1af4a37630122386c9
MZ,50,2026081001,static-relay,2,2.0,mz-hub-2;mz-hub-4,2,25,True,True,6,0.12,763.2836989096743,2,0.8020816250354983,16,1.0,141ed8f054e8d775423fa176c20eb5323204c7bb01564b1af4a37630122386c9
MZ,50,2026081001,static-relay,4,0.0,mz-hub-2;mz-hub-4;mz-hub-5;mz-hub-8,2,25,True,True,6,0.12,762.902755727948,2,0.80005512497155,12,1.0,141ed8f054e8d775423fa176c20eb5323204c7bb01564b1af4a37630122386c9
MZ,50,2026081001,static-relay,4,0.5,mz-hub-2;mz-hub-4;mz-hub-5;mz-hub-8,2,25,True,True,6,0.12,735.5557547214216,1,0.8019970410387032,10,1.0,141ed8f054e8d775423fa176c20eb5323204c7bb01564b1af4a37630122386c9
MZ,50,2026081001,static-relay,4,1.0,mz-hub-2;mz-hub-4;mz-hub-5;mz-hub-8,2,25,True,True,6,0.12,732.8315767377144,1,0.8071280419826508,13,1.0,141ed8f054e8d775423fa176c20eb5323204c7bb01564b1af4a37630122386c9
MZ,50,2026081001,static-relay,4,2.0,mz-hub-2;mz-hub-4;mz-hub-5;mz-hub-8,2,25,True,True,6,0.12,732.8315767377144,1,0.8008472920046188,11,1.0,141ed8f054e8d775423fa176c20eb5323204c7bb01564b1af4a37630122386c9
MZ,50,2026081001,static-relay,8,0.0,mz-hub-2;mz-hub-4;mz-hub-5;mz-hub-8;mz-hub-1;mz-hub-3;mz-hub-6;mz-hub-7,2,25,True,True,6,0.12,720.0629127393258,0,0.8140120829921216,3,1.0,141ed8f054e8d775423fa176c20eb5323204c7bb01564b1af4a37630122386c9
MZ,50,2026081001,static-relay,8,0.5,mz-hub-2;mz-hub-4;mz-hub-5;mz-hub-8;mz-hub-1;mz-hub-3;mz-hub-6;mz-hub-7,2,25,True,True,6,0.12,735.5557547214216,1,0.8068170829792507,6,1.0,141ed8f054e8d775423fa176c20eb5323204c7bb01564b1af4a37630122386c9
MZ,50,2026081001,static-relay,8,1.0,mz-hub-2;mz-hub-4;mz-hub-5;mz-hub-8;mz-hub-1;mz-hub-3;mz-hub-6;mz-hub-7,2,25,True,True,6,0.12,762.9393060952998,1,0.8140248340205289,6,1.0,141ed8f054e8d775423fa176c20eb5323204c7bb01564b1af4a37630122386c9
MZ,50,2026081001,static-relay,8,2.0,mz-hub-2;mz-hub-4;mz-hub-5;mz-hub-8;mz-hub-1;mz-hub-3;mz-hub-6;mz-hub-7,2,25,True,True,6,0.12,768.2228279028977,1,0.8197229159995914,6,1.0,141ed8f054e8d775423fa176c20eb5323204c7bb01564b1af4a37630122386c9
MZ,50,2026081002,baseline,0,0.0,,2,25,True,True,5,0.1,730.8734000006641,0,0.8008662080392241,0,1.0,bb2a3a75f197698f0d14b4ca9006d7563a12d4ec12ef178dae059da9d0e25c2f
MZ,50,2026081002,static-relay,1,0.0,mz-hub-2,2,25,True,True,5,0.1,820.9383254448145,3,0.8003301250282675,15,1.0,bb2a3a75f197698f0d14b4ca9006d7563a12d4ec12ef178dae059da9d0e25c2f
MZ,50,2026081002,static-relay,1,0.5,mz-hub-2,2,25,True,True,5,0.1,798.7380864032426,3,0.8037152499891818,11,1.0,bb2a3a75f197698f0d14b4ca9006d7563a12d4ec12ef178dae059da9d0e25c2f
MZ,50,2026081002,static-relay,1,1.0,mz-hub-2,2,25,True,True,5,0.1,798.7380864032426,3,0.8020545830368064,14,1.0,bb2a3a75f197698f0d14b4ca9006d7563a12d4ec12ef178dae059da9d0e25c2f
MZ,50,2026081002,static-relay,1,2.0,mz-hub-2,2,25,True,True,5,0.1,798.7380864032426,3,0.8001222500461154,14,1.0,bb2a3a75f197698f0d14b4ca9006d7563a12d4ec12ef178dae059da9d0e25c2f
MZ,50,2026081002,static-relay,2,0.0,mz-hub-2;mz-hub-4,2,25,True,True,5,0.1,789.1986647911478,4,0.8028834169963375,10,1.0,bb2a3a75f197698f0d14b4ca9006d7563a12d4ec12ef178dae059da9d0e25c2f
MZ,50,2026081002,static-relay,2,0.5,mz-hub-2;mz-hub-4,2,25,True,True,5,0.1,789.1986647911478,4,0.8040322500164621,10,1.0,bb2a3a75f197698f0d14b4ca9006d7563a12d4ec12ef178dae059da9d0e25c2f
MZ,50,2026081002,static-relay,2,1.0,mz-hub-2;mz-hub-4,2,25,True,True,5,0.1,819.1305616946116,1,0.8019172920030542,13,1.0,bb2a3a75f197698f0d14b4ca9006d7563a12d4ec12ef178dae059da9d0e25c2f
MZ,50,2026081002,static-relay,2,2.0,mz-hub-2;mz-hub-4,2,25,True,True,5,0.1,789.1986647911478,4,0.8005496250116266,10,1.0,bb2a3a75f197698f0d14b4ca9006d7563a12d4ec12ef178dae059da9d0e25c2f
MZ,50,2026081002,static-relay,4,0.0,mz-hub-2;mz-hub-4;mz-hub-5;mz-hub-8,2,25,True,True,5,0.1,805.6625721097921,0,0.8074682499864139,8,1.0,bb2a3a75f197698f0d14b4ca9006d7563a12d4ec12ef178dae059da9d0e25c2f
MZ,50,2026081002,static-relay,4,0.5,mz-hub-2;mz-hub-4;mz-hub-5;mz-hub-8,2,25,True,True,5,0.1,805.6625721097921,0,0.8007144579896703,6,1.0,bb2a3a75f197698f0d14b4ca9006d7563a12d4ec12ef178dae059da9d0e25c2f
MZ,50,2026081002,static-relay,4,1.0,mz-hub-2;mz-hub-4;mz-hub-5;mz-hub-8,2,25,True,True,5,0.1,805.6625721097921,0,0.8103047090116888,8,1.0,bb2a3a75f197698f0d14b4ca9006d7563a12d4ec12ef178dae059da9d0e25c2f
MZ,50,2026081002,static-relay,4,2.0,mz-hub-2;mz-hub-4;mz-hub-5;mz-hub-8,2,25,True,True,5,0.1,805.6625721097921,0,0.8067658749641851,8,1.0,bb2a3a75f197698f0d14b4ca9006d7563a12d4ec12ef178dae059da9d0e25c2f
MZ,50,2026081002,static-relay,8,0.0,mz-hub-2;mz-hub-4;mz-hub-5;mz-hub-8;mz-hub-1;mz-hub-3;mz-hub-6;mz-hub-7,2,25,True,True,5,0.1,805.6625721097921,0,0.8139154590317048,3,1.0,bb2a3a75f197698f0d14b4ca9006d7563a12d4ec12ef178dae059da9d0e25c2f
MZ,50,2026081002,static-relay,8,0.5,mz-hub-2;mz-hub-4;mz-hub-5;mz-hub-8;mz-hub-1;mz-hub-3;mz-hub-6;mz-hub-7,2,25,True,True,5,0.1,805.6625721097921,0,0.8036583749926649,3,1.0,bb2a3a75f197698f0d14b4ca9006d7563a12d4ec12ef178dae059da9d0e25c2f
MZ,50,2026081002,static-relay,8,1.0,mz-hub-2;mz-hub-4;mz-hub-5;mz-hub-8;mz-hub-1;mz-hub-3;mz-hub-6;mz-hub-7,2,25,True,True,5,0.1,805.6625721097921,0,0.8111777500016615,3,1.0,bb2a3a75f197698f0d14b4ca9006d7563a12d4ec12ef178dae059da9d0e25c2f
MZ,50,2026081002,static-relay,8,2.0,mz-hub-2;mz-hub-4;mz-hub-5;mz-hub-8;mz-hub-1;mz-hub-3;mz-hub-6;mz-hub-7,2,25,True,True,5,0.1,805.6625721097921,0,0.8003402500180528,3,1.0,bb2a3a75f197698f0d14b4ca9006d7563a12d4ec12ef178dae059da9d0e25c2f
MZ,50,2026081003,baseline,0,0.0,,2,25,True,True,8,0.16,657.2687983842382,0,0.8009059160249308,0,1.0,5f6fcbd1e8ab7e20892b0fa1a635187affb7de25dc4988a721d86435c1bf16a5
MZ,50,2026081003,static-relay,1,0.0,mz-hub-2,2,25,True,True,8,0.16,687.7582734202676,0,0.8004339580074884,22,1.0,5f6fcbd1e8ab7e20892b0fa1a635187affb7de25dc4988a721d86435c1bf16a5
MZ,50,2026081003,static-relay,1,0.5,mz-hub-2,2,25,True,True,8,0.16,696.5200666936776,3,0.8013916250201873,19,1.0,5f6fcbd1e8ab7e20892b0fa1a635187affb7de25dc4988a721d86435c1bf16a5
MZ,50,2026081003,static-relay,1,1.0,mz-hub-2,2,25,True,True,8,0.16,687.7582734202676,0,0.8014962080051191,22,1.0,5f6fcbd1e8ab7e20892b0fa1a635187affb7de25dc4988a721d86435c1bf16a5
MZ,50,2026081003,static-relay,1,2.0,mz-hub-2,2,25,True,True,8,0.16,696.5200666936776,3,0.8012815000256523,19,1.0,5f6fcbd1e8ab7e20892b0fa1a635187affb7de25dc4988a721d86435c1bf16a5
MZ,50,2026081003,static-relay,2,0.0,mz-hub-2;mz-hub-4,2,25,True,True,7,0.14,706.3100041167542,3,0.8001782500068657,15,1.0,5f6fcbd1e8ab7e20892b0fa1a635187affb7de25dc4988a721d86435c1bf16a5
MZ,50,2026081003,static-relay,2,0.5,mz-hub-2;mz-hub-4,2,25,True,True,8,0.16,702.653168370206,1,0.8027700000093319,14,1.0,5f6fcbd1e8ab7e20892b0fa1a635187affb7de25dc4988a721d86435c1bf16a5
MZ,50,2026081003,static-relay,2,1.0,mz-hub-2;mz-hub-4,2,25,True,True,8,0.16,702.653168370206,1,0.8005078330170363,14,1.0,5f6fcbd1e8ab7e20892b0fa1a635187affb7de25dc4988a721d86435c1bf16a5
MZ,50,2026081003,static-relay,2,2.0,mz-hub-2;mz-hub-4,2,25,True,True,8,0.16,704.9602196350756,1,0.8049167909775861,14,1.0,5f6fcbd1e8ab7e20892b0fa1a635187affb7de25dc4988a721d86435c1bf16a5
MZ,50,2026081003,static-relay,4,0.0,mz-hub-2;mz-hub-4;mz-hub-5;mz-hub-8,2,25,True,True,8,0.16,702.9956450970217,1,0.8000231250189245,9,1.0,5f6fcbd1e8ab7e20892b0fa1a635187affb7de25dc4988a721d86435c1bf16a5
MZ,50,2026081003,static-relay,4,0.5,mz-hub-2;mz-hub-4;mz-hub-5;mz-hub-8,2,25,True,True,7,0.14,713.4207094977262,1,0.8120877500041388,8,1.0,5f6fcbd1e8ab7e20892b0fa1a635187affb7de25dc4988a721d86435c1bf16a5
MZ,50,2026081003,static-relay,4,1.0,mz-hub-2;mz-hub-4;mz-hub-5;mz-hub-8,2,25,True,True,7,0.14,707.1100217142729,2,0.8005744999973103,9,1.0,5f6fcbd1e8ab7e20892b0fa1a635187affb7de25dc4988a721d86435c1bf16a5
MZ,50,2026081003,static-relay,4,2.0,mz-hub-2;mz-hub-4;mz-hub-5;mz-hub-8,2,25,True,True,7,0.14,707.1100217142729,2,0.8000438330345787,9,1.0,5f6fcbd1e8ab7e20892b0fa1a635187affb7de25dc4988a721d86435c1bf16a5
MZ,50,2026081003,static-relay,8,0.0,mz-hub-2;mz-hub-4;mz-hub-5;mz-hub-8;mz-hub-1;mz-hub-3;mz-hub-6;mz-hub-7,2,25,True,True,8,0.16,702.9956450970217,1,0.8067803749581799,7,1.0,5f6fcbd1e8ab7e20892b0fa1a635187affb7de25dc4988a721d86435c1bf16a5
MZ,50,2026081003,static-relay,8,0.5,mz-hub-2;mz-hub-4;mz-hub-5;mz-hub-8;mz-hub-1;mz-hub-3;mz-hub-6;mz-hub-7,2,25,True,True,7,0.14,713.4207094977262,1,0.8217312910128385,7,1.0,5f6fcbd1e8ab7e20892b0fa1a635187affb7de25dc4988a721d86435c1bf16a5
MZ,50,2026081003,static-relay,8,1.0,mz-hub-2;mz-hub-4;mz-hub-5;mz-hub-8;mz-hub-1;mz-hub-3;mz-hub-6;mz-hub-7,2,25,True,True,8,0.16,702.9956450970217,1,0.8021038749720901,7,1.0,5f6fcbd1e8ab7e20892b0fa1a635187affb7de25dc4988a721d86435c1bf16a5
MZ,50,2026081003,static-relay,8,2.0,mz-hub-2;mz-hub-4;mz-hub-5;mz-hub-8;mz-hub-1;mz-hub-3;mz-hub-6;mz-hub-7,2,25,True,True,8,0.16,702.9956450970217,1,0.8140573750133626,7,1.0,5f6fcbd1e8ab7e20892b0fa1a635187affb7de25dc4988a721d86435c1bf16a5
MZ,50,2026081004,baseline,0,0.0,,2,25,True,True,7,0.14,639.9825363072171,0,0.8097920829895884,0,1.0,eadfdca09fd1ec43d79028b423f326a1e02633ca8a01c57e4524b0f5b7ff8dfc
MZ,50,2026081004,static-relay,1,0.0,mz-hub-2,2,25,True,True,7,0.14,653.079290149615,3,0.8003720000269823,16,1.0,eadfdca09fd1ec43d79028b423f326a1e02633ca8a01c57e4524b0f5b7ff8dfc
MZ,50,2026081004,static-relay,1,0.5,mz-hub-2,2,25,True,True,7,0.14,653.079290149615,3,0.8016857500188053,16,1.0,eadfdca09fd1ec43d79028b423f326a1e02633ca8a01c57e4524b0f5b7ff8dfc
MZ,50,2026081004,static-relay,1,1.0,mz-hub-2,2,25,True,True,7,0.14,653.079290149615,3,0.8022528339643031,16,1.0,eadfdca09fd1ec43d79028b423f326a1e02633ca8a01c57e4524b0f5b7ff8dfc
MZ,50,2026081004,static-relay,1,2.0,mz-hub-2,2,25,True,True,7,0.14,653.1262113066568,3,0.8004639580030926,16,1.0,eadfdca09fd1ec43d79028b423f326a1e02633ca8a01c57e4524b0f5b7ff8dfc
MZ,50,2026081004,static-relay,2,0.0,mz-hub-2;mz-hub-4,2,25,True,True,7,0.14,653.079290149615,3,0.8046392080141231,21,1.0,eadfdca09fd1ec43d79028b423f326a1e02633ca8a01c57e4524b0f5b7ff8dfc
MZ,50,2026081004,static-relay,2,0.5,mz-hub-2;mz-hub-4,2,25,True,True,7,0.14,653.079290149615,3,0.8006928749964572,19,1.0,eadfdca09fd1ec43d79028b423f326a1e02633ca8a01c57e4524b0f5b7ff8dfc
MZ,50,2026081004,static-relay,2,1.0,mz-hub-2;mz-hub-4,2,25,True,True,7,0.14,656.1329374616143,3,0.8018153330194764,17,1.0,eadfdca09fd1ec43d79028b423f326a1e02633ca8a01c57e4524b0f5b7ff8dfc
MZ,50,2026081004,static-relay,2,2.0,mz-hub-2;mz-hub-4,2,25,True,True,7,0.14,653.079290149615,3,0.8045407920144498,21,1.0,eadfdca09fd1ec43d79028b423f326a1e02633ca8a01c57e4524b0f5b7ff8dfc
MZ,50,2026081004,static-relay,4,0.0,mz-hub-2;mz-hub-4;mz-hub-5;mz-hub-8,2,25,True,True,7,0.14,654.0597677291851,1,0.8010030419682153,14,1.0,eadfdca09fd1ec43d79028b423f326a1e02633ca8a01c57e4524b0f5b7ff8dfc
MZ,50,2026081004,static-relay,4,0.5,mz-hub-2;mz-hub-4;mz-hub-5;mz-hub-8,2,25,True,True,7,0.14,654.0597677291851,1,0.8028957910137251,19,1.0,eadfdca09fd1ec43d79028b423f326a1e02633ca8a01c57e4524b0f5b7ff8dfc
MZ,50,2026081004,static-relay,4,1.0,mz-hub-2;mz-hub-4;mz-hub-5;mz-hub-8,2,25,True,True,7,0.14,654.0597677291851,1,0.8000682079582475,14,1.0,eadfdca09fd1ec43d79028b423f326a1e02633ca8a01c57e4524b0f5b7ff8dfc
MZ,50,2026081004,static-relay,4,2.0,mz-hub-2;mz-hub-4;mz-hub-5;mz-hub-8,2,25,True,True,7,0.14,654.0597677291851,1,0.809148375003133,19,1.0,eadfdca09fd1ec43d79028b423f326a1e02633ca8a01c57e4524b0f5b7ff8dfc
MZ,50,2026081004,static-relay,8,0.0,mz-hub-2;mz-hub-4;mz-hub-5;mz-hub-8;mz-hub-1;mz-hub-3;mz-hub-6;mz-hub-7,2,25,True,True,7,0.14,649.0774071129874,1,0.8040771249798127,12,1.0,eadfdca09fd1ec43d79028b423f326a1e02633ca8a01c57e4524b0f5b7ff8dfc
MZ,50,2026081004,static-relay,8,0.5,mz-hub-2;mz-hub-4;mz-hub-5;mz-hub-8;mz-hub-1;mz-hub-3;mz-hub-6;mz-hub-7,2,25,True,True,7,0.14,649.0304859559456,1,0.8145841659861617,12,1.0,eadfdca09fd1ec43d79028b423f326a1e02633ca8a01c57e4524b0f5b7ff8dfc
MZ,50,2026081004,static-relay,8,1.0,mz-hub-2;mz-hub-4;mz-hub-5;mz-hub-8;mz-hub-1;mz-hub-3;mz-hub-6;mz-hub-7,2,25,True,True,7,0.14,649.0774071129874,1,0.8026537919649854,12,1.0,eadfdca09fd1ec43d79028b423f326a1e02633ca8a01c57e4524b0f5b7ff8dfc
MZ,50,2026081004,static-relay,8,2.0,mz-hub-2;mz-hub-4;mz-hub-5;mz-hub-8;mz-hub-1;mz-hub-3;mz-hub-6;mz-hub-7,2,25,True,True,7,0.14,649.0304859559456,1,0.8151501670363359,12,1.0,eadfdca09fd1ec43d79028b423f326a1e02633ca8a01c57e4524b0f5b7ff8dfc
MZ,50,2026081005,baseline,0,0.0,,2,25,True,True,5,0.1,688.1966066122648,0,0.8011138750007376,0,1.0,92da8f7089f65a1ca25280735912fc0e57162629656192c75bbebd339e724cea
MZ,50,2026081005,static-relay,1,0.0,mz-hub-2,2,25,True,True,5,0.1,724.8528245066136,0,0.8000679580145516,21,1.0,92da8f7089f65a1ca25280735912fc0e57162629656192c75bbebd339e724cea
MZ,50,2026081005,static-relay,1,0.5,mz-hub-2,2,25,True,True,5,0.1,724.8528245066136,0,0.8016612080391496,21,1.0,92da8f7089f65a1ca25280735912fc0e57162629656192c75bbebd339e724cea
MZ,50,2026081005,static-relay,1,1.0,mz-hub-2,2,25,True,True,5,0.1,723.7212510351067,0,0.8001225420157425,26,1.0,92da8f7089f65a1ca25280735912fc0e57162629656192c75bbebd339e724cea
MZ,50,2026081005,static-relay,1,2.0,mz-hub-2,2,25,True,True,5,0.1,724.8528245066136,0,0.801589916984085,21,1.0,92da8f7089f65a1ca25280735912fc0e57162629656192c75bbebd339e724cea
MZ,50,2026081005,static-relay,2,0.0,mz-hub-2;mz-hub-4,2,25,True,True,5,0.1,724.3472478480637,1,0.8039266670239158,17,1.0,92da8f7089f65a1ca25280735912fc0e57162629656192c75bbebd339e724cea
MZ,50,2026081005,static-relay,2,0.5,mz-hub-2;mz-hub-4,2,25,True,True,5,0.1,724.3472478480637,1,0.8034852499840781,17,1.0,92da8f7089f65a1ca25280735912fc0e57162629656192c75bbebd339e724cea
MZ,50,2026081005,static-relay,2,1.0,mz-hub-2;mz-hub-4,2,25,True,True,5,0.1,696.4304529170063,2,0.804990790958982,17,1.0,92da8f7089f65a1ca25280735912fc0e57162629656192c75bbebd339e724cea
MZ,50,2026081005,static-relay,2,2.0,mz-hub-2;mz-hub-4,2,25,True,True,5,0.1,699.7788204832184,2,0.8041751660057344,16,1.0,92da8f7089f65a1ca25280735912fc0e57162629656192c75bbebd339e724cea
MZ,50,2026081005,static-relay,4,0.0,mz-hub-2;mz-hub-4;mz-hub-5;mz-hub-8,2,25,True,True,5,0.1,724.3472478480637,1,0.8079787499736995,10,1.0,92da8f7089f65a1ca25280735912fc0e57162629656192c75bbebd339e724cea
MZ,50,2026081005,static-relay,4,0.5,mz-hub-2;mz-hub-4;mz-hub-5;mz-hub-8,2,25,True,True,5,0.1,724.3472478480637,1,0.8021477090078406,10,1.0,92da8f7089f65a1ca25280735912fc0e57162629656192c75bbebd339e724cea
MZ,50,2026081005,static-relay,4,1.0,mz-hub-2;mz-hub-4;mz-hub-5;mz-hub-8,2,25,True,True,5,0.1,724.3472478480637,1,0.8001934579806402,10,1.0,92da8f7089f65a1ca25280735912fc0e57162629656192c75bbebd339e724cea
MZ,50,2026081005,static-relay,4,2.0,mz-hub-2;mz-hub-4;mz-hub-5;mz-hub-8,2,25,True,True,5,0.1,724.3472478480637,1,0.8057181659969501,10,1.0,92da8f7089f65a1ca25280735912fc0e57162629656192c75bbebd339e724cea
MZ,50,2026081005,static-relay,8,0.0,mz-hub-2;mz-hub-4;mz-hub-5;mz-hub-8;mz-hub-1;mz-hub-3;mz-hub-6;mz-hub-7,2,25,True,True,5,0.1,711.4512741034399,0,0.8203138330136426,3,1.0,92da8f7089f65a1ca25280735912fc0e57162629656192c75bbebd339e724cea
MZ,50,2026081005,static-relay,8,0.5,mz-hub-2;mz-hub-4;mz-hub-5;mz-hub-8;mz-hub-1;mz-hub-3;mz-hub-6;mz-hub-7,2,25,True,True,5,0.1,721.9560340724637,1,0.8147720420383848,3,1.0,92da8f7089f65a1ca25280735912fc0e57162629656192c75bbebd339e724cea
MZ,50,2026081005,static-relay,8,1.0,mz-hub-2;mz-hub-4;mz-hub-5;mz-hub-8;mz-hub-1;mz-hub-3;mz-hub-6;mz-hub-7,2,25,True,True,5,0.1,711.4512741034399,0,0.8027560000191443,3,1.0,92da8f7089f65a1ca25280735912fc0e57162629656192c75bbebd339e724cea
MZ,50,2026081005,static-relay,8,2.0,mz-hub-2;mz-hub-4;mz-hub-5;mz-hub-8;mz-hub-1;mz-hub-3;mz-hub-6;mz-hub-7,2,25,True,True,5,0.1,721.9560340724637,1,0.8068277080310509,3,1.0,92da8f7089f65a1ca25280735912fc0e57162629656192c75bbebd339e724cea
MZ,50,2026081006,baseline,0,0.0,,2,25,True,True,5,0.1,619.5889326407267,0,0.8013102500117384,0,1.0,31aaa8fd2f562ff2798ed859acb0fdcc2d0272c444c6bcd9c65d5240e7b08a81
MZ,50,2026081006,static-relay,1,0.0,mz-hub-2,2,25,True,True,4,0.08,656.5443171010357,2,0.8009599169599824,12,1.0,31aaa8fd2f562ff2798ed859acb0fdcc2d0272c444c6bcd9c65d5240e7b08a81
MZ,50,2026081006,static-relay,1,0.5,mz-hub-2,2,25,True,True,4,0.08,656.5443171010357,2,0.8025320000015199,13,1.0,31aaa8fd2f562ff2798ed859acb0fdcc2d0272c444c6bcd9c65d5240e7b08a81
MZ,50,2026081006,static-relay,1,1.0,mz-hub-2,2,25,True,True,4,0.08,656.5443171010357,2,0.8023850829922594,12,1.0,31aaa8fd2f562ff2798ed859acb0fdcc2d0272c444c6bcd9c65d5240e7b08a81
MZ,50,2026081006,static-relay,1,2.0,mz-hub-2,2,25,True,True,4,0.08,656.5443171010357,2,0.801480291003827,13,1.0,31aaa8fd2f562ff2798ed859acb0fdcc2d0272c444c6bcd9c65d5240e7b08a81
MZ,50,2026081006,static-relay,2,0.0,mz-hub-2;mz-hub-4,2,25,True,True,4,0.08,656.5464079840056,1,0.8010561250266619,9,1.0,31aaa8fd2f562ff2798ed859acb0fdcc2d0272c444c6bcd9c65d5240e7b08a81
MZ,50,2026081006,static-relay,2,0.5,mz-hub-2;mz-hub-4,2,25,True,True,4,0.08,656.5464079840056,1,0.8036478749709204,9,1.0,31aaa8fd2f562ff2798ed859acb0fdcc2d0272c444c6bcd9c65d5240e7b08a81
MZ,50,2026081006,static-relay,2,1.0,mz-hub-2;mz-hub-4,2,25,True,True,4,0.08,656.5464079840056,1,0.8067862499738112,9,1.0,31aaa8fd2f562ff2798ed859acb0fdcc2d0272c444c6bcd9c65d5240e7b08a81
MZ,50,2026081006,static-relay,2,2.0,mz-hub-2;mz-hub-4,2,25,True,True,4,0.08,656.5464079840056,1,0.8059852090082131,9,1.0,31aaa8fd2f562ff2798ed859acb0fdcc2d0272c444c6bcd9c65d5240e7b08a81
MZ,50,2026081006,static-relay,4,0.0,mz-hub-2;mz-hub-4;mz-hub-5;mz-hub-8,2,25,True,True,4,0.08,656.5464079840056,1,0.8087999999988824,5,1.0,31aaa8fd2f562ff2798ed859acb0fdcc2d0272c444c6bcd9c65d5240e7b08a81
MZ,50,2026081006,static-relay,4,0.5,mz-hub-2;mz-hub-4;mz-hub-5;mz-hub-8,2,25,True,True,4,0.08,656.5464079840056,1,0.8064077910385095,5,1.0,31aaa8fd2f562ff2798ed859acb0fdcc2d0272c444c6bcd9c65d5240e7b08a81
MZ,50,2026081006,static-relay,4,1.0,mz-hub-2;mz-hub-4;mz-hub-5;mz-hub-8,2,25,True,True,4,0.08,656.5464079840056,1,0.8074297080165707,5,1.0,31aaa8fd2f562ff2798ed859acb0fdcc2d0272c444c6bcd9c65d5240e7b08a81
MZ,50,2026081006,static-relay,4,2.0,mz-hub-2;mz-hub-4;mz-hub-5;mz-hub-8,2,25,True,True,4,0.08,656.5464079840056,1,0.811788292019628,5,1.0,31aaa8fd2f562ff2798ed859acb0fdcc2d0272c444c6bcd9c65d5240e7b08a81
MZ,50,2026081006,static-relay,8,0.0,mz-hub-2;mz-hub-4;mz-hub-5;mz-hub-8;mz-hub-1;mz-hub-3;mz-hub-6;mz-hub-7,2,25,True,True,4,0.08,673.8682161384415,1,0.815390459029004,4,1.0,31aaa8fd2f562ff2798ed859acb0fdcc2d0272c444c6bcd9c65d5240e7b08a81
MZ,50,2026081006,static-relay,8,0.5,mz-hub-2;mz-hub-4;mz-hub-5;mz-hub-8;mz-hub-1;mz-hub-3;mz-hub-6;mz-hub-7,2,25,True,True,4,0.08,673.8682161384415,1,0.8200210829963908,4,1.0,31aaa8fd2f562ff2798ed859acb0fdcc2d0272c444c6bcd9c65d5240e7b08a81
MZ,50,2026081006,static-relay,8,1.0,mz-hub-2;mz-hub-4;mz-hub-5;mz-hub-8;mz-hub-1;mz-hub-3;mz-hub-6;mz-hub-7,2,25,True,True,4,0.08,655.7171801545787,1,0.8102641250006855,3,1.0,31aaa8fd2f562ff2798ed859acb0fdcc2d0272c444c6bcd9c65d5240e7b08a81
MZ,50,2026081006,static-relay,8,2.0,mz-hub-2;mz-hub-4;mz-hub-5;mz-hub-8;mz-hub-1;mz-hub-3;mz-hub-6;mz-hub-7,2,25,True,True,4,0.08,655.7171801545787,1,0.8177993330173194,3,1.0,31aaa8fd2f562ff2798ed859acb0fdcc2d0272c444c6bcd9c65d5240e7b08a81
MZ,50,2026081007,baseline,0,0.0,,2,25,True,True,8,0.16,648.818778127063,0,0.8005352080217563,0,1.0,fa6299ceb15595d697fe9894c17af53704e9b6b186a9ece36e831acef3845389
MZ,50,2026081007,static-relay,1,0.0,mz-hub-2,2,25,True,True,7,0.14,684.8050626860991,0,0.8018171669682488,15,1.0,fa6299ceb15595d697fe9894c17af53704e9b6b186a9ece36e831acef3845389
MZ,50,2026081007,static-relay,1,0.5,mz-hub-2,2,25,True,True,7,0.14,684.8294313244542,0,0.8037086669937707,15,1.0,fa6299ceb15595d697fe9894c17af53704e9b6b186a9ece36e831acef3845389
MZ,50,2026081007,static-relay,1,1.0,mz-hub-2,2,25,True,True,7,0.14,678.8468288455188,0,0.8014771660091355,16,1.0,fa6299ceb15595d697fe9894c17af53704e9b6b186a9ece36e831acef3845389
MZ,50,2026081007,static-relay,1,2.0,mz-hub-2,2,25,True,True,7,0.14,684.8294313244542,0,0.8016882079537027,15,1.0,fa6299ceb15595d697fe9894c17af53704e9b6b186a9ece36e831acef3845389
MZ,50,2026081007,static-relay,2,0.0,mz-hub-2;mz-hub-4,2,25,True,True,7,0.14,678.8468288455188,0,0.8000940419733524,10,1.0,fa6299ceb15595d697fe9894c17af53704e9b6b186a9ece36e831acef3845389
MZ,50,2026081007,static-relay,2,0.5,mz-hub-2;mz-hub-4,2,25,True,True,7,0.14,681.223469365231,2,0.8037912499858066,9,1.0,fa6299ceb15595d697fe9894c17af53704e9b6b186a9ece36e831acef3845389
MZ,50,2026081007,static-relay,2,1.0,mz-hub-2;mz-hub-4,2,25,True,True,7,0.14,681.223469365231,2,0.8002573749981821,10,1.0,fa6299ceb15595d697fe9894c17af53704e9b6b186a9ece36e831acef3845389
MZ,50,2026081007,static-relay,2,2.0,mz-hub-2;mz-hub-4,2,25,True,True,7,0.14,681.223469365231,2,0.8043638750095852,9,1.0,fa6299ceb15595d697fe9894c17af53704e9b6b186a9ece36e831acef3845389
MZ,50,2026081007,static-relay,4,0.0,mz-hub-2;mz-hub-4;mz-hub-5;mz-hub-8,2,25,True,True,7,0.14,677.493114639421,1,0.8052849999512546,4,1.0,fa6299ceb15595d697fe9894c17af53704e9b6b186a9ece36e831acef3845389
MZ,50,2026081007,static-relay,4,0.5,mz-hub-2;mz-hub-4;mz-hub-5;mz-hub-8,2,25,True,True,7,0.14,681.223469365231,2,0.8053858330240473,5,1.0,fa6299ceb15595d697fe9894c17af53704e9b6b186a9ece36e831acef3845389
MZ,50,2026081007,static-relay,4,1.0,mz-hub-2;mz-hub-4;mz-hub-5;mz-hub-8,2,25,True,True,7,0.14,677.493114639421,1,0.8044860829832032,4,1.0,fa6299ceb15595d697fe9894c17af53704e9b6b186a9ece36e831acef3845389
MZ,50,2026081007,static-relay,4,2.0,mz-hub-2;mz-hub-4;mz-hub-5;mz-hub-8,2,25,True,True,7,0.14,681.223469365231,2,0.8016294580302201,5,1.0,fa6299ceb15595d697fe9894c17af53704e9b6b186a9ece36e831acef3845389
MZ,50,2026081007,static-relay,8,0.0,mz-hub-2;mz-hub-4;mz-hub-5;mz-hub-8;mz-hub-1;mz-hub-3;mz-hub-6;mz-hub-7,2,25,True,True,7,0.14,682.8422699550533,1,0.8048713750322349,2,1.0,fa6299ceb15595d697fe9894c17af53704e9b6b186a9ece36e831acef3845389
MZ,50,2026081007,static-relay,8,0.5,mz-hub-2;mz-hub-4;mz-hub-5;mz-hub-8;mz-hub-1;mz-hub-3;mz-hub-6;mz-hub-7,2,25,True,True,7,0.14,682.8422699550533,1,0.8086492920410819,2,1.0,fa6299ceb15595d697fe9894c17af53704e9b6b186a9ece36e831acef3845389
MZ,50,2026081007,static-relay,8,1.0,mz-hub-2;mz-hub-4;mz-hub-5;mz-hub-8;mz-hub-1;mz-hub-3;mz-hub-6;mz-hub-7,2,25,True,True,7,0.14,677.493114639421,1,0.804037583002355,2,1.0,fa6299ceb15595d697fe9894c17af53704e9b6b186a9ece36e831acef3845389
MZ,50,2026081007,static-relay,8,2.0,mz-hub-2;mz-hub-4;mz-hub-5;mz-hub-8;mz-hub-1;mz-hub-3;mz-hub-6;mz-hub-7,2,25,True,True,7,0.14,682.8422699550533,1,0.8063742080121301,2,1.0,fa6299ceb15595d697fe9894c17af53704e9b6b186a9ece36e831acef3845389
MZ,50,2026081008,baseline,0,0.0,,2,25,True,True,7,0.14,640.0723131095591,0,0.8008510830113664,0,1.0,8a2163698d61dd8d6d613aea9086bc4a56a9068152911b462ea1f652c13deab7
MZ,50,2026081008,static-relay,1,0.0,mz-hub-2,2,25,True,True,6,0.12,626.2275248032126,0,0.8000912080169655,17,1.0,8a2163698d61dd8d6d613aea9086bc4a56a9068152911b462ea1f652c13deab7
MZ,50,2026081008,static-relay,1,0.5,mz-hub-2,2,25,True,True,6,0.12,626.2275248032126,0,0.8017989579821005,17,1.0,8a2163698d61dd8d6d613aea9086bc4a56a9068152911b462ea1f652c13deab7
MZ,50,2026081008,static-relay,1,1.0,mz-hub-2,2,25,True,True,6,0.12,626.2275248032126,0,0.8021900000167079,17,1.0,8a2163698d61dd8d6d613aea9086bc4a56a9068152911b462ea1f652c13deab7
MZ,50,2026081008,static-relay,1,2.0,mz-hub-2,2,25,True,True,6,0.12,626.2275248032126,0,0.802834833972156,17,1.0,8a2163698d61dd8d6d613aea9086bc4a56a9068152911b462ea1f652c13deab7
MZ,50,2026081008,static-relay,2,0.0,mz-hub-2;mz-hub-4,2,25,True,True,6,0.12,626.9600142042914,0,0.8054267910192721,15,1.0,8a2163698d61dd8d6d613aea9086bc4a56a9068152911b462ea1f652c13deab7
MZ,50,2026081008,static-relay,2,0.5,mz-hub-2;mz-hub-4,2,25,True,True,6,0.12,626.9600142042914,0,0.8025221669813618,14,1.0,8a2163698d61dd8d6d613aea9086bc4a56a9068152911b462ea1f652c13deab7
MZ,50,2026081008,static-relay,2,1.0,mz-hub-2;mz-hub-4,2,25,True,True,6,0.12,626.9600142042914,0,0.8012309579644352,14,1.0,8a2163698d61dd8d6d613aea9086bc4a56a9068152911b462ea1f652c13deab7
MZ,50,2026081008,static-relay,2,2.0,mz-hub-2;mz-hub-4,2,25,True,True,6,0.12,626.9600142042914,0,0.8041517500532791,14,1.0,8a2163698d61dd8d6d613aea9086bc4a56a9068152911b462ea1f652c13deab7
MZ,50,2026081008,static-relay,4,0.0,mz-hub-2;mz-hub-4;mz-hub-5;mz-hub-8,2,25,True,True,6,0.12,626.9600142042914,0,0.8069103329908103,8,1.0,8a2163698d61dd8d6d613aea9086bc4a56a9068152911b462ea1f652c13deab7
MZ,50,2026081008,static-relay,4,0.5,mz-hub-2;mz-hub-4;mz-hub-5;mz-hub-8,2,25,True,True,6,0.12,626.9600142042914,0,0.8051997909788042,8,1.0,8a2163698d61dd8d6d613aea9086bc4a56a9068152911b462ea1f652c13deab7
MZ,50,2026081008,static-relay,4,1.0,mz-hub-2;mz-hub-4;mz-hub-5;mz-hub-8,2,25,True,True,6,0.12,626.9600142042914,0,0.8080275829997845,8,1.0,8a2163698d61dd8d6d613aea9086bc4a56a9068152911b462ea1f652c13deab7
MZ,50,2026081008,static-relay,4,2.0,mz-hub-2;mz-hub-4;mz-hub-5;mz-hub-8,2,25,True,True,6,0.12,626.9600142042914,0,0.8083001659833826,8,1.0,8a2163698d61dd8d6d613aea9086bc4a56a9068152911b462ea1f652c13deab7
MZ,50,2026081008,static-relay,8,0.0,mz-hub-2;mz-hub-4;mz-hub-5;mz-hub-8;mz-hub-1;mz-hub-3;mz-hub-6;mz-hub-7,2,25,True,True,6,0.12,626.9600142042914,0,0.8078851249883883,2,1.0,8a2163698d61dd8d6d613aea9086bc4a56a9068152911b462ea1f652c13deab7
MZ,50,2026081008,static-relay,8,0.5,mz-hub-2;mz-hub-4;mz-hub-5;mz-hub-8;mz-hub-1;mz-hub-3;mz-hub-6;mz-hub-7,2,25,True,True,6,0.12,626.9600142042914,0,0.801017458026763,2,1.0,8a2163698d61dd8d6d613aea9086bc4a56a9068152911b462ea1f652c13deab7
MZ,50,2026081008,static-relay,8,1.0,mz-hub-2;mz-hub-4;mz-hub-5;mz-hub-8;mz-hub-1;mz-hub-3;mz-hub-6;mz-hub-7,2,25,True,True,6,0.12,626.9600142042914,0,0.8079758329549804,2,1.0,8a2163698d61dd8d6d613aea9086bc4a56a9068152911b462ea1f652c13deab7
MZ,50,2026081008,static-relay,8,2.0,mz-hub-2;mz-hub-4;mz-hub-5;mz-hub-8;mz-hub-1;mz-hub-3;mz-hub-6;mz-hub-7,2,25,True,True,6,0.12,626.9600142042914,0,0.8048849579645321,2,1.0,8a2163698d61dd8d6d613aea9086bc4a56a9068152911b462ea1f652c13deab7
MZ,50,2026081009,baseline,0,0.0,,2,25,True,True,6,0.12,676.188182543183,0,0.8007979580434039,0,1.0,b4b37154711ac7cb7d299445cf3b1dd2b5ba945827f9f11f71ea2875f22ebfee
MZ,50,2026081009,static-relay,1,0.0,mz-hub-2,2,25,True,True,6,0.12,758.9860633280839,0,0.8006070000119507,16,1.0,b4b37154711ac7cb7d299445cf3b1dd2b5ba945827f9f11f71ea2875f22ebfee
MZ,50,2026081009,static-relay,1,0.5,mz-hub-2,2,25,True,True,6,0.12,758.9860633280839,0,0.8003898330498487,15,1.0,b4b37154711ac7cb7d299445cf3b1dd2b5ba945827f9f11f71ea2875f22ebfee
MZ,50,2026081009,static-relay,1,1.0,mz-hub-2,2,25,True,True,6,0.12,758.9860633280839,0,0.800631667021662,16,1.0,b4b37154711ac7cb7d299445cf3b1dd2b5ba945827f9f11f71ea2875f22ebfee
MZ,50,2026081009,static-relay,1,2.0,mz-hub-2,2,25,True,True,6,0.12,758.9860633280839,0,0.8003780840081163,17,1.0,b4b37154711ac7cb7d299445cf3b1dd2b5ba945827f9f11f71ea2875f22ebfee
MZ,50,2026081009,static-relay,2,0.0,mz-hub-2;mz-hub-4,2,25,True,True,6,0.12,758.9860633280839,0,0.8000958330230787,12,1.0,b4b37154711ac7cb7d299445cf3b1dd2b5ba945827f9f11f71ea2875f22ebfee
MZ,50,2026081009,static-relay,2,0.5,mz-hub-2;mz-hub-4,2,25,True,True,6,0.12,758.9860633280839,0,0.8037432919954881,12,1.0,b4b37154711ac7cb7d299445cf3b1dd2b5ba945827f9f11f71ea2875f22ebfee
MZ,50,2026081009,static-relay,2,1.0,mz-hub-2;mz-hub-4,2,25,True,True,6,0.12,758.9860633280839,0,0.8000991250155494,12,1.0,b4b37154711ac7cb7d299445cf3b1dd2b5ba945827f9f11f71ea2875f22ebfee
MZ,50,2026081009,static-relay,2,2.0,mz-hub-2;mz-hub-4,2,25,True,True,6,0.12,758.9860633280839,0,0.8031517080380581,12,1.0,b4b37154711ac7cb7d299445cf3b1dd2b5ba945827f9f11f71ea2875f22ebfee
MZ,50,2026081009,static-relay,4,0.0,mz-hub-2;mz-hub-4;mz-hub-5;mz-hub-8,2,25,True,True,6,0.12,755.1464159366824,1,0.8041727500385605,7,1.0,b4b37154711ac7cb7d299445cf3b1dd2b5ba945827f9f11f71ea2875f22ebfee
MZ,50,2026081009,static-relay,4,0.5,mz-hub-2;mz-hub-4;mz-hub-5;mz-hub-8,2,25,True,True,6,0.12,755.1464159366824,1,0.8091464170138352,7,1.0,b4b37154711ac7cb7d299445cf3b1dd2b5ba945827f9f11f71ea2875f22ebfee
MZ,50,2026081009,static-relay,4,1.0,mz-hub-2;mz-hub-4;mz-hub-5;mz-hub-8,2,25,True,True,6,0.12,755.1464159366824,1,0.8019379999605007,7,1.0,b4b37154711ac7cb7d299445cf3b1dd2b5ba945827f9f11f71ea2875f22ebfee
MZ,50,2026081009,static-relay,4,2.0,mz-hub-2;mz-hub-4;mz-hub-5;mz-hub-8,2,25,True,True,6,0.12,755.1464159366824,1,0.8010189579799771,7,1.0,b4b37154711ac7cb7d299445cf3b1dd2b5ba945827f9f11f71ea2875f22ebfee
MZ,50,2026081009,static-relay,8,0.0,mz-hub-2;mz-hub-4;mz-hub-5;mz-hub-8;mz-hub-1;mz-hub-3;mz-hub-6;mz-hub-7,2,25,True,True,6,0.12,755.1464159366824,1,0.8063049159827642,4,1.0,b4b37154711ac7cb7d299445cf3b1dd2b5ba945827f9f11f71ea2875f22ebfee
MZ,50,2026081009,static-relay,8,0.5,mz-hub-2;mz-hub-4;mz-hub-5;mz-hub-8;mz-hub-1;mz-hub-3;mz-hub-6;mz-hub-7,2,25,True,True,6,0.12,755.1464159366824,1,0.8136232079705223,4,1.0,b4b37154711ac7cb7d299445cf3b1dd2b5ba945827f9f11f71ea2875f22ebfee
MZ,50,2026081009,static-relay,8,1.0,mz-hub-2;mz-hub-4;mz-hub-5;mz-hub-8;mz-hub-1;mz-hub-3;mz-hub-6;mz-hub-7,2,25,True,True,6,0.12,755.1464159366824,1,0.8035907090525143,4,1.0,b4b37154711ac7cb7d299445cf3b1dd2b5ba945827f9f11f71ea2875f22ebfee
MZ,50,2026081009,static-relay,8,2.0,mz-hub-2;mz-hub-4;mz-hub-5;mz-hub-8;mz-hub-1;mz-hub-3;mz-hub-6;mz-hub-7,2,25,True,True,6,0.12,755.1464159366824,1,0.8173779170028865,4,1.0,b4b37154711ac7cb7d299445cf3b1dd2b5ba945827f9f11f71ea2875f22ebfee
MIX,50,2026081000,baseline,0,0.0,,2,25,True,True,16,0.32,411.3416713255285,0,0.8007338330498897,0,1.0,a79eed9b8ab3f06c9c4b36ece12ccc9f62398ec3a1f2d0a1f42b74e291072559
MIX,50,2026081000,static-relay,1,0.0,mix-hub-2,2,25,True,True,16,0.32,433.91239434115033,1,0.8004852079902776,17,1.0,a79eed9b8ab3f06c9c4b36ece12ccc9f62398ec3a1f2d0a1f42b74e291072559
MIX,50,2026081000,static-relay,1,0.5,mix-hub-2,2,25,True,True,16,0.32,429.2283381865189,4,0.8040693340008147,18,1.0,a79eed9b8ab3f06c9c4b36ece12ccc9f62398ec3a1f2d0a1f42b74e291072559
MIX,50,2026081000,static-relay,1,1.0,mix-hub-2,2,25,True,True,16,0.32,433.91239434115033,1,0.8023632499971427,17,1.0,a79eed9b8ab3f06c9c4b36ece12ccc9f62398ec3a1f2d0a1f42b74e291072559
MIX,50,2026081000,static-relay,1,2.0,mix-hub-2,2,25,True,True,16,0.32,429.2283381865189,4,0.8007892919704318,18,1.0,a79eed9b8ab3f06c9c4b36ece12ccc9f62398ec3a1f2d0a1f42b74e291072559
MIX,50,2026081000,static-relay,2,0.0,mix-hub-2;mix-hub-4,2,25,True,True,16,0.32,421.73199912159026,2,0.8042424160521477,14,1.0,a79eed9b8ab3f06c9c4b36ece12ccc9f62398ec3a1f2d0a1f42b74e291072559
MIX,50,2026081000,static-relay,2,0.5,mix-hub-2;mix-hub-4,2,25,True,True,16,0.32,421.73199912159026,2,0.8057879999978468,14,1.0,a79eed9b8ab3f06c9c4b36ece12ccc9f62398ec3a1f2d0a1f42b74e291072559
MIX,50,2026081000,static-relay,2,1.0,mix-hub-2;mix-hub-4,2,25,True,True,16,0.32,430.40809357868324,0,0.8057115830015391,16,1.0,a79eed9b8ab3f06c9c4b36ece12ccc9f62398ec3a1f2d0a1f42b74e291072559
MIX,50,2026081000,static-relay,2,2.0,mix-hub-2;mix-hub-4,2,25,True,True,16,0.32,421.73199912159026,2,0.8001069579622708,14,1.0,a79eed9b8ab3f06c9c4b36ece12ccc9f62398ec3a1f2d0a1f42b74e291072559
MIX,50,2026081000,static-relay,4,0.0,mix-hub-2;mix-hub-4;mix-hub-5;mix-hub-8,2,25,True,True,16,0.32,427.1968374011409,2,0.8014535830006935,16,1.0,a79eed9b8ab3f06c9c4b36ece12ccc9f62398ec3a1f2d0a1f42b74e291072559
MIX,50,2026081000,static-relay,4,0.5,mix-hub-2;mix-hub-4;mix-hub-5;mix-hub-8,2,25,True,True,16,0.32,427.1968374011409,2,0.8003678329987451,16,1.0,a79eed9b8ab3f06c9c4b36ece12ccc9f62398ec3a1f2d0a1f42b74e291072559
MIX,50,2026081000,static-relay,4,1.0,mix-hub-2;mix-hub-4;mix-hub-5;mix-hub-8,2,25,True,True,16,0.32,430.66856126037555,1,0.8031460409983993,14,1.0,a79eed9b8ab3f06c9c4b36ece12ccc9f62398ec3a1f2d0a1f42b74e291072559
MIX,50,2026081000,static-relay,4,2.0,mix-hub-2;mix-hub-4;mix-hub-5;mix-hub-8,2,25,True,True,16,0.32,423.11967014640504,1,0.8024032500106841,19,1.0,a79eed9b8ab3f06c9c4b36ece12ccc9f62398ec3a1f2d0a1f42b74e291072559
MIX,50,2026081000,static-relay,8,0.0,mix-hub-2;mix-hub-4;mix-hub-5;mix-hub-8;mix-hub-1;mix-hub-3;mix-hub-6;mix-hub-7,2,25,True,True,16,0.32,430.66856126037555,1,0.807395666022785,12,1.0,a79eed9b8ab3f06c9c4b36ece12ccc9f62398ec3a1f2d0a1f42b74e291072559
MIX,50,2026081000,static-relay,8,0.5,mix-hub-2;mix-hub-4;mix-hub-5;mix-hub-8;mix-hub-1;mix-hub-3;mix-hub-6;mix-hub-7,2,25,True,True,16,0.32,430.66856126037555,1,0.8042385829612613,12,1.0,a79eed9b8ab3f06c9c4b36ece12ccc9f62398ec3a1f2d0a1f42b74e291072559
MIX,50,2026081000,static-relay,8,1.0,mix-hub-2;mix-hub-4;mix-hub-5;mix-hub-8;mix-hub-1;mix-hub-3;mix-hub-6;mix-hub-7,2,25,True,True,16,0.32,439.5320207926982,0,0.8181939580244943,7,1.0,a79eed9b8ab3f06c9c4b36ece12ccc9f62398ec3a1f2d0a1f42b74e291072559
MIX,50,2026081000,static-relay,8,2.0,mix-hub-2;mix-hub-4;mix-hub-5;mix-hub-8;mix-hub-1;mix-hub-3;mix-hub-6;mix-hub-7,2,25,True,True,16,0.32,430.66856126037555,1,0.800520749995485,12,1.0,a79eed9b8ab3f06c9c4b36ece12ccc9f62398ec3a1f2d0a1f42b74e291072559
MIX,50,2026081001,baseline,0,0.0,,2,25,True,True,15,0.3,379.1146736403362,0,0.8009905829676427,0,1.0,ae3f2983ca23069255a48618e4f165083714d4469c7f7fe3ec9192dd17229806
MIX,50,2026081001,static-relay,1,0.0,mix-hub-2,2,25,True,True,15,0.3,393.6242081993777,1,0.8031564999837428,15,1.0,ae3f2983ca23069255a48618e4f165083714d4469c7f7fe3ec9192dd17229806
MIX,50,2026081001,static-relay,1,0.5,mix-hub-2,2,25,True,True,15,0.3,391.484895110709,1,0.8027745420113206,17,1.0,ae3f2983ca23069255a48618e4f165083714d4469c7f7fe3ec9192dd17229806
MIX,50,2026081001,static-relay,1,1.0,mix-hub-2,2,25,True,True,14,0.28,414.9078046467031,1,0.8009808749775402,18,1.0,ae3f2983ca23069255a48618e4f165083714d4469c7f7fe3ec9192dd17229806
MIX,50,2026081001,static-relay,1,2.0,mix-hub-2,2,25,True,True,15,0.3,391.484895110709,1,0.8039082500035875,17,1.0,ae3f2983ca23069255a48618e4f165083714d4469c7f7fe3ec9192dd17229806
MIX,50,2026081001,static-relay,2,0.0,mix-hub-2;mix-hub-4,2,25,True,True,13,0.26,424.12117784709005,2,0.8082826250465587,21,1.0,ae3f2983ca23069255a48618e4f165083714d4469c7f7fe3ec9192dd17229806
MIX,50,2026081001,static-relay,2,0.5,mix-hub-2;mix-hub-4,2,25,True,True,14,0.28,402.0070302968635,1,0.8006772500229999,21,1.0,ae3f2983ca23069255a48618e4f165083714d4469c7f7fe3ec9192dd17229806
MIX,50,2026081001,static-relay,2,1.0,mix-hub-2;mix-hub-4,2,25,True,True,15,0.3,393.75399479818645,0,0.8034417079761624,8,1.0,ae3f2983ca23069255a48618e4f165083714d4469c7f7fe3ec9192dd17229806
MIX,50,2026081001,static-relay,2,2.0,mix-hub-2;mix-hub-4,2,25,True,True,15,0.3,393.75399479818645,0,0.8053555419901386,8,1.0,ae3f2983ca23069255a48618e4f165083714d4469c7f7fe3ec9192dd17229806
MIX,50,2026081001,static-relay,4,0.0,mix-hub-2;mix-hub-4;mix-hub-5;mix-hub-8,2,25,True,True,13,0.26,410.43471935587115,1,0.8100115419947542,10,1.0,ae3f2983ca23069255a48618e4f165083714d4469c7f7fe3ec9192dd17229806
MIX,50,2026081001,static-relay,4,0.5,mix-hub-2;mix-hub-4;mix-hub-5;mix-hub-8,2,25,True,True,15,0.3,416.03349440857505,1,0.8015456249704584,10,1.0,ae3f2983ca23069255a48618e4f165083714d4469c7f7fe3ec9192dd17229806
MIX,50,2026081001,static-relay,4,1.0,mix-hub-2;mix-hub-4;mix-hub-5;mix-hub-8,2,25,True,True,13,0.26,426.3371762918398,1,0.8082391670322977,6,1.0,ae3f2983ca23069255a48618e4f165083714d4469c7f7fe3ec9192dd17229806
MIX,50,2026081001,static-relay,4,2.0,mix-hub-2;mix-hub-4;mix-hub-5;mix-hub-8,2,25,True,True,14,0.28,409.8946180724364,1,0.805336834047921,10,1.0,ae3f2983ca23069255a48618e4f165083714d4469c7f7fe3ec9192dd17229806
MIX,50,2026081001,static-relay,8,0.0,mix-hub-2;mix-hub-4;mix-hub-5;mix-hub-8;mix-hub-1;mix-hub-3;mix-hub-6;mix-hub-7,2,25,True,True,15,0.3,395.89330788685515,0,0.8126743329921737,5,1.0,ae3f2983ca23069255a48618e4f165083714d4469c7f7fe3ec9192dd17229806
MIX,50,2026081001,static-relay,8,0.5,mix-hub-2;mix-hub-4;mix-hub-5;mix-hub-8;mix-hub-1;mix-hub-3;mix-hub-6;mix-hub-7,2,25,True,True,13,0.26,447.72761239325064,0,0.8105825419770554,5,1.0,ae3f2983ca23069255a48618e4f165083714d4469c7f7fe3ec9192dd17229806
MIX,50,2026081001,static-relay,8,1.0,mix-hub-2;mix-hub-4;mix-hub-5;mix-hub-8;mix-hub-1;mix-hub-3;mix-hub-6;mix-hub-7,2,25,True,True,15,0.3,416.03349440857505,1,0.8001669589430094,6,1.0,ae3f2983ca23069255a48618e4f165083714d4469c7f7fe3ec9192dd17229806
MIX,50,2026081001,static-relay,8,2.0,mix-hub-2;mix-hub-4;mix-hub-5;mix-hub-8;mix-hub-1;mix-hub-3;mix-hub-6;mix-hub-7,2,25,True,True,15,0.3,395.89330788685515,0,0.8218307500355877,5,1.0,ae3f2983ca23069255a48618e4f165083714d4469c7f7fe3ec9192dd17229806
MIX,50,2026081002,baseline,0,0.0,,2,25,True,True,15,0.3,408.77840139640193,0,0.8009629999869503,0,1.0,b005ef7ec2867fc07492b1af19aa23f59cea113e80c97e95005e9571b277729a
MIX,50,2026081002,static-relay,1,0.0,mix-hub-2,2,25,True,True,14,0.28,448.32738128542803,0,0.8016011659638025,15,1.0,b005ef7ec2867fc07492b1af19aa23f59cea113e80c97e95005e9571b277729a
MIX,50,2026081002,static-relay,1,0.5,mix-hub-2,2,25,True,True,14,0.28,448.32738128542803,0,0.8040612500044517,15,1.0,b005ef7ec2867fc07492b1af19aa23f59cea113e80c97e95005e9571b277729a
MIX,50,2026081002,static-relay,1,1.0,mix-hub-2,2,25,True,True,14,0.28,448.32738128542803,0,0.8027767079765908,15,1.0,b005ef7ec2867fc07492b1af19aa23f59cea113e80c97e95005e9571b277729a
MIX,50,2026081002,static-relay,1,2.0,mix-hub-2,2,25,True,True,14,0.28,440.5797176277747,0,0.8000757499830797,16,1.0,b005ef7ec2867fc07492b1af19aa23f59cea113e80c97e95005e9571b277729a
MIX,50,2026081002,static-relay,2,0.0,mix-hub-2;mix-hub-4,2,25,True,True,14,0.28,446.41599162445067,1,0.8058488329988904,11,1.0,b005ef7ec2867fc07492b1af19aa23f59cea113e80c97e95005e9571b277729a
MIX,50,2026081002,static-relay,2,0.5,mix-hub-2;mix-hub-4,2,25,True,True,14,0.28,446.41599162445067,1,0.8073077500448562,11,1.0,b005ef7ec2867fc07492b1af19aa23f59cea113e80c97e95005e9571b277729a
MIX,50,2026081002,static-relay,2,1.0,mix-hub-2;mix-hub-4,2,25,True,True,14,0.28,446.41599162445067,1,0.8030281250248663,11,1.0,b005ef7ec2867fc07492b1af19aa23f59cea113e80c97e95005e9571b277729a
MIX,50,2026081002,static-relay,2,2.0,mix-hub-2;mix-hub-4,2,25,True,True,14,0.28,446.41599162445067,1,0.8063532499945723,11,1.0,b005ef7ec2867fc07492b1af19aa23f59cea113e80c97e95005e9571b277729a
MIX,50,2026081002,static-relay,4,0.0,mix-hub-2;mix-hub-4;mix-hub-5;mix-hub-8,2,25,True,True,14,0.28,450.44843116935783,0,0.8155307080014609,6,1.0,b005ef7ec2867fc07492b1af19aa23f59cea113e80c97e95005e9571b277729a
MIX,50,2026081002,static-relay,4,0.5,mix-hub-2;mix-hub-4;mix-hub-5;mix-hub-8,2,25,True,True,14,0.28,450.44843116935783,0,0.8142457919893786,6,1.0,b005ef7ec2867fc07492b1af19aa23f59cea113e80c97e95005e9571b277729a
MIX,50,2026081002,static-relay,4,1.0,mix-hub-2;mix-hub-4;mix-hub-5;mix-hub-8,2,25,True,True,14,0.28,450.44843116935783,0,0.81339816597756,6,1.0,b005ef7ec2867fc07492b1af19aa23f59cea113e80c97e95005e9571b277729a
MIX,50,2026081002,static-relay,4,2.0,mix-hub-2;mix-hub-4;mix-hub-5;mix-hub-8,2,25,True,True,14,0.28,450.44843116935783,0,0.8035575409885496,6,1.0,b005ef7ec2867fc07492b1af19aa23f59cea113e80c97e95005e9571b277729a
MIX,50,2026081002,static-relay,8,0.0,mix-hub-2;mix-hub-4;mix-hub-5;mix-hub-8;mix-hub-1;mix-hub-3;mix-hub-6;mix-hub-7,2,25,True,True,14,0.28,450.28590115348004,1,0.8233432089909911,4,1.0,b005ef7ec2867fc07492b1af19aa23f59cea113e80c97e95005e9571b277729a
MIX,50,2026081002,static-relay,8,0.5,mix-hub-2;mix-hub-4;mix-hub-5;mix-hub-8;mix-hub-1;mix-hub-3;mix-hub-6;mix-hub-7,2,25,True,True,14,0.28,442.6908048093679,0,0.8089037909521721,2,1.0,b005ef7ec2867fc07492b1af19aa23f59cea113e80c97e95005e9571b277729a
MIX,50,2026081002,static-relay,8,1.0,mix-hub-2;mix-hub-4;mix-hub-5;mix-hub-8;mix-hub-1;mix-hub-3;mix-hub-6;mix-hub-7,2,25,True,True,14,0.28,450.28590115348004,1,0.8223441669833846,4,1.0,b005ef7ec2867fc07492b1af19aa23f59cea113e80c97e95005e9571b277729a
MIX,50,2026081002,static-relay,8,2.0,mix-hub-2;mix-hub-4;mix-hub-5;mix-hub-8;mix-hub-1;mix-hub-3;mix-hub-6;mix-hub-7,2,25,True,True,14,0.28,442.6908048093679,0,0.8212274999823421,2,1.0,b005ef7ec2867fc07492b1af19aa23f59cea113e80c97e95005e9571b277729a
MIX,50,2026081003,baseline,0,0.0,,2,25,True,True,16,0.32,376.1631714977523,0,0.8005359999951907,0,1.0,1dc1353764410c04c04bfd67503c5937e2ac3a6b6a5b7bbaf527359771bd836e
MIX,50,2026081003,static-relay,1,0.0,mix-hub-2,2,25,True,True,14,0.28,371.9219390440671,4,0.8033323339768685,21,1.0,1dc1353764410c04c04bfd67503c5937e2ac3a6b6a5b7bbaf527359771bd836e
MIX,50,2026081003,static-relay,1,0.5,mix-hub-2,2,25,True,True,14,0.28,371.9219390440671,4,0.8001127919997089,18,1.0,1dc1353764410c04c04bfd67503c5937e2ac3a6b6a5b7bbaf527359771bd836e
MIX,50,2026081003,static-relay,1,1.0,mix-hub-2,2,25,True,True,14,0.28,448.11266279843323,1,0.8000683750142343,12,1.0,1dc1353764410c04c04bfd67503c5937e2ac3a6b6a5b7bbaf527359771bd836e
MIX,50,2026081003,static-relay,1,2.0,mix-hub-2,2,25,True,True,14,0.28,448.11266279843323,1,0.8024658329668455,11,1.0,1dc1353764410c04c04bfd67503c5937e2ac3a6b6a5b7bbaf527359771bd836e
MIX,50,2026081003,static-relay,2,0.0,mix-hub-2;mix-hub-4,2,25,True,True,14,0.28,424.3405560436854,1,0.8007003749953583,6,1.0,1dc1353764410c04c04bfd67503c5937e2ac3a6b6a5b7bbaf527359771bd836e
MIX,50,2026081003,static-relay,2,0.5,mix-hub-2;mix-hub-4,2,25,True,True,14,0.28,379.7079159159364,0,0.8025193749926984,14,1.0,1dc1353764410c04c04bfd67503c5937e2ac3a6b6a5b7bbaf527359771bd836e
MIX,50,2026081003,static-relay,2,1.0,mix-hub-2;mix-hub-4,2,25,True,True,14,0.28,379.7079159159364,0,0.8022121659596451,14,1.0,1dc1353764410c04c04bfd67503c5937e2ac3a6b6a5b7bbaf527359771bd836e
MIX,50,2026081003,static-relay,2,2.0,mix-hub-2;mix-hub-4,2,25,True,True,14,0.28,379.7079159159364,0,0.8001850420259871,14,1.0,1dc1353764410c04c04bfd67503c5937e2ac3a6b6a5b7bbaf527359771bd836e
MIX,50,2026081003,static-relay,4,0.0,mix-hub-2;mix-hub-4;mix-hub-5;mix-hub-8,2,25,True,True,14,0.28,382.60735426273425,0,0.8000800000154413,10,1.0,1dc1353764410c04c04bfd67503c5937e2ac3a6b6a5b7bbaf527359771bd836e
MIX,50,2026081003,static-relay,4,0.5,mix-hub-2;mix-hub-4;mix-hub-5;mix-hub-8,2,25,True,True,14,0.28,379.7079159159364,0,0.8007555000367574,10,1.0,1dc1353764410c04c04bfd67503c5937e2ac3a6b6a5b7bbaf527359771bd836e
MIX,50,2026081003,static-relay,4,1.0,mix-hub-2;mix-hub-4;mix-hub-5;mix-hub-8,2,25,True,True,14,0.28,379.7079159159364,0,0.810430167010054,10,1.0,1dc1353764410c04c04bfd67503c5937e2ac3a6b6a5b7bbaf527359771bd836e
MIX,50,2026081003,static-relay,4,2.0,mix-hub-2;mix-hub-4;mix-hub-5;mix-hub-8,2,25,True,True,14,0.28,379.7079159159364,0,0.8049175000051036,10,1.0,1dc1353764410c04c04bfd67503c5937e2ac3a6b6a5b7bbaf527359771bd836e
MIX,50,2026081003,static-relay,8,0.0,mix-hub-2;mix-hub-4;mix-hub-5;mix-hub-8;mix-hub-1;mix-hub-3;mix-hub-6;mix-hub-7,2,25,True,True,14,0.28,378.6199387287313,1,0.8076631249859929,7,1.0,1dc1353764410c04c04bfd67503c5937e2ac3a6b6a5b7bbaf527359771bd836e
MIX,50,2026081003,static-relay,8,0.5,mix-hub-2;mix-hub-4;mix-hub-5;mix-hub-8;mix-hub-1;mix-hub-3;mix-hub-6;mix-hub-7,2,25,True,True,14,0.28,378.6199387287313,1,0.8077388749807142,7,1.0,1dc1353764410c04c04bfd67503c5937e2ac3a6b6a5b7bbaf527359771bd836e
MIX,50,2026081003,static-relay,8,1.0,mix-hub-2;mix-hub-4;mix-hub-5;mix-hub-8;mix-hub-1;mix-hub-3;mix-hub-6;mix-hub-7,2,25,True,True,14,0.28,378.6199387287313,1,0.8098237920203246,7,1.0,1dc1353764410c04c04bfd67503c5937e2ac3a6b6a5b7bbaf527359771bd836e
MIX,50,2026081003,static-relay,8,2.0,mix-hub-2;mix-hub-4;mix-hub-5;mix-hub-8;mix-hub-1;mix-hub-3;mix-hub-6;mix-hub-7,2,25,True,True,14,0.28,379.22984846727957,1,0.8002267919946462,7,1.0,1dc1353764410c04c04bfd67503c5937e2ac3a6b6a5b7bbaf527359771bd836e
MIX,50,2026081004,baseline,0,0.0,,2,25,True,True,16,0.32,398.5098212762633,0,0.8008599589811638,0,1.0,f7ec3d60053f59c2ca15b482d55a619617443693f302bbd5dc5bcd28a9414061
MIX,50,2026081004,static-relay,1,0.0,mix-hub-2,2,25,True,True,16,0.32,424.61396524200006,3,0.8023672500276007,19,1.0,f7ec3d60053f59c2ca15b482d55a619617443693f302bbd5dc5bcd28a9414061
MIX,50,2026081004,static-relay,1,0.5,mix-hub-2,2,25,True,True,16,0.32,418.12860148312393,2,0.8004163340083323,20,1.0,f7ec3d60053f59c2ca15b482d55a619617443693f302bbd5dc5bcd28a9414061
MIX,50,2026081004,static-relay,1,1.0,mix-hub-2,2,25,True,True,16,0.32,418.12860148312393,2,0.8029435829957947,20,1.0,f7ec3d60053f59c2ca15b482d55a619617443693f302bbd5dc5bcd28a9414061
MIX,50,2026081004,static-relay,1,2.0,mix-hub-2,2,25,True,True,16,0.32,418.12860148312393,2,0.8002181659685448,20,1.0,f7ec3d60053f59c2ca15b482d55a619617443693f302bbd5dc5bcd28a9414061
MIX,50,2026081004,static-relay,2,0.0,mix-hub-2;mix-hub-4,2,25,True,True,16,0.32,405.52465425075064,1,0.8024839999852702,16,1.0,f7ec3d60053f59c2ca15b482d55a619617443693f302bbd5dc5bcd28a9414061
MIX,50,2026081004,static-relay,2,0.5,mix-hub-2;mix-hub-4,2,25,True,True,16,0.32,405.52465425075064,1,0.8001068329904228,16,1.0,f7ec3d60053f59c2ca15b482d55a619617443693f302bbd5dc5bcd28a9414061
MIX,50,2026081004,static-relay,2,1.0,mix-hub-2;mix-hub-4,2,25,True,True,16,0.32,425.44759551175105,1,0.8058004589984193,18,1.0,f7ec3d60053f59c2ca15b482d55a619617443693f302bbd5dc5bcd28a9414061
MIX,50,2026081004,static-relay,2,2.0,mix-hub-2;mix-hub-4,2,25,True,True,16,0.32,405.52465425075064,1,0.801983334007673,16,1.0,f7ec3d60053f59c2ca15b482d55a619617443693f302bbd5dc5bcd28a9414061
MIX,50,2026081004,static-relay,4,0.0,mix-hub-2;mix-hub-4;mix-hub-5;mix-hub-8,2,25,True,True,16,0.32,404.59047007784983,1,0.8056164579465985,15,1.0,f7ec3d60053f59c2ca15b482d55a619617443693f302bbd5dc5bcd28a9414061
MIX,50,2026081004,static-relay,4,0.5,mix-hub-2;mix-hub-4;mix-hub-5;mix-hub-8,2,25,True,True,16,0.32,399.7743138919939,2,0.802977874991484,16,1.0,f7ec3d60053f59c2ca15b482d55a619617443693f302bbd5dc5bcd28a9414061
MIX,50,2026081004,static-relay,4,1.0,mix-hub-2;mix-hub-4;mix-hub-5;mix-hub-8,2,25,True,True,16,0.32,407.43418158647154,2,0.8132637499948032,14,1.0,f7ec3d60053f59c2ca15b482d55a619617443693f302bbd5dc5bcd28a9414061
MIX,50,2026081004,static-relay,4,2.0,mix-hub-2;mix-hub-4;mix-hub-5;mix-hub-8,2,25,True,True,16,0.32,404.59047007784983,1,0.8097197499591857,15,1.0,f7ec3d60053f59c2ca15b482d55a619617443693f302bbd5dc5bcd28a9414061
MIX,50,2026081004,static-relay,8,0.0,mix-hub-2;mix-hub-4;mix-hub-5;mix-hub-8;mix-hub-1;mix-hub-3;mix-hub-6;mix-hub-7,2,25,True,True,16,0.32,407.67831067856196,1,0.8183539170422591,12,1.0,f7ec3d60053f59c2ca15b482d55a619617443693f302bbd5dc5bcd28a9414061
MIX,50,2026081004,static-relay,8,0.5,mix-hub-2;mix-hub-4;mix-hub-5;mix-hub-8;mix-hub-1;mix-hub-3;mix-hub-6;mix-hub-7,2,25,True,True,16,0.32,405.52465425075064,1,0.8137795830261894,12,1.0,f7ec3d60053f59c2ca15b482d55a619617443693f302bbd5dc5bcd28a9414061
MIX,50,2026081004,static-relay,8,1.0,mix-hub-2;mix-hub-4;mix-hub-5;mix-hub-8;mix-hub-1;mix-hub-3;mix-hub-6;mix-hub-7,2,25,True,True,16,0.32,425.0764761316128,1,0.810630583029706,12,1.0,f7ec3d60053f59c2ca15b482d55a619617443693f302bbd5dc5bcd28a9414061
MIX,50,2026081004,static-relay,8,2.0,mix-hub-2;mix-hub-4;mix-hub-5;mix-hub-8;mix-hub-1;mix-hub-3;mix-hub-6;mix-hub-7,2,25,True,True,16,0.32,407.67831067856196,1,0.8089474170119502,12,1.0,f7ec3d60053f59c2ca15b482d55a619617443693f302bbd5dc5bcd28a9414061
MIX,50,2026081005,baseline,0,0.0,,2,25,True,True,14,0.28,555.3227693935191,0,0.8013764169882052,0,1.0,983d575637eb54a845e81bfa94e19114607376fc46d136633356787bb57a8843
MIX,50,2026081005,static-relay,1,0.0,mix-hub-2,2,25,True,True,12,0.24,577.8256033309599,0,0.8039014579844661,12,1.0,983d575637eb54a845e81bfa94e19114607376fc46d136633356787bb57a8843
MIX,50,2026081005,static-relay,1,0.5,mix-hub-2,2,25,True,True,12,0.24,576.35911247502,2,0.8001012920285575,15,1.0,983d575637eb54a845e81bfa94e19114607376fc46d136633356787bb57a8843
MIX,50,2026081005,static-relay,1,1.0,mix-hub-2,2,25,True,True,12,0.24,536.0026773074551,2,0.8021345419692807,16,1.0,983d575637eb54a845e81bfa94e19114607376fc46d136633356787bb57a8843
MIX,50,2026081005,static-relay,1,2.0,mix-hub-2,2,25,True,True,12,0.24,536.0026773074551,2,0.8000642079859972,17,1.0,983d575637eb54a845e81bfa94e19114607376fc46d136633356787bb57a8843
MIX,50,2026081005,static-relay,2,0.0,mix-hub-2;mix-hub-4,2,25,True,True,12,0.24,540.1624973085175,1,0.8054197920137085,15,1.0,983d575637eb54a845e81bfa94e19114607376fc46d136633356787bb57a8843
MIX,50,2026081005,static-relay,2,0.5,mix-hub-2;mix-hub-4,2,25,True,True,12,0.24,570.0254706239726,2,0.8000651669572107,15,1.0,983d575637eb54a845e81bfa94e19114607376fc46d136633356787bb57a8843
MIX,50,2026081005,static-relay,2,1.0,mix-hub-2;mix-hub-4,2,25,True,True,12,0.24,570.0254706239726,2,0.8030907079810277,18,1.0,983d575637eb54a845e81bfa94e19114607376fc46d136633356787bb57a8843
MIX,50,2026081005,static-relay,2,2.0,mix-hub-2;mix-hub-4,2,25,True,True,12,0.24,570.0254706239726,2,0.8024942079791799,17,1.0,983d575637eb54a845e81bfa94e19114607376fc46d136633356787bb57a8843
MIX,50,2026081005,static-relay,4,0.0,mix-hub-2;mix-hub-4;mix-hub-5;mix-hub-8,2,25,True,True,12,0.24,567.2034671929689,2,0.8111116250511259,10,1.0,983d575637eb54a845e81bfa94e19114607376fc46d136633356787bb57a8843
MIX,50,2026081005,static-relay,4,0.5,mix-hub-2;mix-hub-4;mix-hub-5;mix-hub-8,2,25,True,True,12,0.24,548.8686370826559,3,0.8003137920168228,9,1.0,983d575637eb54a845e81bfa94e19114607376fc46d136633356787bb57a8843
MIX,50,2026081005,static-relay,4,1.0,mix-hub-2;mix-hub-4;mix-hub-5;mix-hub-8,2,25,True,True,12,0.24,540.1624973085175,1,0.8035692920093425,10,1.0,983d575637eb54a845e81bfa94e19114607376fc46d136633356787bb57a8843
MIX,50,2026081005,static-relay,4,2.0,mix-hub-2;mix-hub-4;mix-hub-5;mix-hub-8,2,25,True,True,12,0.24,567.2034671929689,2,0.8099982079584152,10,1.0,983d575637eb54a845e81bfa94e19114607376fc46d136633356787bb57a8843
MIX,50,2026081005,static-relay,8,0.0,mix-hub-2;mix-hub-4;mix-hub-5;mix-hub-8;mix-hub-1;mix-hub-3;mix-hub-6;mix-hub-7,2,25,True,True,12,0.24,577.2277840733525,1,0.8209557079826482,3,1.0,983d575637eb54a845e81bfa94e19114607376fc46d136633356787bb57a8843
MIX,50,2026081005,static-relay,8,0.5,mix-hub-2;mix-hub-4;mix-hub-5;mix-hub-8;mix-hub-1;mix-hub-3;mix-hub-6;mix-hub-7,2,25,True,True,12,0.24,550.2450165064272,1,0.816582917002961,3,1.0,983d575637eb54a845e81bfa94e19114607376fc46d136633356787bb57a8843
MIX,50,2026081005,static-relay,8,1.0,mix-hub-2;mix-hub-4;mix-hub-5;mix-hub-8;mix-hub-1;mix-hub-3;mix-hub-6;mix-hub-7,2,25,True,True,12,0.24,550.8573580322051,1,0.8030868750065565,3,1.0,983d575637eb54a845e81bfa94e19114607376fc46d136633356787bb57a8843
MIX,50,2026081005,static-relay,8,2.0,mix-hub-2;mix-hub-4;mix-hub-5;mix-hub-8;mix-hub-1;mix-hub-3;mix-hub-6;mix-hub-7,2,25,True,True,12,0.24,577.2277840733525,1,0.8006577920168638,3,1.0,983d575637eb54a845e81bfa94e19114607376fc46d136633356787bb57a8843
MIX,50,2026081006,baseline,0,0.0,,2,25,True,True,13,0.26,385.2358723766161,0,0.8006887080264278,0,1.0,d362a0ffc11170245710c5a4ac3ab38b76115b3924ebbe48329a409675e2c7a6
MIX,50,2026081006,static-relay,1,0.0,mix-hub-2,2,25,True,True,11,0.22,403.9805206865876,0,0.8014647089876235,16,1.0,d362a0ffc11170245710c5a4ac3ab38b76115b3924ebbe48329a409675e2c7a6
MIX,50,2026081006,static-relay,1,0.5,mix-hub-2,2,25,True,True,11,0.22,403.9805206865876,0,0.8026492089848034,17,1.0,d362a0ffc11170245710c5a4ac3ab38b76115b3924ebbe48329a409675e2c7a6
MIX,50,2026081006,static-relay,1,1.0,mix-hub-2,2,25,True,True,11,0.22,403.9805206865876,0,0.8009087090031244,17,1.0,d362a0ffc11170245710c5a4ac3ab38b76115b3924ebbe48329a409675e2c7a6
MIX,50,2026081006,static-relay,1,2.0,mix-hub-2,2,25,True,True,11,0.22,403.9805206865876,0,0.8006603749818169,16,1.0,d362a0ffc11170245710c5a4ac3ab38b76115b3924ebbe48329a409675e2c7a6
MIX,50,2026081006,static-relay,2,0.0,mix-hub-2;mix-hub-4,2,25,True,True,11,0.22,397.51881223457815,1,0.8005585410282947,13,1.0,d362a0ffc11170245710c5a4ac3ab38b76115b3924ebbe48329a409675e2c7a6
MIX,50,2026081006,static-relay,2,0.5,mix-hub-2;mix-hub-4,2,25,True,True,11,0.22,397.51881223457815,1,0.8055895419674926,11,1.0,d362a0ffc11170245710c5a4ac3ab38b76115b3924ebbe48329a409675e2c7a6
MIX,50,2026081006,static-relay,2,1.0,mix-hub-2;mix-hub-4,2,25,True,True,11,0.22,397.51881223457815,1,0.801049834000878,13,1.0,d362a0ffc11170245710c5a4ac3ab38b76115b3924ebbe48329a409675e2c7a6
MIX,50,2026081006,static-relay,2,2.0,mix-hub-2;mix-hub-4,2,25,True,True,11,0.22,397.51881223457815,1,0.8012780839926563,13,1.0,d362a0ffc11170245710c5a4ac3ab38b76115b3924ebbe48329a409675e2c7a6
MIX,50,2026081006,static-relay,4,0.0,mix-hub-2;mix-hub-4;mix-hub-5;mix-hub-8,2,25,True,True,11,0.22,400.6326431620229,1,0.8025486670085229,9,1.0,d362a0ffc11170245710c5a4ac3ab38b76115b3924ebbe48329a409675e2c7a6
MIX,50,2026081006,static-relay,4,0.5,mix-hub-2;mix-hub-4;mix-hub-5;mix-hub-8,2,25,True,True,11,0.22,400.6326431620229,1,0.8035575420362875,9,1.0,d362a0ffc11170245710c5a4ac3ab38b76115b3924ebbe48329a409675e2c7a6
MIX,50,2026081006,static-relay,4,1.0,mix-hub-2;mix-hub-4;mix-hub-5;mix-hub-8,2,25,True,True,11,0.22,405.4609826603832,1,0.8077142499969341,9,1.0,d362a0ffc11170245710c5a4ac3ab38b76115b3924ebbe48329a409675e2c7a6
MIX,50,2026081006,static-relay,4,2.0,mix-hub-2;mix-hub-4;mix-hub-5;mix-hub-8,2,25,True,True,11,0.22,405.4609826603832,1,0.8073745419969782,9,1.0,d362a0ffc11170245710c5a4ac3ab38b76115b3924ebbe48329a409675e2c7a6
MIX,50,2026081006,static-relay,8,0.0,mix-hub-2;mix-hub-4;mix-hub-5;mix-hub-8;mix-hub-1;mix-hub-3;mix-hub-6;mix-hub-7,2,25,True,True,11,0.22,400.6578205680852,1,0.8071442500222474,4,1.0,d362a0ffc11170245710c5a4ac3ab38b76115b3924ebbe48329a409675e2c7a6
MIX,50,2026081006,static-relay,8,0.5,mix-hub-2;mix-hub-4;mix-hub-5;mix-hub-8;mix-hub-1;mix-hub-3;mix-hub-6;mix-hub-7,2,25,True,True,11,0.22,400.6578205680852,1,0.8134972919942811,4,1.0,d362a0ffc11170245710c5a4ac3ab38b76115b3924ebbe48329a409675e2c7a6
MIX,50,2026081006,static-relay,8,1.0,mix-hub-2;mix-hub-4;mix-hub-5;mix-hub-8;mix-hub-1;mix-hub-3;mix-hub-6;mix-hub-7,2,25,True,True,11,0.22,400.6578205680852,1,0.810605457983911,4,1.0,d362a0ffc11170245710c5a4ac3ab38b76115b3924ebbe48329a409675e2c7a6
MIX,50,2026081006,static-relay,8,2.0,mix-hub-2;mix-hub-4;mix-hub-5;mix-hub-8;mix-hub-1;mix-hub-3;mix-hub-6;mix-hub-7,2,25,True,True,11,0.22,400.6578205680852,1,0.8145350409904495,4,1.0,d362a0ffc11170245710c5a4ac3ab38b76115b3924ebbe48329a409675e2c7a6
MIX,50,2026081007,baseline,0,0.0,,2,25,True,True,12,0.24,457.92129058146804,0,0.8009016669820994,0,1.0,75016f2b303c78648135e12ad9300848664178052bc80ad116ba3f902d8951ec
MIX,50,2026081007,static-relay,1,0.0,mix-hub-2,2,25,True,True,12,0.24,498.1396852886682,3,0.8000950420391746,13,1.0,75016f2b303c78648135e12ad9300848664178052bc80ad116ba3f902d8951ec
MIX,50,2026081007,static-relay,1,0.5,mix-hub-2,2,25,True,True,12,0.24,498.1396852886682,3,0.800294250017032,13,1.0,75016f2b303c78648135e12ad9300848664178052bc80ad116ba3f902d8951ec
MIX,50,2026081007,static-relay,1,1.0,mix-hub-2,2,25,True,True,11,0.22,473.49226532464917,2,0.8014170419774018,15,1.0,75016f2b303c78648135e12ad9300848664178052bc80ad116ba3f902d8951ec
MIX,50,2026081007,static-relay,1,2.0,mix-hub-2,2,25,True,True,12,0.24,498.1396852886682,3,0.8002155420253985,13,1.0,75016f2b303c78648135e12ad9300848664178052bc80ad116ba3f902d8951ec
MIX,50,2026081007,static-relay,2,0.0,mix-hub-2;mix-hub-4,2,25,True,True,11,0.22,480.2294606314575,0,0.8004939170205034,13,1.0,75016f2b303c78648135e12ad9300848664178052bc80ad116ba3f902d8951ec
MIX,50,2026081007,static-relay,2,0.5,mix-hub-2;mix-hub-4,2,25,True,True,11,0.22,480.2294606314575,0,0.8011918749543838,13,1.0,75016f2b303c78648135e12ad9300848664178052bc80ad116ba3f902d8951ec
MIX,50,2026081007,static-relay,2,1.0,mix-hub-2;mix-hub-4,2,25,True,True,11,0.22,515.4483276420617,3,0.8024910829844885,8,1.0,75016f2b303c78648135e12ad9300848664178052bc80ad116ba3f902d8951ec
MIX,50,2026081007,static-relay,2,2.0,mix-hub-2;mix-hub-4,2,25,True,True,11,0.22,480.2294606314575,0,0.8061802909942344,13,1.0,75016f2b303c78648135e12ad9300848664178052bc80ad116ba3f902d8951ec
MIX,50,2026081007,static-relay,4,0.0,mix-hub-2;mix-hub-4;mix-hub-5;mix-hub-8,2,25,True,True,11,0.22,515.9447195302098,0,0.800204458006192,3,1.0,75016f2b303c78648135e12ad9300848664178052bc80ad116ba3f902d8951ec
MIX,50,2026081007,static-relay,4,0.5,mix-hub-2;mix-hub-4;mix-hub-5;mix-hub-8,2,25,True,True,11,0.22,480.2294606314575,0,0.812522042018827,4,1.0,75016f2b303c78648135e12ad9300848664178052bc80ad116ba3f902d8951ec
MIX,50,2026081007,static-relay,4,1.0,mix-hub-2;mix-hub-4;mix-hub-5;mix-hub-8,2,25,True,True,11,0.22,480.2294606314575,0,0.8119449999649078,4,1.0,75016f2b303c78648135e12ad9300848664178052bc80ad116ba3f902d8951ec
MIX,50,2026081007,static-relay,4,2.0,mix-hub-2;mix-hub-4;mix-hub-5;mix-hub-8,2,25,True,True,12,0.24,496.74854768645616,1,0.8070955419680104,3,1.0,75016f2b303c78648135e12ad9300848664178052bc80ad116ba3f902d8951ec
MIX,50,2026081007,static-relay,8,0.0,mix-hub-2;mix-hub-4;mix-hub-5;mix-hub-8;mix-hub-1;mix-hub-3;mix-hub-6;mix-hub-7,2,25,True,True,11,0.22,480.2294606314575,0,0.8149371669860557,2,1.0,75016f2b303c78648135e12ad9300848664178052bc80ad116ba3f902d8951ec
MIX,50,2026081007,static-relay,8,0.5,mix-hub-2;mix-hub-4;mix-hub-5;mix-hub-8;mix-hub-1;mix-hub-3;mix-hub-6;mix-hub-7,2,25,True,True,11,0.22,480.2294606314575,0,0.8136443339753896,2,1.0,75016f2b303c78648135e12ad9300848664178052bc80ad116ba3f902d8951ec
MIX,50,2026081007,static-relay,8,1.0,mix-hub-2;mix-hub-4;mix-hub-5;mix-hub-8;mix-hub-1;mix-hub-3;mix-hub-6;mix-hub-7,2,25,True,True,11,0.22,502.4380782461678,0,0.8027136250166222,2,1.0,75016f2b303c78648135e12ad9300848664178052bc80ad116ba3f902d8951ec
MIX,50,2026081007,static-relay,8,2.0,mix-hub-2;mix-hub-4;mix-hub-5;mix-hub-8;mix-hub-1;mix-hub-3;mix-hub-6;mix-hub-7,2,25,True,True,12,0.24,496.74854768645616,1,0.8222447080188431,2,1.0,75016f2b303c78648135e12ad9300848664178052bc80ad116ba3f902d8951ec
MIX,50,2026081008,baseline,0,0.0,,2,25,True,True,17,0.34,449.37042775556154,0,0.80048233398702,0,1.0,eeaae4fc1a0d0a1a416bff3a68470aeadbebcfc84e436eacab99fb929376eadc
MIX,50,2026081008,static-relay,1,0.0,mix-hub-2,2,25,True,True,15,0.3,470.78173699058516,0,0.8017965000472032,13,1.0,eeaae4fc1a0d0a1a416bff3a68470aeadbebcfc84e436eacab99fb929376eadc
MIX,50,2026081008,static-relay,1,0.5,mix-hub-2,2,25,True,True,15,0.3,466.447155305722,1,0.8032932080095634,16,1.0,eeaae4fc1a0d0a1a416bff3a68470aeadbebcfc84e436eacab99fb929376eadc
MIX,50,2026081008,static-relay,1,1.0,mix-hub-2,2,25,True,True,15,0.3,466.447155305722,1,0.8018202080274932,16,1.0,eeaae4fc1a0d0a1a416bff3a68470aeadbebcfc84e436eacab99fb929376eadc
MIX,50,2026081008,static-relay,1,2.0,mix-hub-2,2,25,True,True,15,0.3,465.66286364147084,2,0.8016465410473756,20,1.0,eeaae4fc1a0d0a1a416bff3a68470aeadbebcfc84e436eacab99fb929376eadc
MIX,50,2026081008,static-relay,2,0.0,mix-hub-2;mix-hub-4,2,25,True,True,15,0.3,469.4063404793213,0,0.8087184999603778,5,1.0,eeaae4fc1a0d0a1a416bff3a68470aeadbebcfc84e436eacab99fb929376eadc
MIX,50,2026081008,static-relay,2,0.5,mix-hub-2;mix-hub-4,2,25,True,True,15,0.3,466.67909636949145,2,0.8045524589833803,7,1.0,eeaae4fc1a0d0a1a416bff3a68470aeadbebcfc84e436eacab99fb929376eadc
MIX,50,2026081008,static-relay,2,1.0,mix-hub-2;mix-hub-4,2,25,True,True,15,0.3,466.67909636949145,2,0.8032952499925159,7,1.0,eeaae4fc1a0d0a1a416bff3a68470aeadbebcfc84e436eacab99fb929376eadc
MIX,50,2026081008,static-relay,2,2.0,mix-hub-2;mix-hub-4,2,25,True,True,15,0.3,466.67909636949145,2,0.8027934579877183,7,1.0,eeaae4fc1a0d0a1a416bff3a68470aeadbebcfc84e436eacab99fb929376eadc
MIX,50,2026081008,static-relay,4,0.0,mix-hub-2;mix-hub-4;mix-hub-5;mix-hub-8,2,25,True,True,15,0.3,466.5723853399412,2,0.8070760419941507,4,1.0,eeaae4fc1a0d0a1a416bff3a68470aeadbebcfc84e436eacab99fb929376eadc
MIX,50,2026081008,static-relay,4,0.5,mix-hub-2;mix-hub-4;mix-hub-5;mix-hub-8,2,25,True,True,15,0.3,466.5723853399412,2,0.8013984999852255,4,1.0,eeaae4fc1a0d0a1a416bff3a68470aeadbebcfc84e436eacab99fb929376eadc
MIX,50,2026081008,static-relay,4,1.0,mix-hub-2;mix-hub-4;mix-hub-5;mix-hub-8,2,25,True,True,15,0.3,466.5723853399412,2,0.8100421659764834,4,1.0,eeaae4fc1a0d0a1a416bff3a68470aeadbebcfc84e436eacab99fb929376eadc
MIX,50,2026081008,static-relay,4,2.0,mix-hub-2;mix-hub-4;mix-hub-5;mix-hub-8,2,25,True,True,15,0.3,466.5723853399412,2,0.8014493329683319,4,1.0,eeaae4fc1a0d0a1a416bff3a68470aeadbebcfc84e436eacab99fb929376eadc
MIX,50,2026081008,static-relay,8,0.0,mix-hub-2;mix-hub-4;mix-hub-5;mix-hub-8;mix-hub-1;mix-hub-3;mix-hub-6;mix-hub-7,2,25,True,True,15,0.3,469.4267912731413,1,0.8168789580231532,3,1.0,eeaae4fc1a0d0a1a416bff3a68470aeadbebcfc84e436eacab99fb929376eadc
MIX,50,2026081008,static-relay,8,0.5,mix-hub-2;mix-hub-4;mix-hub-5;mix-hub-8;mix-hub-1;mix-hub-3;mix-hub-6;mix-hub-7,2,25,True,True,15,0.3,471.45998112755996,1,0.8193910830304958,3,1.0,eeaae4fc1a0d0a1a416bff3a68470aeadbebcfc84e436eacab99fb929376eadc
MIX,50,2026081008,static-relay,8,1.0,mix-hub-2;mix-hub-4;mix-hub-5;mix-hub-8;mix-hub-1;mix-hub-3;mix-hub-6;mix-hub-7,2,25,True,True,15,0.3,469.4267912731413,1,0.809514082968235,3,1.0,eeaae4fc1a0d0a1a416bff3a68470aeadbebcfc84e436eacab99fb929376eadc
MIX,50,2026081008,static-relay,8,2.0,mix-hub-2;mix-hub-4;mix-hub-5;mix-hub-8;mix-hub-1;mix-hub-3;mix-hub-6;mix-hub-7,2,25,True,True,15,0.3,469.4267912731413,1,0.8122679580119438,3,1.0,eeaae4fc1a0d0a1a416bff3a68470aeadbebcfc84e436eacab99fb929376eadc
MIX,50,2026081009,baseline,0,0.0,,2,25,True,True,16,0.32,352.248146605811,0,0.8009948339895345,0,1.0,eee891a64abf120c576b2f1922baab9193d0556c057e6db190d6b263336a0a23
MIX,50,2026081009,static-relay,1,0.0,mix-hub-2,2,25,True,True,16,0.32,371.45552755648055,1,0.8009353750385344,18,1.0,eee891a64abf120c576b2f1922baab9193d0556c057e6db190d6b263336a0a23
MIX,50,2026081009,static-relay,1,0.5,mix-hub-2,2,25,True,True,16,0.32,366.93375464320286,1,0.8002996250288561,15,1.0,eee891a64abf120c576b2f1922baab9193d0556c057e6db190d6b263336a0a23
MIX,50,2026081009,static-relay,1,1.0,mix-hub-2,2,25,True,True,16,0.32,365.42790891024345,3,0.8000555830076337,15,1.0,eee891a64abf120c576b2f1922baab9193d0556c057e6db190d6b263336a0a23
MIX,50,2026081009,static-relay,1,2.0,mix-hub-2,2,25,True,True,16,0.32,365.42790891024345,3,0.8001711659599096,15,1.0,eee891a64abf120c576b2f1922baab9193d0556c057e6db190d6b263336a0a23
MIX,50,2026081009,static-relay,2,0.0,mix-hub-2;mix-hub-4,2,25,True,True,16,0.32,371.45552755648055,1,0.8054677080363035,15,1.0,eee891a64abf120c576b2f1922baab9193d0556c057e6db190d6b263336a0a23
MIX,50,2026081009,static-relay,2,0.5,mix-hub-2;mix-hub-4,2,25,True,True,16,0.32,365.8520334386742,1,0.8056895000045188,16,1.0,eee891a64abf120c576b2f1922baab9193d0556c057e6db190d6b263336a0a23
MIX,50,2026081009,static-relay,2,1.0,mix-hub-2;mix-hub-4,2,25,True,True,16,0.32,365.8520334386742,1,0.804970333003439,16,1.0,eee891a64abf120c576b2f1922baab9193d0556c057e6db190d6b263336a0a23
MIX,50,2026081009,static-relay,2,2.0,mix-hub-2;mix-hub-4,2,25,True,True,16,0.32,360.80653711510314,4,0.8033753330237232,9,1.0,eee891a64abf120c576b2f1922baab9193d0556c057e6db190d6b263336a0a23
MIX,50,2026081009,static-relay,4,0.0,mix-hub-2;mix-hub-4;mix-hub-5;mix-hub-8,2,25,True,True,16,0.32,371.45552755648055,1,0.8080014170263894,6,1.0,eee891a64abf120c576b2f1922baab9193d0556c057e6db190d6b263336a0a23
MIX,50,2026081009,static-relay,4,0.5,mix-hub-2;mix-hub-4;mix-hub-5;mix-hub-8,2,25,True,True,16,0.32,371.45552755648055,1,0.8033475839765742,6,1.0,eee891a64abf120c576b2f1922baab9193d0556c057e6db190d6b263336a0a23
MIX,50,2026081009,static-relay,4,1.0,mix-hub-2;mix-hub-4;mix-hub-5;mix-hub-8,2,25,True,True,16,0.32,367.2489060186531,2,0.811725125007797,6,1.0,eee891a64abf120c576b2f1922baab9193d0556c057e6db190d6b263336a0a23
MIX,50,2026081009,static-relay,4,2.0,mix-hub-2;mix-hub-4;mix-hub-5;mix-hub-8,2,25,True,True,16,0.32,367.44098310961795,2,0.803423749981448,6,1.0,eee891a64abf120c576b2f1922baab9193d0556c057e6db190d6b263336a0a23
MIX,50,2026081009,static-relay,8,0.0,mix-hub-2;mix-hub-4;mix-hub-5;mix-hub-8;mix-hub-1;mix-hub-3;mix-hub-6;mix-hub-7,2,25,True,True,16,0.32,369.9671986777632,0,0.8014777500065975,2,1.0,eee891a64abf120c576b2f1922baab9193d0556c057e6db190d6b263336a0a23
MIX,50,2026081009,static-relay,8,0.5,mix-hub-2;mix-hub-4;mix-hub-5;mix-hub-8;mix-hub-1;mix-hub-3;mix-hub-6;mix-hub-7,2,25,True,True,16,0.32,370.15927576872804,0,0.800841209013015,2,1.0,eee891a64abf120c576b2f1922baab9193d0556c057e6db190d6b263336a0a23
MIX,50,2026081009,static-relay,8,1.0,mix-hub-2;mix-hub-4;mix-hub-5;mix-hub-8;mix-hub-1;mix-hub-3;mix-hub-6;mix-hub-7,2,25,True,True,16,0.32,369.9671986777632,0,0.8147505830274895,2,1.0,eee891a64abf120c576b2f1922baab9193d0556c057e6db190d6b263336a0a23
MIX,50,2026081009,static-relay,8,2.0,mix-hub-2;mix-hub-4;mix-hub-5;mix-hub-8;mix-hub-1;mix-hub-3;mix-hub-6;mix-hub-7,2,25,True,True,16,0.32,371.33055688644697,1,0.8135326670017093,3,1.0,eee891a64abf120c576b2f1922baab9193d0556c057e6db190d6b263336a0a23
