task_i,task_j,S_ij_km
1,2,0.02204
1,3,-0.412959
1,4,-2.081358
1,5,-1.210132
1,6,1.346623
1,7,4.868956
1,8,4.336136
1,9,-0.250035
1,10,0.369039
1,11,-1.689636
1,12,-1.668514
1,13,-1.901181
1,14,-4.901179
1,15,4.842035
1,16,3.068724
1,17,1.755726
1,18,1.076662
1,19,-0.073001
1,20,-1.20713
1,21,-2.350001
1,22,-2.065226
1,23,1.520278
1,24,5.229844
1,25,1.941629
1,26,-0.109413
1,27,-2.343832
1,28,-1.238824
1,29,-0.757939
1,30,-2.619488
1,31,2.734722
1,32,-0.898022
1,33,-0.493462
1,34,-0.116704
1,35,-3.860838
1,36,1.701685
1,37,1.997265
1,38,0.831455
1,39,0.222139
1,40,1.00572
1,41,4.941038
1,42,-4.91937
1,43,-0.020044
1,44,0.436569
1,45,2.602897
1,46,-0.039605
1,47,0.724378
1,48,3.555503
1,49,-0.832699
1,50,1.300892
1,51,-1.515677
1,52,0.103685
1,53,1.899973
1,54,0.460248
1,55,-0.701406
1,56,0.018134
1,57,-0.631921
1,58,-2.477362
1,59,-1.978305
1,60,1.454665
1,61,-0.256707
1,62,5.533363
1,63,3.726915
1,64,0.486274
1,65,0.030258
1,66,0.421293
1,67,-0.623474
1,68,-0.347752
1,69,-0.020759
1,70,2.404498
1,71,0.211565
1,72,4.386967
1,73,-0.968038
1,74,0.018213
1,75,-0.545531
1,76,-0.408781
1,77,1.100678
1,78,4.737834
1,79,5.075757
1,80,3.366573
1,81,0.229097
1,82,6.258729
1,83,0.043374
1,84,1.412307
1,85,3.66637
1,86,-1.248346
1,87,-1.256249
1,88,0.765877
1,89,-1.066301
1,90,0.070231
1,91,6.079881
1,92,-6.87303
1,93,-0.038696
1,94,-2.477214
1,95,-3.916833
1,96,5.127991
1,97,1.513564
1,98,6.490408
1,99,-0.536087
1,100,2.119676
1,101,5.304436
1,102,0.45951
1,103,1.89877
1,104,2.231765
1,105,1.633672
1,106,-2.183295
1,107,-1.151427
1,108,3.213518
1,109,4.844843
1,110,-0.844627
1,111,0.252889
1,112,1.830064
1,113,-1.74578
1,114,4.953383
1,115,0.603029
1,116,-2.615633
1,117,0.359563
1,118,-6.656498
1,119,-3.004549
1,120,0.091233
1,121,-5.882146
1,122,-0.774918
1,123,-1.369671
1,124,5.19108
1,125,-2.134631
1,126,-2.121352
1,127,1.251424
1,128,-1.057573
1,129,-5.005797
1,130,1.99807
1,131,0.704116
1,132,-0.374517
1,133,0.008922
1,134,-6.372655
1,135,-1.860362
1,136,6.746129
1,137,3.97755
1,138,3.234987
1,139,-2.81808
1,140,-3.620429
1,141,-4.798237
1,142,-3.537952
1,143,1.869479
1,144,-0.791733
1,145,4.900648
1,146,-5.272715
1,147,-0.301211
1,148,-2.465469
1,149,-0.933533
1,150,4.818172
1,151,-0.530934
1,152,4.52206
1,153,0.393299
1,154,0.018629
1,155,-2.266635
1,156,1.044694
1,157,2.112613
1,158,2.484599
1,159,-0.611692
1,160,1.45482
1,161,0.907997
1,162,-0.417875
1,163,5.359357
1,164,-0.406067
1,165,-0.262026
1,166,4.651108
1,167,-3.823773
1,168,0.17413
1,169,-0.517157
1,170,-1.062331
1,171,-1.020184
1,172,-0.556447
1,173,0.488925
1,174,4.306364
1,175,-1.998602
1,176,-1.398831
1,177,-2.213378
1,178,-2.516741
1,179,-0.013159
1,180,-3.045267
1,181,-0.924604
1,182,2.254093
1,183,-2.154663
1,184,1.18569
1,185,0.683638
1,186,-0.039297
1,187,0.143002
1,188,-4.07517
1,189,1.451607
1,190,1.890491
1,191,4.50934
1,192,-1.537435
1,193,-3.181365
1,194,-0.854111
1,195,0.442855
1,196,-2.037921
1,197,-0.803426
1,198,-0.079939
1,199,3.823967
1,200,-2.755892
2,3,2.713012
2,4,-0.076289
2,5,2.946686
2,6,2.229353
2,7,3.111897
2,8,5.384892
2,9,-2.062868
2,10,1.442273
2,11,-2.331932
2,12,7.439889
2,13,0.180286
2,14,-0.329314
2,15,4.851292
2,16,7.966912
2,17,10.278722
2,18,-1.895567
2,19,0.081024
2,20,5.196457
2,21,-0.757682
2,22,1.138355
2,23,0.009404
2,24,3.821522
2,25,9.436977
2,26,4.319846
2,27,2.40722
2,28,0.895838
2,29,4.059453
2,30,3.116191
2,31,6.316428
2,32,2.180954
2,33,0.016272
2,34,8.979469
2,35,1.075653
2,36,-2.708717
2,37,0.108129
2,38,1.980357
2,39,-0.171676
2,40,-1.247061
2,41,3.046953
2,42,0.369564
2,43,3.638179
2,44,-0.172671
2,45,6.760577
2,46,-3.687286
2,47,2.689717
2,48,5.106423
2,49,2.086006
2,50,0.216233
2,51,0.714694
2,52,0.603125
2,53,4.488225
2,54,3.160818
2,55,-2.213354
2,56,-1.077026
2,57,6.833758
2,58,0.985677
2,59,0.065541
2,60,1.993594
2,61,-0.827565
2,62,4.961695
2,63,1.966539
2,64,7.817483
2,65,3.183057
2,66,2.530061
2,67,6.542293
2,68,0.753253
2,69,3.099548
2,70,6.539236
2,71,4.53474
2,72,1.481644
2,73,-0.273428
2,74,3.198355
2,75,-0.212784
2,76,-1.224567
2,77,-1.847969
2,78,4.603141
2,79,4.453177
2,80,2.784892
2,81,-2.527699
2,82,5.906955
2,83,0.239599
2,84,0.946669
2,85,7.073814
2,86,0.706159
2,87,3.514963
2,88,0.391646
2,89,2.266056
2,90,3.254943
2,91,2.811564
2,92,-0.46586
2,93,-0.095148
2,94,0.531102
2,95,-5.541923
2,96,2.478333
2,97,1.304119
2,98,3.731425
2,99,5.406566
2,100,-0.425967
2,101,2.946744
2,102,-2.287147
2,103,0.077679
2,104,-0.826156
2,105,0.061113
2,106,5.22238
2,107,-0.032466
2,108,7.243885
2,109,6.416119
2,110,0.077054
2,111,0.836566
2,112,1.770541
2,113,7.18648
2,114,1.333556
2,115,0.600308
2,116,-0.754698
2,117,3.907398
2,118,0.873295
2,119,1.232156
2,120,6.46406
2,121,1.951634
2,122,1.048925
2,123,3.499562
2,124,4.048459
2,125,-0.262204
2,126,2.488738
2,127,2.706814
2,128,4.033919
2,129,-0.559185
2,130,1.803528
2,131,-1.09945
2,132,-0.707996
2,133,3.925266
2,134,0.192051
2,135,0.369916
2,136,3.404883
2,137,4.915074
2,138,1.417228
2,139,1.304152
2,140,1.334457
2,141,1.867676
2,142,0.688813
2,143,4.597595
2,144,3.851885
2,145,5.703279
2,146,-1.032449
2,147,0.35716
2,148,-0.017616
2,149,0.00114
2,150,2.620785
2,151,2.22507
2,152,1.973952
2,153,-0.878554
2,154,2.123976
2,155,1.467532
2,156,-0.208478
2,157,6.262721
2,158,6.276506
2,159,-0.838721
2,160,1.330025
2,161,1.400018
2,162,1.336098
2,163,4.404203
2,164,5.977684
2,165,3.663901
2,166,4.347703
2,167,2.846168
2,168,0.881
2,169,-3.660887
2,170,-0.184803
2,171,-3.879143
2,172,0.10358
2,173,3.082096
2,174,2.455901
2,175,0.026079
2,176,3.66391
2,177,5.023763
2,178,4.67708
2,179,2.229455
2,180,1.179134
2,181,0.367452
2,182,8.303746
2,183,0.14942
2,184,-0.003294
2,185,0.327764
2,186,-0.493559
2,187,0.555225
2,188,-0.346527
2,189,-1.045411
2,190,-0.197812
2,191,1.793137
2,192,5.168423
2,193,0.248329
2,194,0.05371
2,195,4.413978
2,196,0.527402
2,197,7.113
2,198,4.375915
2,199,5.412176
2,200,-5.444251
3,4,0.566869
3,5,4.236021
3,6,6.424323
3,7,12.452622
3,8,10.688068
3,9,4.948536
3,10,3.745959
3,11,-1.884891
3,12,5.21065
3,13,0.674892
3,14,-0.76223
3,15,13.151608
3,16,4.917176
3,17,3.588685
3,18,0.788839
3,19,0.368483
3,20,0.875976
3,21,-0.227172
3,22,-0.08169
3,23,3.860659
3,24,7.168555
3,25,3.096731
3,26,0.16414
3,27,2.612564
3,28,0.09509
3,29,4.355911
3,30,-0.622721
3,31,9.371104
3,32,-0.017655
3,33,0.108584
3,34,5.356289
3,35,1.662976
3,36,1.772707
3,37,4.630428
3,38,0.662073
3,39,0.06931
3,40,0.673842
3,41,11.669325
3,42,-1.53023
3,43,0.387896
3,44,2.201314
3,45,4.931547
3,46,-0.43417
3,47,2.114985
3,48,10.113381
3,49,-0.912365
3,50,3.253613
3,51,0.346186
3,52,-0.398602
3,53,3.546058
3,54,0.292036
3,55,-1.526891
3,56,-0.486315
3,57,4.178419
3,58,-0.334661
3,59,0.957336
3,60,2.907336
3,61,1.046177
3,62,7.95858
3,63,11.627695
3,64,4.374573
3,65,0.291779
3,66,0.937525
3,67,1.815609
3,68,0.077208
3,69,3.118534
3,70,4.664297
3,71,0.485158
3,72,8.353126
3,73,0.014566
3,74,-0.083587
3,75,5.052543
3,76,3.065875
3,77,1.211651
3,78,10.831558
3,79,8.204648
3,80,3.559114
3,81,0.069929
3,82,13.186491
3,83,-0.448918
3,84,4.819137
3,85,5.677567
3,86,0.216849
3,87,-0.08337
3,88,5.033593
3,89,0.132807
3,90,0.183782
3,91,5.924156
3,92,-1.765553
3,93,0.576955
3,94,0.104633
3,95,-0.020734
3,96,9.535587
3,97,1.556976
3,98,12.35094
3,99,1.40106
3,100,6.469711
3,101,6.37095
3,102,0.006575
3,103,3.085029
3,104,3.433916
3,105,3.178106
3,106,1.081429
3,107,-1.79823
3,108,4.902412
3,109,7.448961
3,110,2.435037
3,111,0.148857
3,112,8.293039
3,113,4.352882
3,114,6.440433
3,115,1.005771
3,116,2.071603
3,117,0.78906
3,118,-1.559116
3,119,-0.35747
3,120,2.114294
3,121,-1.832638
3,122,3.301705
3,123,-0.167152
3,124,11.302866
3,125,1.363894
3,126,-0.206799
3,127,1.225918
3,128,1.45416
3,129,-1.319214
3,130,2.304438
3,131,1.606921
3,132,2.527785
3,133,0.376399
3,134,-2.143459
3,135,0.662613
3,136,11.143785
3,137,10.43051
3,138,4.700163
3,139,-0.399727
3,140,0.157724
3,141,0.621921
3,142,0.319636
3,143,2.417374
3,144,-0.531797
3,145,12.621266
3,146,0.154575
3,147,0.042867
3,148,0.30011
3,149,1.501837
3,150,7.233219
3,151,0.023326
3,152,3.936737
3,153,3.81307
3,154,-0.281188
3,155,0.116941
3,156,3.056108
3,157,4.003277
3,158,4.332666
3,159,0.597824
3,160,1.164009
3,161,5.465487
3,162,-0.995297
3,163,8.512136
3,164,1.248304
3,165,6.035076
3,166,8.709635
3,167,-0.403058
3,168,0.810853
3,169,2.507183
3,170,2.149599
3,171,1.250585
3,172,3.045194
3,173,2.697055
3,174,10.068658
3,175,0.781526
3,176,-0.130842
3,177,0.658726
3,178,-0.129844
3,179,-0.437665
3,180,-0.518826
3,181,4.175213
3,182,3.556832
3,183,1.283421
3,184,3.150082
3,185,1.802551
3,186,2.182241
3,187,0.121366
3,188,-0.48086
3,189,1.936303
3,190,3.886999
3,191,6.49597
3,192,1.743938
3,193,-0.621904
3,194,0.6238
3,195,0.381052
3,196,1.279401
3,197,1.368321
3,198,0.983397
3,199,4.964597
3,200,0.179929
4,5,2.272157
4,6,0.372662
4,7,2.684948
4,8,3.289433
4,9,-1.707569
4,10,0.288012
4,11,-7.255055
4,12,2.154292
4,13,-0.315527
4,14,-2.233124
4,15,3.269421
4,16,4.339644
4,17,3.247525
4,18,-2.690775
4,19,-0.716386
4,20,2.794787
4,21,-0.713841
4,22,0.340527
4,23,0.109307
4,24,-0.305908
4,25,3.562351
4,26,1.013231
4,27,2.635724
4,28,0.220777
4,29,0.310468
4,30,1.154285
4,31,3.846255
4,32,0.618952
4,33,-0.799746
4,34,3.343116
4,35,-1.030743
4,36,-2.88115
4,37,0.148632
4,38,-1.224447
4,39,-1.470184
4,40,-2.299528
4,41,2.439621
4,42,-1.063715
4,43,0.743277
4,44,0.006646
4,45,4.638168
4,46,-4.895495
4,47,-0.942487
4,48,3.688081
4,49,-3.172194
4,50,-3.6953
4,51,0.157402
4,52,-2.292772
4,53,1.746761
4,54,-1.137188
4,55,-6.356312
4,56,-3.074069
4,57,1.898743
4,58,0.362709
4,59,-0.380075
4,60,0.322471
4,61,-0.751173
4,62,0.731431
4,63,2.100496
4,64,4.36852
4,65,0.357196
4,66,-0.991651
4,67,3.299014
4,68,-0.434869
4,69,3.513796
4,70,4.295474
4,71,1.073247
4,72,0.735345
4,73,-0.935524
4,74,0.078002
4,75,0.342169
4,76,-2.339491
4,77,-2.139514
4,78,2.687355
4,79,0.753544
4,80,-1.552799
4,81,-3.30817
4,82,2.72621
4,83,-1.900942
4,84,1.460152
4,85,3.263638
4,86,-0.141189
4,87,1.350419
4,88,-1.020188
4,89,0.945059
4,90,-1.869687
4,91,-0.50243
4,92,-2.695295
4,93,-0.651833
4,94,-0.25947
4,95,-6.285132
4,96,0.071202
4,97,-1.074395
4,98,1.876709
4,99,3.369395
4,100,-0.462128
4,101,0.796117
4,102,-3.391815
4,103,-0.785207
4,104,-0.495254
4,105,-0.56493
4,106,3.151294
4,107,-4.511546
4,108,2.910981
4,109,1.813427
4,110,-0.1076
4,111,-1.493845
4,112,2.041977
4,113,2.727385
4,114,1.191808
4,115,-1.195633
4,116,-3.989895
4,117,1.072542
4,118,-1.061228
4,119,1.277555
4,120,4.01425
4,121,-0.33901
4,122,1.215727
4,123,1.303907
4,124,2.07016
4,125,0.211203
4,126,1.055911
4,127,-0.839724
4,128,3.507786
4,129,0.021801
4,130,-3.09313
4,131,-0.995672
4,132,-0.095641
4,133,1.022203
4,134,-0.778981
4,135,-0.543963
4,136,1.015879
4,137,2.972802
4,138,0.600107
4,139,0.649587
4,140,-0.635856
4,141,-0.229643
4,142,-3.852681
4,143,0.781144
4,144,-2.107502
4,145,3.248793
4,146,-4.278626
4,147,-0.778758
4,148,-3.944779
4,149,-0.204686
4,150,-0.583114
4,151,0.415765
4,152,-1.904593
4,153,-0.200304
4,154,-1.008239
4,155,0.836298
4,156,0.083231
4,157,3.959969
4,158,1.424978
4,159,-0.907814
4,160,-2.854287
4,161,0.055863
4,162,-2.944455
4,163,-0.041308
4,164,2.9709
4,165,2.034834
4,166,1.331918
4,167,1.52426
4,168,-0.842333
4,169,-3.588908
4,170,-0.838999
4,171,-4.0716
4,172,0.395852
4,173,-0.029827
4,174,2.310095
4,175,-0.174453
4,176,1.406626
4,177,2.331342
4,178,2.086999
4,179,-2.008787
4,180,-0.059761
4,181,0.904263
4,182,3.150591
4,183,-0.837673
4,184,0.024208
4,185,-3.763337
4,186,-0.108431
4,187,-0.874746
4,188,-1.57563
4,189,-1.058904
4,190,0.080468
4,191,-0.001308
4,192,3.439084
4,193,0.367546
4,194,-0.6318
4,195,0.058698
4,196,0.400761
4,197,3.261416
4,198,2.061812
4,199,1.548418
4,200,-6.141117
5,6,-0.806376
5,7,-0.048898
5,8,-0.498399
5,9,-2.545559
5,10,-0.876324
5,11,-7.711209
5,12,0.029245
5,13,2.780816
5,14,0.84491
5,15,-0.285107
5,16,-0.078296
5,17,1.726896
5,18,-2.618644
5,19,1.500544
5,20,2.938348
5,21,-1.040979
5,22,4.87741
5,23,2.489853
5,24,-3.568387
5,25,1.979342
5,26,3.887162
5,27,-0.074369
5,28,2.818043
5,29,-0.130526
5,30,4.367412
5,31,-0.122976
5,32,4.054462
5,33,-0.001606
5,34,0.816298
5,35,0.045311
5,36,-3.214405
5,37,2.053353
5,38,-1.959401
5,39,0.705586
5,40,-1.413553
5,41,0.039591
5,42,3.638077
5,43,2.529554
5,44,2.789238
5,45,0.045189
5,46,-5.822618
5,47,-1.865934
5,48,-0.243695
5,49,-1.958428
5,50,-4.263336
5,51,4.434011
5,52,-1.994691
5,53,-1.730955
5,54,-0.463397
5,55,-6.914259
5,56,-3.32709
5,57,0.853428
5,58,3.428969
5,59,3.644185
5,60,-2.508973
5,61,0.666604
5,62,-2.203217
5,63,0.240227
5,64,0.885927
5,65,1.808
5,66,-1.320252
5,67,0.860915
5,68,1.802574
5,69,-0.297236
5,70,-0.109648
5,71,3.60607
5,72,0.123893
5,73,-1.516163
5,74,2.89519
5,75,-0.639983
5,76,-4.806411
5,77,-1.263785
5,78,-0.655034
5,79,-1.894697
5,80,-3.781826
5,81,-3.252511
5,82,-1.128744
5,83,-0.068385
5,84,0.096121
5,85,-0.934931
5,86,0.867099
5,87,5.191105
5,88,-0.500922
5,89,0.605203
5,90,-1.019537
5,91,-2.968739
5,92,-0.922398
5,93,1.586655
5,94,3.526329
5,95,-7.936357
5,96,-1.417197
5,97,-2.832064
5,98,-0.527595
5,99,1.523136
5,100,-2.445203
5,101,-2.169615
5,102,-2.425984
5,103,-1.244368
5,104,1.725631
5,105,-0.736667
5,106,1.874086
5,107,-3.611077
5,108,-0.671167
5,109,-1.676431
5,110,1.805496
5,111,-1.95739
5,112,0.082544
5,113,0.432088
5,114,-1.106516
5,115,-2.866197
5,116,-3.006382
5,117,1.286333
5,118,-1.848081
5,119,-0.72372
5,120,1.111828
5,121,-0.059431
5,122,0.221245
5,123,5.290007
5,124,-0.479084
5,125,0.779411
5,126,4.666682
5,127,-1.914815
5,128,0.746515
5,129,-0.952689
5,130,-4.297043
5,131,0.407443
5,132,0.516505
5,133,3.213616
5,134,-1.321881
5,135,-2.981634
5,136,-1.139752
5,137,-0.472851
5,138,-2.207829
5,139,3.043735
5,140,1.176717
5,141,-0.467802
5,142,-2.411655
5,143,-0.652938
5,144,-0.321638
5,145,-0.394564
5,146,-2.243122
5,147,0.819526
5,148,-3.371444
5,149,1.187809
5,150,-2.47806
5,151,2.707386
5,152,-3.858696
5,153,-0.156071
5,154,0.659328
5,155,-1.557854
5,156,2.495879
5,157,0.152444
5,158,-0.874469
5,159,0.002223
5,160,-4.148242
5,161,-0.496516
5,162,-1.786539
5,163,-3.528565
5,164,2.744963
5,165,-0.008773
5,166,-1.373607
5,167,0.682154
5,168,-2.371777
5,169,-4.234127
5,170,1.90691
5,171,-4.951597
5,172,1.378374
5,173,-1.13619
5,174,0.081291
5,175,2.102177
5,176,5.213963
5,177,0.639585
5,178,1.837396
5,179,-0.89638
5,180,4.972041
5,181,-0.135587
5,182,0.895957
5,183,-0.328797
5,184,1.517947
5,185,-4.214688
5,186,1.675919
5,187,1.819962
5,188,2.715652
5,189,-0.161249
5,190,2.754136
5,191,-3.049481
5,192,0.946521
5,193,-0.709214
5,194,-2.334126
5,195,2.04853
5,196,-1.897418
5,197,1.442654
5,198,1.749578
5,199,-1.67744
5,200,-7.552869
6,7,-0.320164
6,8,0.210528
6,9,-3.763444
6,10,-0.015907
6,11,-4.217094
6,12,-0.374389
6,13,2.924283
6,14,1.167769
6,15,-0.022185
6,16,1.703341
6,17,2.975909
6,18,-0.768993
6,19,2.535254
6,20,3.553728
6,21,-1.823988
6,22,4.563802
6,23,1.931847
6,24,-1.142008
6,25,3.539947
6,26,6.640914
6,27,-1.870629
6,28,3.488076
6,29,0.53402
6,30,2.854605
6,31,0.340047
6,32,5.786762
6,33,1.673422
6,34,1.0081
6,35,-0.902422
6,36,-2.725821
6,37,1.66128
6,38,0.793036
6,39,2.515265
6,40,0.985733
6,41,-0.268544
6,42,1.426065
6,43,5.005061
6,44,1.717026
6,45,1.533473
6,46,-4.301288
6,47,0.288614
6,48,0.057708
6,49,2.035346
6,50,-1.516132
6,51,4.216537
6,52,0.99594
6,53,0.121293
6,54,2.707083
6,55,-3.424402
6,56,-0.493992
6,57,1.188413
6,58,1.833834
6,59,3.025386
6,60,-0.483002
6,61,0.062992
6,62,-0.240491
6,63,-1.002635
6,64,1.292986
6,65,4.554695
6,66,1.079282
6,67,1.398554
6,68,2.906026
6,69,0.140925
6,70,1.639668
6,71,5.544333
6,72,0.318196
6,73,-0.098108
6,74,6.248658
6,75,-2.861601
6,76,-3.663268
6,77,-0.602182
6,78,0.100568
6,79,-0.162836
6,80,-1.119407
6,81,-2.201778
6,82,0.151025
6,83,2.784243
6,84,-0.621704
6,85,1.002507
6,86,3.420275
6,87,4.824005
6,88,0.434095
6,89,0.915713
6,90,2.48069
6,91,-0.598299
6,92,-2.815636
6,93,2.264699
6,94,3.86193
6,95,-7.564662
6,96,-0.243988
6,97,-0.205382
6,98,-0.000751
6,99,2.598216
6,100,-1.792713
6,101,-0.099938
6,102,-0.606339
6,103,1.017411
6,104,1.046461
6,105,1.246047
6,106,1.182394
6,107,0.278616
6,108,1.305235
6,109,0.253183
6,110,1.025825
6,111,0.558872
6,112,-1.45715
6,113,-0.147769
6,114,0.081275
6,115,-0.605785
6,116,-0.872827
6,117,2.93206
6,118,-4.518915
6,119,-1.568972
6,120,2.395409
6,121,-2.927473
6,122,-0.837034
6,123,4.843639
6,124,0.010809
6,125,-1.402279
6,126,4.791905
6,127,0.709893
6,128,1.220263
6,129,-3.381569
6,130,-1.465223
6,131,0.054476
6,132,-1.403173
6,133,4.615125
6,134,-4.13332
6,135,-2.605745
6,136,-0.122279
6,137,0.131005
6,138,0.059672
6,139,1.408397
6,140,0.605313
6,141,-2.135499
6,142,0.4456
6,143,1.367691
6,144,3.571741
6,145,0.158408
6,146,-0.102805
6,147,2.092099
6,148,-0.71416
6,149,1.572777
6,150,-0.528382
6,151,3.738443
6,152,-1.146527
6,153,-2.11944
6,154,4.561738
6,155,-1.660553
6,156,1.353129
6,157,1.551512
6,158,0.978524
6,159,-0.195091
6,160,-1.211685
6,161,0.083292
6,162,2.102622
6,163,-1.173308
6,164,4.267993
6,165,-0.413
6,166,0.019692
6,167,-1.400002
6,168,-0.612429
6,169,-4.628167
6,170,2.155925
6,171,-4.869
6,172,-0.34628
6,173,0.537477
6,174,-0.399606
6,175,1.249113
6,176,5.155704
6,177,0.122744
6,178,0.954573
6,179,2.875719
6,180,4.025038
6,181,-2.271602
6,182,2.611356
6,183,0.176023
6,184,1.939673
6,185,-1.316344
6,186,0.177984
6,187,3.84681
6,188,2.453746
6,189,0.402147
6,190,1.886499
6,191,-0.577943
6,192,0.519485
6,193,-1.809352
6,194,-1.200121
6,195,5.413167
6,196,-2.321556
6,197,1.861648
6,198,3.308988
6,199,0.471658
6,200,-6.934361
7,8,0.330831
7,9,-0.142935
7,10,-0.254521
7,11,-4.529955
7,12,0.226202
7,13,2.495522
7,14,0.429527
7,15,0.1377
7,16,3.294337
7,17,3.943975
7,18,1.678013
7,19,6.613336
7,20,4.306503
7,21,3.472394
7,22,5.29669
7,23,2.271245
7,24,-0.113605
7,25,5.848498
7,26,8.278183
7,27,-0.388007
7,28,4.485926
7,29,0.764131
7,30,8.24524
7,31,0.620385
7,32,7.905856
7,33,2.996832
7,34,1.557054
7,35,-0.06877
7,36,1.373575
7,37,1.781313
7,38,1.970624
7,39,8.3423
7,40,2.705451
7,41,0.006875
7,42,4.109208
7,43,5.666775
7,44,2.846724
7,45,2.05597
7,46,1.294656
7,47,-0.088519
7,48,0.331713
7,49,2.046458
7,50,-2.758485
7,51,4.318967
7,52,3.066878
7,53,3.385515
7,54,2.477604
7,55,-3.346911
7,56,0.92309
7,57,1.741113
7,58,6.080031
7,59,4.233663
7,60,1.396732
7,61,3.912095
7,62,-0.253951
7,63,-0.03844
7,64,1.849805
7,65,5.165595
7,66,0.723406
7,67,5.124993
7,68,9.083857
7,69,0.857186
7,70,2.416545
7,71,8.129333
7,72,0.0379
7,73,1.535832
7,74,8.777859
7,75,-0.303289
7,76,0.715899
7,77,3.673353
7,78,0.096702
7,79,-0.369653
7,80,-0.113006
7,81,4.440859
7,82,0.173764
7,83,6.295029
7,84,0.088588
7,85,2.49332
7,86,1.836798
7,87,10.429738
7,88,-0.466589
7,89,8.96309
7,90,3.179489
7,91,-0.882677
7,92,-1.474796
7,93,5.883172
7,94,3.137723
7,95,0.416428
7,96,-0.91315
7,97,0.256016
7,98,-0.215635
7,99,4.023363
7,100,-0.007825
7,101,-0.270824
7,102,4.873186
7,103,-0.222326
7,104,3.689926
7,105,0.026525
7,106,2.340824
7,107,0.923171
7,108,2.883415
7,109,0.674066
7,110,1.542739
7,111,2.672665
7,112,-0.215927
7,113,0.559316
7,114,-0.249195
7,115,1.213399
7,116,-2.475277
7,117,7.077546
7,118,-2.091563
7,119,3.296369
7,120,4.055001
7,121,0.161181
7,122,0.050585
7,123,11.446865
7,124,-0.1128
7,125,0.964762
7,126,5.268281
7,127,2.389834
7,128,2.385507
7,129,0.596798
7,130,-1.99092
7,131,3.514241
7,132,1.245531
7,133,9.65427
7,134,-1.038665
7,135,4.05011
7,136,-0.568444
7,137,0.216337
7,138,-0.095164
7,139,3.499279
7,140,1.399995
7,141,-0.860825
7,142,-1.364242
7,143,1.644674
7,144,2.947605
7,145,0.251304
7,146,-2.007437
7,147,7.028175
7,148,-2.104566
7,149,1.234448
7,150,-1.159379
7,151,10.6576
7,152,-1.400555
7,153,0.504205
7,154,4.28807
7,155,5.29861
7,156,2.912908
7,157,2.017381
7,158,1.360118
7,159,3.332076
7,160,-0.008241
7,161,-0.273592
7,162,2.590279
7,163,-0.042156
7,164,4.784125
7,165,0.047803
7,166,-0.191385
7,167,1.759655
7,168,3.188104
7,169,0.694538
7,170,1.552165
7,171,0.88253
7,172,1.463243
7,173,0.352029
7,174,0.020139
7,175,1.87209
7,176,9.796413
7,177,4.479149
7,178,5.689247
7,179,3.061536
7,180,4.868606
7,181,-0.145359
7,182,4.299056
7,183,-0.037869
7,184,1.448503
7,185,-2.492885
7,186,3.032479
7,187,8.347463
7,188,2.329844
7,189,2.155753
7,190,3.688046
7,191,-0.173353
7,192,2.387344
7,193,3.12954
7,194,1.674406
7,195,6.597214
7,196,0.937161
7,197,5.94746
7,198,4.929507
7,199,1.202746
7,200,0.373482
8,9,0.397018
8,10,0.192358
8,11,-3.872619
8,12,-1.040581
8,13,4.850709
8,14,0.998347
8,15,0.049269
8,16,1.445541
8,17,1.929589
8,18,2.203189
8,19,8.173185
8,20,2.850329
8,21,3.500837
8,22,6.562405
8,23,4.48508
8,24,-1.000266
8,25,3.247022
8,26,7.481658
8,27,-0.886383
8,28,5.705788
8,29,-0.03076
8,30,7.29106
8,31,-0.029161
8,32,8.800088
8,33,3.668272
8,34,0.107504
8,35,-0.818598
8,36,2.056856
8,37,3.932926
8,38,1.363455
8,39,7.713364
8,40,3.738124
8,41,0.441539
8,42,3.822173
8,43,4.599474
8,44,4.724026
8,45,0.808448
8,46,-0.471492
8,47,0.035257
8,48,-0.036143
8,49,2.673193
8,50,-1.43493
8,51,6.757606
8,52,2.69307
8,53,1.205694
8,54,2.6739
8,55,-2.877152
8,56,0.954151
8,57,0.208951
8,58,5.956382
8,59,6.681454
8,60,0.27887
8,61,5.034323
8,62,-0.480415
8,63,0.44891
8,64,0.526285
8,65,4.563582
8,66,0.758928
8,67,3.137334
8,68,8.341397
8,69,0.218305
8,70,1.027208
8,71,6.096473
8,72,1.353543
8,73,1.447187
8,74,8.304501
8,75,-0.022787
8,76,-0.742844
8,77,5.053487
8,78,0.019402
8,79,-0.366926
8,80,-0.828788
8,81,2.755076
8,82,-0.134293
8,83,6.233372
8,84,0.51681
8,85,0.855966
8,86,3.850053
8,87,8.767629
8,88,1.325796
8,89,5.222554
8,90,3.18007
8,91,-0.725857
8,92,-2.412939
8,93,7.784308
8,94,5.03431
8,95,-2.604983
8,96,0.052848
8,97,-0.119928
8,98,0.297145
8,99,2.55717
8,100,0.123823
8,101,-0.33639
8,102,4.097456
8,103,1.408701
8,104,5.613569
8,105,1.802414
8,106,1.157053
8,107,1.337028
8,108,1.169507
8,109,-0.083537
8,110,3.052061
8,111,1.965593
8,112,0.01068
8,113,-0.647965
8,114,0.434726
8,115,0.411114
8,116,-0.545005
8,117,4.726752
8,118,-2.782956
8,119,2.920689
8,120,2.419079
8,121,-0.577256
8,122,0.217615
8,123,9.239154
8,124,0.190177
8,125,1.270507
8,126,5.262886
8,127,1.384609
8,128,1.346771
8,129,0.206652
8,130,-1.439798
8,131,4.948852
8,132,1.928313
8,133,6.896547
8,134,-1.64921
8,135,1.426711
8,136,0.05928
8,137,0.007467
8,138,-0.214332
8,139,2.893517
8,140,0.167087
8,141,-1.752825
8,142,-0.098582
8,143,0.885105
8,144,3.001047
8,145,0.01025
8,146,-0.998187
8,147,6.85363
8,148,-0.596668
8,149,2.923574
8,150,-0.533038
8,151,8.10596
8,152,-1.161113
8,153,1.128474
8,154,5.394948
8,155,2.840538
8,156,4.746627
8,157,0.832766
8,158,0.517109
8,159,4.310422
8,160,-0.580406
8,161,0.618947
8,162,3.148276
8,163,-1.059764
8,164,3.116351
8,165,-0.314629
8,166,-0.15467
8,167,1.066418
8,168,1.582774
8,169,1.055
8,170,4.004453
8,171,0.678611
8,172,2.272161
8,173,0.179589
8,174,0.461547
8,175,2.93731
8,176,8.943148
8,177,3.243713
8,178,4.689111
8,179,3.733843
8,180,5.897643
8,181,0.071256
8,182,2.201338
8,183,0.664
8,184,3.534355
8,185,-1.251768
8,186,4.161664
8,187,8.867483
8,188,3.864437
8,189,3.53716
8,190,5.809876
8,191,-0.587221
8,192,1.325593
8,193,2.957841
8,194,0.945294
8,195,5.558613
8,196,0.501009
8,197,3.836224
8,198,3.333517
8,199,0.236901
8,200,-2.111293
9,10,-3.996153
9,11,-9.170638
9,12,-3.603571
9,13,-4.054665
9,14,-7.216545
9,15,0.29509
9,16,2.40805
9,17,-1.138563
9,18,-1.52456
9,19,1.56854
9,20,-1.658321
9,21,1.861189
9,22,-1.905186
9,23,-2.271622
9,24,-0.93092
9,25,0.996914
9,26,0.375173
9,27,-1.429394
9,28,-1.742451
9,29,-4.687453
9,30,1.85521
9,31,0.717065
9,32,0.662477
9,33,-1.678982
9,34,-2.264972
9,35,-6.180145
9,36,-0.184474
9,37,-2.510198
9,38,-2.375509
9,39,2.95496
9,40,-1.666187
9,41,-0.428113
9,42,-3.182307
9,43,-1.768073
9,44,-1.646638
9,45,1.25623
9,46,-0.74402
9,47,-4.740295
9,48,0.701159
9,49,-4.909487
9,50,-7.154222
9,51,-2.464276
9,52,-2.016847
9,53,3.337126
9,54,-4.009937
9,55,-7.669026
9,56,-3.126042
9,57,-3.580172
9,58,0.325567
9,59,-2.155169
9,60,0.681793
9,61,0.717155
9,62,-1.738038
9,63,-0.014636
9,64,-1.18262
9,65,-1.811095
9,66,-4.73589
9,67,2.794756
9,68,3.850792
9,69,0.221348
9,70,1.851265
9,71,0.219987
9,72,-2.638318
9,73,-1.690209
9,74,1.078461
9,75,0.032347
9,76,0.667302
9,77,0.704725
9,78,-0.336898
9,79,-2.185083
9,80,-2.525442
9,81,1.797984
9,82,0.114126
9,83,0.258687
9,84,-1.358078
9,85,2.706365
9,86,-4.925776
9,87,2.928764
9,88,-5.136584
9,89,5.116451
9,90,-3.466242
9,91,-2.892225
9,92,-7.667903
9,93,1.055358
9,94,-4.090426
9,95,0.282131
9,96,-3.452157
9,97,-2.652833
9,98,-1.303227
9,99,0.240435
9,100,-0.246778
9,101,-1.618466
9,102,0.841459
9,103,-4.743979
9,104,0.266393
9,105,-4.683426
9,106,-2.047589
9,107,-5.300275
9,108,1.269478
9,109,-0.159484
9,110,-3.320105
9,111,-1.453106
9,112,0.097189
9,113,-2.960624
9,114,-2.228234
9,115,-1.226742
9,116,-8.604197
9,117,1.6685
9,118,-4.758633
9,119,1.907448
9,120,1.228865
9,121,-3.100596
9,122,-2.314789
9,123,4.110429
9,124,-1.167504
9,125,-1.470908
9,126,-2.387031
9,127,-1.615151
9,128,-0.415528
9,129,-1.154803
9,130,-5.817211
9,131,0.41966
9,132,-0.433634
9,133,2.340612
9,134,-3.523806
9,135,4.326737
9,136,-2.281182
9,137,-0.071052
9,138,-1.228074
9,139,-2.406126
9,140,-6.015421
9,141,-5.445011
9,142,-8.647534
9,143,-2.695729
9,144,-4.841808
9,145,0.32405
9,146,-9.45911
9,147,2.078448
9,148,-8.316946
9,149,-4.188267
9,150,-3.816785
9,151,4.173423
9,152,-4.088072
9,153,-0.155063
9,154,-2.674199
9,155,4.735748
9,156,-1.084699
9,157,-0.319422
9,158,-1.895245
9,159,0.213723
9,160,-3.617017
9,161,-4.090818
9,162,-3.969395
9,163,-0.637501
9,164,-0.890081
9,165,-2.685948
9,166,-1.84473
9,167,-0.72145
9,168,0.855543
9,169,0.332857
9,170,-4.503114
9,171,0.375512
9,172,-1.55664
9,173,-4.21743
9,174,-0.460764
9,175,-3.677696
9,176,2.338579
9,177,2.203461
9,178,1.903361
9,179,-3.582807
9,180,-2.683193
9,181,-0.18178
9,182,0.148623
9,183,-5.529358
9,184,-3.399705
9,185,-7.200666
9,186,-0.183871
9,187,2.301944
9,188,-5.103639
9,189,-1.15635
9,190,-0.427312
9,191,-0.862346
9,192,0.336016
9,193,1.520682
9,194,0.166516
9,195,-1.079528
9,196,1.390359
9,197,2.831547
9,198,-0.292831
9,199,-0.092338
9,200,-0.227473
10,11,-5.265269
10,12,-1.009921
10,13,1.725887
10,14,-0.963111
10,15,0.008616
10,16,1.067818
10,17,1.9757
10,18,-1.530456
10,19,1.630912
10,20,2.600606
10,21,-2.178749
10,22,2.699312
10,23,1.20632
10,24,-1.547564
10,25,2.452533
10,26,3.820207
10,27,-2.033714
10,28,2.941845
10,29,0.318416
10,30,1.474599
10,31,0.252012
10,32,3.672589
10,33,1.099056
10,34,0.32872
10,35,-1.280831
10,36,-3.203664
10,37,1.00824
10,38,0.234932
10,39,1.212892
10,40,-0.151502
10,41,-0.208479
10,42,-0.330643
10,43,3.632871
10,44,1.203085
10,45,1.143366
10,46,-4.913416
10,47,0.101525
10,48,0.058793
10,49,0.121569
10,50,-2.330921
10,51,2.595701
10,52,0.110034
10,53,-0.490795
10,54,1.992154
10,55,-4.433005
10,56,-1.324322
10,57,0.421681
10,58,1.398404
10,59,1.800674
10,60,-1.061116
10,61,-0.290124
10,62,-0.437665
10,63,-0.946863
10,64,0.828088
10,65,3.659971
10,66,0.852098
10,67,0.407259
10,68,2.120446
10,69,0.082358
10,70,1.063823
10,71,3.696363
10,72,0.158659
10,73,-0.546472
10,74,3.476864
10,75,-2.89397
10,76,-4.200302
10,77,-1.251826
10,78,0.103836
10,79,-0.309463
10,80,-1.573056
10,81,-2.812632
10,82,0.073087
10,83,1.202525
10,84,-0.576263
10,85,0.499354
10,86,2.008027
10,87,3.085691
10,88,-0.091148
10,89,0.306758
10,90,1.351079
10,91,-0.890149
10,92,-3.719922
10,93,1.458797
10,94,1.757056
10,95,-8.047022
10,96,-0.442649
10,97,-0.693022
10,98,-0.012504
10,99,1.684047
10,100,-2.117739
10,101,-0.276556
10,102,-1.621981
10,103,0.352316
10,104,0.384681
10,105,0.527758
10,106,0.527171
10,107,-1.377021
10,108,0.83918
10,109,0.013968
10,110,0.819167
10,111,-0.074753
10,112,-1.41748
10,113,-0.762758
10,114,0.039304
10,115,-1.184883
10,116,-2.004615
10,117,2.239295
10,118,-4.998464
10,119,-2.107894
10,120,1.43526
10,121,-3.576198
10,122,-0.789882
10,123,3.005837
10,124,0.020545
10,125,-1.462858
10,126,2.695479
10,127,0.18513
10,128,0.792647
10,129,-3.732043
10,130,-2.013396
10,131,-0.394977
10,132,-1.503054
10,133,3.519626
10,134,-4.608712
10,135,-3.175169
10,136,-0.216131
10,137,0.131634
10,138,-0.176386
10,139,0.936298
10,140,-0.264999
10,141,-2.649453
10,142,-1.472641
10,143,1.100267
10,144,0.896881
10,145,0.146655
10,146,-2.373128
10,147,1.395008
10,148,-1.665378
10,149,1.138234
10,150,-0.786043
10,151,3.236454
10,152,-1.585039
10,153,-2.221905
10,154,2.51506
10,155,-2.272282
10,156,0.904297
10,157,1.212314
10,158,0.738422
10,159,-0.54887
10,160,-1.804019
10,161,0.026667
10,162,0.366111
10,163,-1.556067
10,164,2.890722
10,165,-0.45033
10,166,-0.058939
10,167,-1.990052
10,168,-1.183196
10,169,-4.995552
10,170,0.936428
10,171,-5.291833
10,172,-0.359879
10,173,0.453358
10,174,-0.335573
10,175,1.178172
10,176,3.097849
10,177,-0.760954
10,178,0.001835
10,179,1.325998
10,180,1.663014
10,181,-2.287569
10,182,1.915529
10,183,0.196487
10,184,1.184966
10,185,-2.133404
10,186,-0.028775
10,187,2.183546
10,188,0.163386
10,189,-0.151985
10,190,1.162868
10,191,-1.055248
10,192,-0.070975
10,193,-2.250635
10,194,-1.704849
10,195,3.263099
10,196,-2.735438
10,197,0.788538
10,198,2.389756
10,199,0.121828
10,200,-7.429816
11,12,-7.145554
11,13,-4.921842
11,14,-8.26991
11,15,-4.01625
11,16,-2.356587
11,17,-2.414274
11,18,-3.610258
11,19,-2.502465
11,20,-6.174514
11,21,-8.541867
11,22,-5.39712
11,23,0.007862
11,24,-0.646921
11,25,-0.117203
11,26,-1.763813
11,27,-9.571893
11,28,-4.764402
11,29,-5.056078
11,30,-6.712054
11,31,-4.216424
11,32,-3.576996
11,33,-4.468171
11,34,-5.788054
11,35,-8.686022
11,36,-6.646713
11,37,-0.084766
11,38,-2.410122
11,39,-0.242311
11,40,-0.377849
11,41,-4.295123
11,42,-8.880376
11,43,-3.339474
11,44,-3.03261
11,45,-4.743238
11,46,-6.979246
11,47,-3.934574
11,48,-4.862474
11,49,1.66346
11,50,0.034729
11,51,-4.283595
11,52,-1.501882
11,53,-2.904934
11,54,-2.186196
11,55,-0.604723
11,56,-3.343093
11,57,-5.393252
11,58,-6.927865
11,59,-4.989073
11,60,-5.194036
11,61,-5.52577
11,62,-1.3652
11,63,-5.753546
11,64,-5.951415
11,65,-3.113852
11,66,-4.151235
11,67,-6.38875
11,68,-2.899049
11,69,-7.276232
11,70,-4.711337
11,71,-2.046259
11,72,-2.083334
11,73,-6.47337
11,74,-0.657935
11,75,-9.145215
11,76,-8.062774
11,77,-3.764529
11,78,-3.620863
11,79,-1.701962
11,80,0.404258
11,81,-5.404658
11,82,-2.29801
11,83,0.211597
11,84,-6.338427
11,85,-1.552997
11,86,-3.910822
11,87,-4.428384
11,88,-1.772166
11,89,-5.441069
11,90,1.509585
11,91,-2.217717
11,92,-11.859523
11,93,-2.801792
11,94,-5.398271
11,95,-11.607075
11,96,-1.12663
11,97,-4.157339
11,98,-2.387054
11,99,-6.128582
11,100,-6.850914
11,101,-3.450875
11,102,-1.553939
11,103,-0.017838
11,104,-1.397643
11,105,0.224222
11,106,-8.009234
11,107,1.513951
11,108,0.620975
11,109,-1.306623
11,110,-5.119413
11,111,-3.337926
11,112,-7.171851
11,113,-7.882029
11,114,-3.524897
11,115,-4.97033
11,116,-3.971495
11,117,-2.57792
11,118,-13.250506
11,119,-9.22215
11,120,-5.749671
11,121,-12.065915
11,122,-7.475687
11,123,-4.392252
11,124,-2.938961
11,125,-8.630757
11,126,-5.568259
11,127,-1.457073
11,128,-7.289537
11,129,-11.558595
11,130,-1.304822
11,131,-4.512071
11,132,-7.583681
11,133,-2.302606
11,134,-12.879057
11,135,-8.297994
11,136,-1.591091
11,137,-3.962089
11,138,-5.093154
11,139,-7.690484
11,140,-8.141621
11,141,-10.515954
11,142,-5.628767
11,143,-3.509845
11,144,0.786965
11,145,-3.207453
11,146,-8.133784
11,147,-3.31232
11,148,-4.744537
11,149,-4.498173
11,150,-1.420812
11,151,-3.282496
11,152,-1.83612
11,153,-7.957437
11,154,-1.350762
11,155,-8.27873
11,156,-2.865551
11,157,-4.61405
11,158,-2.232147
11,159,-6.03301
11,160,0.123456
11,161,-4.275049
11,162,0.746351
11,163,0.398604
11,164,-5.366156
11,165,-6.335776
11,166,-2.498032
11,167,-10.166278
11,168,-4.889608
11,169,-9.133127
11,170,-2.797171
11,171,-9.283049
11,172,-6.724358
11,173,-4.579088
11,174,-4.904624
11,175,-6.347335
11,176,-4.481254
11,177,-8.249736
11,178,-7.813092
11,179,-0.21659
11,180,-5.939116
11,181,-8.872881
11,182,0.019119
11,183,-6.666608
11,184,0.069243
11,185,-0.396585
11,186,-5.641772
11,187,-0.220076
11,188,-6.933823
11,189,-3.368336
11,190,-0.295319
11,191,-4.213481
11,192,-8.182134
11,193,-9.349196
11,194,-7.202997
11,195,-0.280511
11,196,-9.409062
11,197,-6.124831
11,198,-4.716458
11,199,-2.141436
11,200,-10.648201
12,13,4.159356
12,14,3.611881
12,15,-0.383591
12,16,-2.021801
12,17,0.184087
12,18,-3.278671
12,19,1.507945
12,20,1.172568
12,21,-2.195235
12,22,4.753058
12,23,5.374779
12,24,-4.815797
12,25,0.013335
12,26,5.17584
12,27,-0.53138
12,28,2.06929
12,29,-0.514936
12,30,3.135085
12,31,-0.577101
12,32,3.911268
12,33,-0.93757
12,34,0.005243
12,35,0.555998
12,36,-4.177351
12,37,5.173955
12,38,-3.087963
12,39,1.217733
12,40,-1.379703
12,41,0.798762
12,42,6.450119
12,43,1.170999
12,44,3.223083
12,45,-1.717445
12,46,-6.952715
12,47,-2.378862
12,48,-0.830765
12,49,-1.009364
12,50,-3.077647
12,51,4.866925
12,52,-2.619664
12,53,-3.700802
12,54,-0.923815
12,55,-6.733853
12,56,-4.048416
12,57,-0.020539
12,58,2.71396
12,59,7.898393
12,60,-4.286407
12,61,0.364131
12,62,-2.798449
12,63,1.44308
12,64,-0.436441
12,65,0.667358
12,66,-2.000414
12,67,-1.281909
12,68,1.571822
12,69,-2.073311
12,70,-2.039084
12,71,2.084222
12,72,1.952092
12,73,-3.019448
12,74,4.263437
12,75,1.92282
12,76,-6.571494
12,77,-1.605553
12,78,-0.968212
12,79,-2.177429
12,80,-4.768728
12,81,-4.009588
12,82,-1.757797
12,83,0.443264
12,84,-0.423419
12,85,-2.732129
12,86,1.957937
12,87,3.638321
12,88,1.676345
12,89,-1.080912
12,90,-1.184585
12,91,-3.568704
12,92,0.170271
12,93,1.585016
12,94,5.461943
12,95,-9.248902
12,96,-0.197332
12,97,-4.0535
12,98,0.3117
12,99,-0.619479
12,100,-4.060546
12,101,-3.121829
12,102,-2.416979
12,103,-0.419216
12,104,3.098349
12,105,0.317632
12,106,0.192511
12,107,-2.812069
12,108,-2.331427
12,109,-2.748449
12,110,3.959609
12,111,-3.151158
12,112,0.787928
12,113,0.032735
12,114,-1.492459
12,115,-4.370068
12,116,-0.643651
12,117,-0.577119
12,118,0.020667
12,119,-2.492495
12,120,-1.035065
12,121,-0.430833
12,122,0.245967
12,123,4.148851
12,124,0.150168
12,125,1.503725
12,126,4.643913
12,127,-3.186535
12,128,-1.324585
12,129,-1.102248
12,130,-4.28166
12,131,0.197236
12,132,0.849225
12,133,1.495861
12,134,-1.304371
12,135,-4.816418
12,136,-0.343993
12,137,-0.791796
12,138,-3.541177
12,139,0.996337
12,140,0.264298
12,141,0.113729
12,142,-0.849408
12,143,-1.907134
12,144,2.116308
12,145,-0.472565
12,146,-0.125659
12,147,0.236274
12,148,-2.292875
12,149,1.792942
12,150,-2.262009
12,151,1.66387
12,152,-4.326956
12,153,-0.26808
12,154,1.279672
12,155,-3.365689
12,156,4.419387
12,157,-1.469956
12,158,-1.987852
12,159,-0.902349
12,160,-4.947606
12,161,0.378823
12,162,-1.106433
12,163,-4.760999
12,164,0.835209
12,165,0.466815
12,166,-1.606129
12,167,-1.237282
12,168,-4.023664
12,169,-5.049678
12,170,5.602658
12,171,-6.026327
12,172,4.615862
12,173,-1.828562
12,174,0.541003
12,175,2.245815
12,176,4.469407
12,177,-1.37234
12,178,-0.050789
12,179,-0.632501
12,180,8.019879
12,181,2.596088
12,182,-0.935907
12,183,-0.126968
12,184,2.805876
12,185,-3.330522
12,186,2.904051
12,187,2.755971
12,188,8.852953
12,189,-0.766563
12,190,6.228479
12,191,-4.4384
12,192,-1.205419
12,193,-2.193557
12,194,-4.106847
12,195,1.535585
12,196,-3.876422
12,197,-0.660652
12,198,-0.330382
12,199,-3.093448
12,200,-8.815408
13,14,-0.700012
13,15,4.195186
13,16,3.287188
13,17,5.152821
13,18,-3.450344
13,19,-1.105113
13,20,2.296687
13,21,-2.341727
13,22,0.244498
13,23,0.15912
13,24,0.250701
13,25,4.609853
13,26,1.507107
13,27,0.401951
13,28,-0.001207
13,29,4.431825
13,30,0.677364
13,31,5.479306
13,32,0.597605
13,33,-1.16363
13,34,5.687824
13,35,1.490917
13,36,-4.389632
13,37,0.390982
13,38,-0.308274
13,39,-1.689032
13,40,-2.685706
13,41,2.76937
13,42,-0.919184
13,43,1.564458
13,44,-0.427378
13,45,3.251017
13,46,-5.957981
13,47,1.575751
13,48,4.086544
13,49,-0.764425
13,50,-0.281251
13,51,0.066217
13,52,-1.59646
13,53,0.698529
13,54,0.770668
13,55,-4.813134
13,56,-2.988229
13,57,5.4309
13,58,0.214157
13,59,0.005721
13,60,-0.815659
13,61,-1.708859
13,62,2.897491
13,63,1.148399
13,64,4.493003
13,65,1.198693
13,66,1.040495
13,67,1.05123
13,68,-0.657904
13,69,0.997038
13,70,2.567772
13,71,1.904421
13,72,2.010504
13,73,-1.677873
13,74,0.71412
13,75,-1.36745
13,76,-4.300257
13,77,-3.147447
13,78,4.387804
13,79,3.43046
13,80,-0.217821
13,81,-4.324222
13,82,4.624187
13,83,-1.650625
13,84,0.388368
13,85,2.816058
13,86,0.008594
13,87,1.258719
13,88,1.174735
13,89,0.388026
13,90,0.489215
13,91,0.700571
13,92,-1.492309
13,93,-1.136745
13,94,0.02928
13,95,-8.384482
13,96,2.803702
13,97,-0.82144
13,98,3.765117
13,99,2.240976
13,100,-2.590241
13,101,1.098919
13,102,-3.937559
13,103,-0.224246
13,104,-1.342776
13,105,-0.052892
13,106,1.73236
13,107,-2.698402
13,108,3.625757
13,109,3.273118
13,110,0.38838
13,111,-1.225829
13,112,0.62831
13,113,3.49614
13,114,0.742743
13,115,-1.620714
13,116,-0.217262
13,117,1.80054
13,118,-2.642187
13,119,-1.534786
13,120,2.169269
13,121,-2.140105
13,122,0.917317
13,123,1.166203
13,124,4.03865
13,125,-0.665178
13,126,0.823522
13,127,0.182769
13,128,1.516255
13,129,-2.486909
13,130,-0.717253
13,131,-2.009789
13,132,-1.404198
13,133,1.619052
13,134,-2.948262
13,135,-2.911094
13,136,3.491876
13,137,4.629054
13,138,-0.468072
13,139,0.531849
13,140,0.915886
13,141,0.623002
13,142,0.378584
13,143,2.658281
13,144,0.529695
13,145,4.951919
13,146,-0.740577
13,147,-1.066414
13,148,0.023816
13,149,-0.000136
13,150,2.456169
13,151,0.515775
13,152,-0.54073
13,153,-1.959554
13,154,-0.034428
13,155,-1.828578
13,156,-0.329291
13,157,3.835153
13,158,3.778893
13,159,-1.896138
13,160,-1.424828
13,161,2.09429
13,162,-1.289374
13,163,0.73216
13,164,2.748955
13,165,3.984028
13,166,4.07676
13,167,-0.975199
13,168,-1.499512
13,169,-5.618354
13,170,0.130529
13,171,-5.981437
13,172,0.19052
13,173,2.611644
13,174,2.016651
13,175,-0.010465
13,176,1.220558
13,177,-0.181702
13,178,0.43736
13,179,-0.346105
13,180,-0.018207
13,181,-0.502124
13,182,5.034268
13,183,0.461196
13,184,0.000474
13,185,-0.737524
13,186,-0.846893
13,187,-0.967894
13,188,-0.709707
13,189,-2.031272
13,190,-0.238044
13,191,-0.848249
13,192,0.726941
13,193,-1.781664
13,194,-2.039542
13,195,1.557916
13,196,-2.357161
13,197,1.346745
13,198,2.612373
13,199,2.158402
13,200,-8.013725
14,15,1.842128
14,16,-1.227419
14,17,1.842061
14,18,-6.616641
14,19,-3.365564
14,20,0.434595
14,21,-5.655512
14,22,-0.497032
14,23,-0.78997
14,24,-4.242425
14,25,1.020894
14,26,0.065866
14,27,-2.039605
14,28,-1.748216
14,29,2.322696
14,30,-0.260533
14,31,2.426274
14,32,-0.785433
14,33,-3.929769
14,34,2.49298
14,35,2.146567
14,36,-7.686541
14,37,-0.434324
14,38,-3.998605
14,39,-4.0354
14,40,-5.455967
14,41,1.429605
14,42,-0.3229
14,43,-0.400342
14,44,-2.059681
14,45,-1.057919
14,46,-9.694531
14,47,-2.070961
14,48,0.776892
14,49,-3.313558
14,50,-3.472712
14,51,-0.85097
14,52,-4.8383
14,53,-3.837519
14,54,-2.022178
14,55,-8.304606
14,56,-6.360356
14,57,2.701572
14,58,-1.405291
14,59,-0.030496
14,60,-5.060356
14,61,-4.248122
14,62,-1.298158
14,63,-0.633679
14,64,0.8913
14,65,-1.072643
14,66,-2.224012
14,67,-2.451803
14,68,-2.99388
14,69,-2.717819
14,70,-1.716054
14,71,0.168074
14,72,1.516566
14,73,-5.097457
14,74,-1.071677
14,75,-3.317246
14,76,-8.359722
14,77,-5.996465
14,78,0.931679
14,79,-0.407538
14,80,-4.428855
14,81,-7.650716
14,82,0.240299
14,83,-4.133027
14,84,-2.255831
14,85,-1.822434
14,86,-1.621137
14,87,0.305945
14,88,1.273462
14,89,-3.467391
14,90,-2.300778
14,91,-3.46413
14,92,-0.774875
14,93,-3.357996
14,94,-0.331496
14,95,-12.201531
14,96,1.730402
14,97,-4.771171
14,98,2.887746
14,99,-1.268264
14,100,-6.217559
14,101,-3.069058
14,102,-6.858481
14,103,-2.782248
14,104,-3.21204
14,105,-2.301816
14,106,-0.581363
14,107,-5.537509
14,108,-1.005318
14,109,-1.20083
14,110,-0.446406
14,111,-4.807602
14,112,-1.481567
14,113,1.919341
14,114,-2.456817
14,115,-5.592244
14,116,-0.492824
14,117,-1.692534
14,118,-4.098394
14,119,-5.049029
14,120,-1.546162
14,121,-4.040141
14,122,-1.314866
14,123,0.278914
14,124,2.927517
14,125,-2.922345
14,126,0.182783
14,127,-3.729689
14,128,-2.125393
14,129,-5.185684
14,130,-4.429618
14,131,-4.53571
14,132,-3.801089
14,133,-0.503273
14,134,-5.111874
14,135,-6.889688
14,136,1.979463
14,137,1.426033
14,138,-4.384816
14,139,-1.21904
14,140,0.5381
14,141,0.029796
14,142,-0.979989
14,143,-1.340851
14,144,-1.500747
14,145,2.560359
14,146,0.063178
14,147,-3.707636
14,148,-2.712792
14,149,-1.44982
14,150,-1.322006
14,151,-1.781492
14,152,-4.558815
14,153,-4.563634
14,154,-2.284933
14,155,-5.650182
14,156,-1.774306
14,157,-0.585188
14,158,-0.555067
14,159,-4.733551
14,160,-5.336606
14,161,1.055179
14,162,-3.97761
14,163,-3.76758
14,164,0.42156
14,165,3.360104
14,166,0.277746
14,167,-3.755615
14,168,-5.532628
14,169,-8.906924
14,170,0.112125
14,171,-9.459593
14,172,-1.237155
14,173,-1.119298
14,174,0.053221
14,175,-1.303056
14,176,0.331562
14,177,-3.338152
14,178,-2.335357
14,179,-3.013936
14,180,0.012043
14,181,-2.392344
14,182,0.49275
14,183,-1.083477
14,184,-1.450239
14,185,-4.074582
14,186,-2.750989
14,187,-2.983971
14,188,0.086422
14,189,-4.727557
14,190,-1.302772
14,191,-5.044292
14,192,-2.464828
14,193,-5.20836
14,194,-5.896247
14,195,-0.5794
14,196,-5.978462
14,197,-1.961663
14,198,-0.851961
14,199,-2.363751
14,200,-11.779539
15,16,2.221443
15,17,2.913381
15,18,2.102083
15,19,7.88785
15,20,3.710584
15,21,3.915349
15,22,7.095952
15,23,3.860047
15,24,-0.697023
15,25,4.49082
15,26,8.907783
15,27,-0.607328
15,28,5.461446
15,29,0.333088
15,30,8.373571
15,31,0.175457
15,32,9.41828
15,33,3.481625
15,34,0.829768
15,35,-0.379652
15,36,1.868984
15,37,3.300932
15,38,1.67683
15,39,8.834673
15,40,3.515588
15,41,0.218985
15,42,4.966525
15,43,5.473132
15,44,4.164107
15,45,1.305157
15,46,0.546653
15,47,0.00106
15,48,0.043239
15,49,2.818723
15,50,-1.88357
15,51,6.200728
15,52,3.023755
15,53,2.175151
15,54,2.819248
15,55,-2.95789
15,56,1.038943
15,57,0.9696
15,58,6.471378
15,59,6.248864
15,60,0.739714
15,61,4.899664
15,62,-0.476793
15,63,0.257862
15,64,1.135001
15,65,5.190518
15,66,0.821654
15,67,4.152794
15,68,9.881177
15,69,0.464046
15,70,1.593092
15,71,7.542491
15,72,0.845087
15,73,1.511692
15,74,9.592035
15,75,0.08653
15,76,-0.019055
15,77,4.675748
15,78,-0.035762
15,79,-0.453928
15,80,-0.55501
15,81,4.066948
15,82,-0.121594
15,83,6.740764
15,84,0.335918
15,85,1.508536
15,86,3.374709
15,87,10.27828
15,88,0.710277
15,89,7.308001
15,90,3.428864
15,91,-0.853892
15,92,-1.689708
15,93,7.213087
15,94,5.165928
15,95,-0.645639
15,96,-0.381348
15,97,0.02428
15,98,0.013589
15,99,3.254713
15,100,0.020842
15,101,-0.384326
15,102,4.960242
15,103,0.860034
15,104,5.247733
15,105,1.222531
15,106,1.822676
15,107,1.511405
15,108,1.8646
15,109,0.144987
15,110,2.621648
15,111,2.358841
15,112,-0.058936
15,113,0.005765
15,114,0.109248
15,115,0.769853
15,116,-1.108853
15,117,5.925185
15,118,-2.214674
15,119,3.183348
15,120,3.184617
15,121,0.053811
15,122,0.184277
15,123,11.828951
15,124,-0.008412
15,125,1.333037
15,126,6.19262
15,127,1.861526
15,128,1.818057
15,129,0.739389
15,130,-1.661568
15,131,4.608068
15,132,1.849973
15,133,8.497115
15,134,-1.106536
15,135,2.921046
15,136,-0.270642
15,137,0.013086
15,138,-0.225554
15,139,3.291486
15,140,0.864336
15,141,-1.202451
15,142,0.066093
15,143,1.205682
15,144,3.920837
15,145,0.013982
15,146,-0.256259
15,147,7.451004
15,148,-1.068609
15,149,2.376637
15,150,-0.840844
15,151,9.872422
15,152,-1.294712
15,153,1.025637
15,154,5.336921
15,155,4.552928
15,156,4.276292
15,157,1.308075
15,158,0.830286
15,159,4.015004
15,160,-0.305008
15,161,0.271282
15,162,3.265459
15,163,-0.710195
15,164,4.018435
15,165,-0.159236
15,166,-0.252975
15,167,1.528709
15,168,2.373099
15,169,1.442005
15,170,3.407221
15,171,1.417491
15,172,2.156842
15,173,0.262681
15,174,0.246274
15,175,2.70134
15,176,10.156294
15,177,3.94247
15,178,5.319142
15,179,3.714214
15,180,6.639996
15,181,0.149716
15,182,3.118728
15,183,0.49848
15,184,2.883841
15,185,-1.668687
15,186,4.051535
15,187,9.508751
15,188,4.40731
15,189,3.037625
15,190,5.41051
15,191,-0.481088
15,192,1.855128
15,193,3.257452
15,194,1.288819
15,195,6.98615
15,196,0.698701
15,197,4.955472
15,198,4.085204
15,199,0.583939
15,200,-0.53337
16,17,-0.687983
16,18,3.685373
16,19,6.040561
16,20,0.139942
16,21,2.188878
16,22,4.090149
16,23,8.307333
16,24,-0.031637
16,25,0.084432
16,26,2.36947
16,27,-0.170618
16,28,3.36149
16,29,-1.23796
16,30,3.445369
16,31,0.606122
16,32,3.928061
16,33,2.806422
16,34,-1.337831
16,35,-1.663661
16,36,2.601699
16,37,8.045987
16,38,0.268408
16,39,6.045488
16,40,4.779127
16,41,3.553748
16,42,2.806776
16,43,0.840007
16,44,7.623304
16,45,-0.001677
16,46,-0.355703
16,47,-0.422496
16,48,1.350597
16,49,-0.942724
16,50,1.027828
16,51,4.499093
16,52,1.457105
16,53,-0.202785
16,54,-0.33161
16,55,-1.188965
16,56,1.628934
16,57,-1.655601
16,58,4.751385
16,59,6.182171
16,60,-0.19879
16,61,6.073696
16,62,1.137909
16,63,3.931552
16,64,-0.685753
16,65,0.930723
16,66,-0.730618
16,67,0.299297
16,68,5.194415
16,69,0.084347
16,70,0.017933
16,71,1.50604
16,72,5.664527
16,73,0.823803
16,74,2.928438
16,75,3.195197
16,76,-1.258695
16,77,5.792593
16,78,1.896159
16,79,1.514156
16,80,-0.03629
16,81,2.861695
16,82,1.725305
16,83,3.990345
16,84,2.66122
16,85,0.012818
16,86,1.335526
16,87,3.497255
16,88,4.304094
16,89,2.040342
16,90,-0.401858
16,91,1.437011
16,92,-3.367752
16,93,6.462068
16,94,2.787764
16,95,-3.170185
16,96,3.816467
16,97,0.016561
16,98,3.529804
16,99,0.286487
16,100,1.473159
16,101,1.274514
16,102,4.710571
16,103,3.896257
16,104,10.392643
16,105,4.170022
16,106,-0.45167
16,107,-0.476375
16,108,-0.004687
16,109,0.54873
16,110,4.574638
16,111,0.88529
16,112,2.807663
16,113,-1.626555
16,114,3.292107
16,115,-0.012339
16,116,-0.8781
16,117,1.355577
16,118,-2.171375
16,119,0.623951
16,120,0.19745
16,121,-0.262571
16,122,1.522217
16,123,3.937758
16,124,2.853146
16,125,3.224643
16,126,2.076259
16,127,0.22277
16,128,-0.021147
16,129,1.523269
16,130,1.111936
16,131,6.948421
16,132,5.090848
16,133,2.29108
16,134,-0.840866
16,135,-0.585769
16,136,3.395261
16,137,1.556956
16,138,0.968284
16,139,1.402211
16,140,-1.84635
16,141,-2.194625
16,142,-3.315563
16,143,-0.363426
16,144,-1.301538
16,145,1.856011
16,146,-3.649712
16,147,4.42896
16,148,-2.092606
16,149,3.220729
16,150,2.454989
16,151,3.736036
16,152,1.088484
16,153,4.522727
16,154,1.403618
16,155,0.18006
16,156,9.283615
16,157,-0.194952
16,158,-0.136271
16,159,4.289274
16,160,-0.012698
16,161,2.497026
16,162,0.267448
16,163,-0.096756
16,164,0.231015
16,165,0.233029
16,166,1.670847
16,167,0.345226
16,168,0.322312
16,169,1.55969
16,170,4.722469
16,171,0.380386
16,172,4.895777
16,173,-0.493563
16,174,3.455393
16,175,2.759511
16,176,3.586915
16,177,0.389217
16,178,1.304286
16,179,0.277219
16,180,4.180352
16,181,2.755932
16,182,-0.15512
16,183,0.136484
16,184,6.174577
16,185,0.803478
16,186,7.496092
16,187,5.863872
16,188,2.441189
16,189,6.049012
16,190,10.486617
16,191,0.598603
16,192,0.00974
16,193,1.273259
16,194,0.017058
16,195,0.81377
16,196,-0.185938
16,197,0.593349
16,198,0.581103
16,199,0.146361
16,200,-2.426773
17,18,0.742899
17,19,4.40286
17,20,0.325449
17,21,-0.874071
17,22,3.80902
17,23,9.644459
17,24,-1.280149
17,25,-0.068152
17,26,2.204234
17,27,0.803158
17,28,2.955974
17,29,0.661746
17,30,1.418422
17,31,1.691823
17,32,3.048511
17,33,1.665041
17,34,0.142159
17,35,1.130987
17,36,-0.84674
17,37,9.94423
17,38,-0.462705
17,39,5.00597
17,40,2.899904
17,41,4.569885
17,42,3.215633
17,43,0.939084
17,44,6.847951
17,45,-0.291821
17,46,-3.598296
17,47,0.258117
17,48,1.908678
17,49,0.136391
17,50,1.763222
17,51,4.917173
17,52,0.603662
17,53,-1.808314
17,54,0.338652
17,55,-2.013334
17,56,-0.227243
17,57,-0.002467
17,58,2.423051
17,59,7.417804
17,60,-1.870033
17,61,2.820083
17,62,0.895158
17,63,5.152664
17,64,0.122585
17,65,0.947336
17,66,-0.030006
17,67,-1.292332
17,68,3.326822
17,69,-0.437488
17,70,-0.661631
17,71,1.173606
17,72,6.664146
17,73,-0.718416
17,74,2.576802
17,75,3.018473
17,76,-4.016723
17,77,2.086302
17,78,2.356904
17,79,1.600994
17,80,-1.143289
17,81,-0.700368
17,82,1.733868
17,83,3.630168
17,84,2.630493
17,85,-0.774042
17,86,2.879231
17,87,2.003436
17,88,6.673677
17,89,-0.370849
17,90,0.226073
17,91,0.549562
17,92,-0.263391
17,93,4.595864
17,94,4.511893
17,95,-6.777345
17,96,4.503471
17,97,-1.033935
17,98,4.417258
17,99,-0.42732
17,100,-0.930694
17,101,0.464912
17,102,1.668904
17,103,4.30884
17,104,6.713377
17,105,4.966662
17,106,-0.105672
17,107,0.34513
17,108,-0.429394
17,109,0.268369
17,110,7.078962
17,111,-0.451387
17,112,3.861534
17,113,0.169154
17,114,2.633678
17,115,-1.661282
17,116,2.425282
17,117,0.179726
17,118,-0.574906
17,119,-1.92272
17,120,-0.699819
17,121,-1.241541
17,122,2.650741
17,123,2.227858
17,124,3.869852
17,125,2.682444
17,126,2.400699
17,127,-0.636195
17,128,-0.64445
17,129,-1.096561
17,130,0.282376
17,131,3.349017
17,132,2.812102
17,133,1.220903
17,134,-1.760609
17,135,-3.373953
17,136,4.040779
17,137,2.242127
17,138,-0.31216
17,139,1.030264
17,140,0.029293
17,141,0.455772
17,142,-0.810176
17,143,-0.099988
17,144,-0.024268
17,145,2.693316
17,146,-0.657665
17,147,2.527975
17,148,0.138929
17,149,4.769474
17,150,2.268232
17,151,2.018128
17,152,-0.004709
17,153,1.978005
17,154,1.905187
17,155,-2.5351
17,156,7.774647
17,157,-0.113745
17,158,0.19459
17,159,1.511847
17,160,-1.202969
17,161,3.997143
17,162,1.025917
17,163,-1.221615
17,164,0.193398
17,165,2.344631
17,166,1.9922
17,167,-1.343486
17,168,-1.727545
17,169,-2.30507
17,170,8.559098
17,171,-3.267409
17,172,5.810352
17,173,0.338899
17,174,4.229164
17,175,3.901741
17,176,2.231621
17,177,-1.603342
17,178,-0.669706
17,179,0.914431
17,180,4.510138
17,181,3.624973
17,182,-0.137484
17,183,1.871801
17,184,7.339158
17,185,1.550664
17,186,4.993208
17,187,5.044192
17,188,5.874593
17,189,3.139282
17,190,9.407188
17,191,-0.998235
17,192,-0.942332
17,193,-1.4983
17,194,-2.023289
17,195,0.937045
17,196,-2.468723
17,197,-0.963833
17,198,0.009174
17,199,-0.474808
17,200,-5.985575
18,19,-0.035129
18,20,-1.766535
18,21,-1.530205
18,22,-2.722281
18,23,-1.083953
18,24,4.035391
18,25,3.386607
18,26,1.039677
18,27,-3.338124
18,28,-1.755334
18,29,-2.510652
18,30,-2.003039
18,31,1.052409
18,32,-0.575435
18,33,-0.718073
18,34,-1.726683
18,35,-5.534452
18,36,-0.312722
18,37,-0.946559
18,38,1.931234
18,39,0.499219
18,40,-0.018464
18,41,1.790643
18,42,-5.565248
18,43,0.075668
18,44,-1.155743
18,45,1.379471
18,46,-0.410778
18,47,-1.362143
18,48,1.483568
18,49,-0.465288
18,50,-2.382006
18,51,-2.559996
18,52,1.702487
18,53,4.424636
18,54,-0.398309
18,55,-2.059888
18,56,0.271171
18,57,-2.264752
18,58,-2.38783
18,59,-3.2157
18,60,2.605295
18,61,-0.490717
18,62,3.435861
18,63,0.78667
18,64,-1.022313
18,65,0.296637
18,66,-1.650569
18,67,0.537215
18,68,0.421461
18,69,-0.716255
18,70,1.896205
18,71,1.856126
18,72,0.484669
18,73,-0.749938
18,74,1.565655
18,75,-1.70465
18,76,0.071771
18,77,0.004683
18,78,2.468607
18,79,2.871233
18,80,3.235671
18,81,0.137776
18,82,3.160678
18,83,0.812116
18,84,0.466382
18,85,4.158461
18,86,-3.034606
18,87,-0.287449
18,88,-2.241159
18,89,0.739357
18,90,0.761444
18,91,1.996342
18,92,-8.242062
18,93,-0.254232
18,94,-3.859528
18,95,-3.65755
18,96,0.892075
18,97,1.268649
18,98,2.372136
18,99,-0.355434
18,100,0.437851
18,101,2.691112
18,102,-0.060186
18,103,-1.348521
18,104,-0.014815
18,105,-1.53028
18,106,-2.947175
18,107,-0.508878
18,108,3.866657
18,109,3.7805
18,110,-2.555549
18,111,1.667227
18,112,-0.087175
18,113,-3.269327
18,114,1.25455
18,115,1.814751
18,116,-5.295942
18,117,2.555368
18,118,-7.449124
18,119,-2.230754
18,120,0.550245
18,121,-6.212147
18,122,-1.908659
18,123,-0.291115
18,124,2.59002
18,125,-2.689528
18,126,-2.762071
18,127,2.919099
18,128,-1.315736
18,129,-5.009256
18,130,-0.760414
18,131,-0.162634
18,132,-0.709953
18,133,1.917235
18,134,-6.744298
18,135,-0.362442
18,136,2.019429
18,137,2.056679
18,138,2.123317
18,139,-3.289258
18,140,-5.20111
18,141,-6.136619
18,142,-5.620503
18,143,0.172503
18,144,-0.868841
18,145,2.509244
18,146,-7.395339
18,147,0.365593
18,148,-4.875879
18,149,-2.748176
18,150,0.940605
18,151,0.843737
18,152,1.074002
18,153,-0.274668
18,154,0.381232
18,155,-0.819637
18,156,-0.789863
18,157,0.652321
18,158,1.284588
18,159,-0.583474
18,160,1.773235
18,161,-1.36099
18,162,0.66592
18,163,4.090834
18,164,-0.693127
18,165,-1.872281
18,166,2.864368
18,167,-3.816662
18,168,2.190616
18,169,-1.731045
18,170,-3.32547
18,171,-1.650545
18,172,-1.642974
18,173,-1.439423
18,174,1.533104
18,175,-3.287578
18,176,-0.61082
18,177,-1.412606
18,178,-1.722139
18,179,0.86956
18,180,-3.895427
18,181,-1.832226
18,182,2.78133
18,183,-3.945688
18,184,-1.43827
18,185,-2.605735
18,186,-0.880468
18,187,0.407844
18,188,-5.556567
18,189,-0.1198
18,190,-0.458597
18,191,2.649002
18,192,-1.688451
18,193,-2.487668
18,194,0.124036
18,195,2.526859
18,196,-1.766621
18,197,0.46652
18,198,0.390819
18,199,3.388851
18,200,-3.018184
19,20,0.966987
19,21,-0.325583
19,22,-0.953445
19,23,0.947291
19,24,6.232327
19,25,4.285223
19,26,0.938394
19,27,0.82847
19,28,-0.354254
19,29,1.397387
19,30,-0.726916
19,31,6.198583
19,32,0.045283
19,33,-0.009212
19,34,3.076366
19,35,-1.736067
19,36,0.237841
19,37,1.293857
19,38,1.518512
19,39,-0.166929
19,40,-0.069288
19,41,6.454079
19,42,-3.174084
19,43,1.162647
19,44,0.408156
19,45,5.639729
19,46,-1.109172
19,47,2.113649
19,48,7.331447
19,49,-0.36925
19,50,0.692874
19,51,-0.772106
19,52,0.213973
19,53,4.765746
19,54,1.259147
19,55,-1.74997
19,56,-0.318189
19,57,2.11251
19,58,-0.947163
19,59,-1.198745
19,60,3.85952
19,61,0.150744
19,62,6.518363
19,63,5.508562
19,64,3.602363
19,65,1.072991
19,66,1.735774
19,67,2.301728
19,68,0.104244
19,69,2.885824
19,70,5.431795
19,71,1.455981
19,72,3.557863
19,73,0.136996
19,74,0.666685
19,75,3.005102
19,76,2.032574
19,77,0.058934
19,78,7.627015
19,79,5.910972
19,80,3.639279
19,81,-0.525933
19,82,8.702789
19,83,-0.255442
19,84,3.030039
19,85,6.775982
19,86,-0.581839
19,87,0.235202
19,88,0.766414
19,89,0.79964
19,90,0.833312
19,91,5.444776
19,92,-4.524588
19,93,0.012807
19,94,-1.484283
19,95,-2.12919
19,96,4.286493
19,97,2.202774
19,98,6.539589
19,99,1.87167
19,100,3.237849
19,101,5.977159
19,102,-0.804906
19,103,1.22988
19,104,1.061766
19,105,1.033856
19,106,0.455955
19,107,-1.348438
19,108,5.804307
19,109,7.515625
19,110,-0.102021
19,111,0.815535
19,112,5.080813
19,113,1.465364
19,114,4.073867
19,115,1.645379
19,116,-2.016306
19,117,1.815113
19,118,-3.601943
19,119,-0.296488
19,120,2.746542
19,121,-3.041631
19,122,1.289449
19,123,0.12102
19,124,6.551778
19,125,-0.16908
19,126,-0.687266
19,127,2.142701
19,128,1.515884
19,129,-2.275928
19,130,1.74872
19,131,0.404595
19,132,1.024821
19,133,1.271774
19,134,-3.463309
19,135,1.210687
19,136,5.731604
19,137,7.336958
19,138,4.378995
19,139,-1.042873
19,140,-1.681542
19,141,-2.136846
19,142,-2.150407
19,143,3.529045
19,144,0.127564
19,145,8.508964
19,146,-3.785309
19,147,0.088976
19,148,-1.533937
19,149,-0.348631
19,150,4.213953
19,151,0.495276
19,152,3.638995
19,153,2.1776
19,154,0.415206
19,155,0.575828
19,156,0.803351
19,157,4.789359
19,158,4.581218
19,159,0.034794
19,160,1.485597
19,161,1.763993
19,162,-0.302956
19,163,6.711576
19,164,1.747735
19,165,2.339954
19,166,5.996994
19,167,-0.960759
19,168,1.603981
19,169,-0.071774
19,170,-0.805195
19,171,-0.424479
19,172,0.697036
19,173,2.200042
19,174,5.923179
19,175,-0.895152
19,176,0.103009
19,177,0.744132
19,178,0.006705
19,179,0.39305
19,180,-1.808275
19,181,2.119717
19,182,4.559408
19,183,-0.860974
19,184,0.723002
19,185,0.443959
19,186,0.48529
19,187,-0.035276
19,188,-2.906243
19,189,0.664
19,190,1.087562
19,191,5.247361
19,192,1.492003
19,193,-0.694615
19,194,1.101715
19,195,1.449357
19,196,1.158388
19,197,1.943689
19,198,1.739961
19,199,6.03377
19,200,-1.966834
20,21,-0.671312
20,22,1.55502
20,23,4.884874
20,24,-1.29946
20,25,0.201762
20,26,-0.027411
20,27,1.447169
20,28,1.022058
20,29,1.170938
20,30,0.384378
20,31,2.991013
20,32,0.812804
20,33,0.24713
20,34,0.928679
20,35,1.559657
20,36,-2.193013
20,37,5.484119
20,38,-0.557661
20,39,-0.019194
20,40,-1.218324
20,41,5.059527
20,42,1.355327
20,43,-0.238764
20,44,3.275274
20,45,0.564617
20,46,-4.730786
20,47,0.202038
20,48,2.889391
20,49,-2.948607
20,50,-1.759353
20,51,1.869826
20,52,-1.63357
20,53,-1.158276
20,54,-1.154772
20,55,-5.550872
20,56,-2.339254
20,57,0.473665
20,58,1.468193
20,59,4.155926
20,60,-1.429156
20,61,1.739066
20,62,1.079653
20,63,5.465036
20,64,0.890885
20,65,-0.302366
20,66,-0.579616
20,67,-0.952205
20,68,0.949428
20,69,0.261839
20,70,0.12412
20,71,-0.121755
20,72,5.414755
20,73,-0.275498
20,74,-0.245156
20,75,2.865623
20,76,-4.067601
20,77,-0.527327
20,78,3.071585
20,79,1.78172
20,80,-1.369612
20,81,-2.296716
20,82,2.22035
20,83,-1.071058
20,84,2.860428
20,85,0.077172
20,86,-0.080599
20,87,0.609901
20,88,3.448926
20,89,-0.220681
20,90,-1.732114
20,91,-0.21056
20,92,0.119454
20,93,1.255991
20,94,1.789491
20,95,-7.197317
20,96,3.360219
20,97,-0.850176
20,98,4.522883
20,99,-0.17508
20,100,-1.392067
20,101,0.400602
20,102,-2.102926
20,103,0.421983
20,104,2.801787
20,105,0.910255
20,106,0.016968
20,107,-3.983996
20,108,0.522656
20,109,0.995051
20,110,5.08947
20,111,-0.745545
20,112,4.166104
20,113,1.030582
20,114,1.736787
20,115,-1.397811
20,116,-0.868482
20,117,0.034248
20,118,-0.745513
20,119,-1.673348
20,120,-0.281437
20,121,-1.452959
20,122,3.496568
20,123,0.723982
20,124,4.437296
20,125,2.785334
20,126,0.578962
20,127,-0.118706
20,128,-0.206115
20,129,-1.07798
20,130,-1.874045
20,131,1.314973
20,132,2.500345
20,133,0.150315
20,134,-1.853006
20,135,-3.053101
20,136,3.647888
20,137,3.206673
20,138,-0.318471
20,139,0.468633
20,140,-0.419924
20,141,1.303727
20,142,-2.496872
20,143,0.491625
20,144,-2.503264
20,145,3.661575
20,146,-2.045298
20,147,0.55277
20,148,-2.361524
20,149,2.228836
20,150,1.078471
20,151,0.681793
20,152,-1.339809
20,153,1.522229
20,154,-1.059756
20,155,-2.216283
20,156,4.277861
20,157,0.726227
20,158,1.22827
20,159,0.998054
20,160,-2.17245
20,161,3.849034
20,162,-2.640915
20,163,-1.145659
20,164,0.005168
20,165,3.745587
20,166,2.435319
20,167,-1.238558
20,168,-1.339612
20,169,-3.200719
20,170,4.576528
20,171,-4.0054
20,172,5.7014
20,173,0.806723
20,174,4.589422
20,175,2.558836
20,176,0.634211
20,177,-1.402581
20,178,-0.777084
20,179,-1.869053
20,180,1.754897
20,181,3.646289
20,182,0.442318
20,183,1.278347
20,184,2.898975
20,185,-2.167437
20,186,3.808659
20,187,0.367584
20,188,2.885458
20,189,0.515173
20,190,4.823294
20,191,-1.219543
20,192,-0.548852
20,193,-1.289482
20,194,-1.63048
20,195,-0.728402
20,196,-2.10945
20,197,-0.7659
20,198,-0.008429
20,199,0.294828
20,200,-6.659612
21,22,-0.708158
21,23,-0.299306
21,24,0.48118
21,25,0.067189
21,26,-0.984219
21,27,0.087893
21,28,-0.119994
21,29,-3.447125
21,30,-0.059558
21,31,1.944532
21,32,-0.157606
21,33,-1.061975
21,34,-1.062547
21,35,-4.645117
21,36,-0.429389
21,37,-0.35192
21,38,-2.678338
21,39,-1.094676
21,40,-1.675594
21,41,2.984382
21,42,-3.008181
21,43,-1.769874
21,44,0.001166
21,45,1.988252
21,46,-3.029135
21,47,-3.616519
21,48,4.327487
21,49,-5.566668
21,50,-5.347857
21,51,-0.929026
21,52,-3.203751
21,53,1.764908
21,54,-3.803022
21,55,-7.229964
21,56,-3.356947
21,57,-2.537055
21,58,-0.370907
21,59,-1.556808
21,60,0.920635
21,61,0.263015
21,62,0.185904
21,63,3.578684
21,64,-0.021446
21,65,-1.928875
21,66,-3.85358
21,67,1.851323
21,68,-0.410256
21,69,1.429318
21,70,2.437724
21,71,-1.120622
21,72,0.067069
21,73,-1.120912
21,74,-1.41056
21,75,2.531446
21,76,0.649824
21,77,-0.454501
21,78,2.57499
21,79,-0.160246
21,80,-2.092134
21,81,-1.671794
21,82,3.290681
21,83,-2.224651
21,84,1.085443
21,85,2.537025
21,86,-3.414072
21,87,0.170469
21,88,-2.951926
21,89,0.190836
21,90,-4.263789
21,91,-0.959936
21,92,-6.25732
21,93,-0.111434
21,94,-2.487574
21,95,-2.890338
21,96,-0.831536
21,97,-2.038523
21,98,1.801101
21,99,0.607487
21,100,2.527834
21,101,0.504655
21,102,-2.174767
21,103,-2.675256
21,104,0.926787
21,105,-2.550172
21,106,-0.633019
21,107,-6.145776
21,108,0.788548
21,109,1.337838
21,110,-1.574854
21,111,-2.261734
21,112,3.716312
21,113,-1.450301
21,114,0.408351
21,115,-1.371147
21,116,-6.883618
21,117,-0.594089
21,118,-3.6547
21,119,0.434968
21,120,1.273486
21,121,-2.367226
21,122,-0.506551
21,123,0.16812
21,124,1.691976
21,125,-0.386229
21,126,-0.869288
21,127,-2.243192
21,128,0.597979
21,129,-1.430463
21,130,-4.548269
21,131,0.395132
21,132,0.825521
21,133,-0.551025
21,134,-2.841851
21,135,1.115105
21,136,0.534405
21,137,2.587369
21,138,0.823702
21,139,-0.921913
21,140,-4.56473
21,141,-3.999335
21,142,-7.455121
21,143,-2.068539
21,144,-5.200539
21,145,3.707039
21,146,-7.949047
21,147,-0.662854
21,148,-6.99404
21,149,-2.270268
21,150,-1.641073
21,151,-0.28018
21,152,-2.575307
21,153,1.786812
21,154,-2.971383
21,155,0.75573
21,156,0.305877
21,157,0.345273
21,158,-1.234155
21,159,0.070632
21,160,-3.793743
21,161,-2.043806
21,162,-4.792334
21,163,0.88771
21,164,-0.333131
21,165,-1.134514
21,166,0.315716
21,167,0.143944
21,168,-0.741765
21,169,-0.311033
21,170,-2.677237
21,171,-1.029299
21,172,-0.179305
21,173,-3.029196
21,174,2.869784
21,175,-1.98547
21,176,0.19606
21,177,1.407805
21,178,0.656403
21,179,-4.119774
21,180,-1.759715
21,181,1.501893
21,182,-0.341612
21,183,-3.809861
21,184,-1.166524
21,185,-5.663188
21,186,0.394194
21,187,-0.837001
21,188,-3.895938
21,189,0.46777
21,190,0.592599
21,191,1.13441
21,192,1.803224
21,193,0.015438
21,194,-0.105101
21,195,-2.347815
21,196,2.109765
21,197,1.492832
21,198,-0.413443
21,199,0.572261
21,200,-3.014001
22,23,1.320942
22,24,1.071761
22,25,3.399507
22,26,0.350522
22,27,2.579373
22,28,-0.201468
22,29,3.691274
22,30,0.085628
22,31,7.388865
22,32,-0.026338
22,33,-1.004672
22,34,5.230722
22,35,1.821364
22,36,-2.978447
22,37,1.736074
22,38,-0.573704
22,39,-1.694212
22,40,-2.362559
22,41,5.61334
22,42,-0.960395
22,43,0.463441
22,44,0.434056
22,45,4.337082
22,46,-4.889793
22,47,0.981329
22,48,6.555709
22,49,-2.044777
22,50,-0.674475
22,51,0.018293
22,52,-1.957869
22,53,1.947842
22,54,-0.334475
22,55,-5.075637
22,56,-2.829876
22,57,4.15253
22,58,-0.00486
22,59,0.474415
22,60,0.510049
22,61,-0.685003
22,62,3.453614
22,63,3.960203
22,64,4.643402
22,65,0.192293
22,66,0.241282
22,67,1.56801
22,68,-0.751129
22,69,2.92183
22,70,3.685091
22,71,0.656453
22,72,4.155543
22,73,-1.017703
22,74,-0.335567
22,75,1.401925
22,76,-2.690334
22,77,-2.198465
22,78,6.303107
22,79,3.996951
22,80,0.084466
22,81,-3.36457
22,82,5.592558
22,83,-2.029708
22,84,2.433367
22,85,3.885209
22,86,-0.347371
22,87,0.406319
22,88,2.611637
22,89,0.528886
22,90,-0.752677
22,91,1.232771
22,92,-1.186142
22,93,-0.840204
22,94,0.026798
22,95,-6.665903
22,96,4.300448
22,97,-0.392017
22,98,6.012743
22,99,2.015599
22,100,-0.788916
22,101,2.059803
22,102,-3.45212
22,103,0.199182
22,104,-0.12798
22,105,0.486721
22,106,1.741544
22,107,-3.615486
22,108,4.560562
22,109,4.041993
22,110,1.410727
22,111,-1.21967
22,112,3.40851
22,113,4.717021
22,114,2.164279
22,115,-0.879189
22,116,-0.072545
22,117,0.877891
22,118,-1.286564
22,119,-0.002955
22,120,2.433898
22,121,-1.339682
22,122,2.852269
22,123,0.34301
22,124,6.227713
22,125,1.089585
22,126,0.23116
22,127,-0.022616
22,128,2.074341
22,129,-0.729109
22,130,-0.959042
22,131,-0.931671
22,132,0.534792
22,133,0.523467
22,134,-1.73016
22,135,-1.19204
22,136,5.19417
22,137,6.744844
22,138,0.845286
22,139,0.103914
22,140,0.688599
22,141,1.231742
22,142,-0.727296
22,143,2.037479
22,144,-1.070418
22,145,7.040342
22,146,-0.655364
22,147,-1.021273
22,148,-1.116137
22,149,0.54714
22,150,2.668329
22,151,-0.080853
22,152,-0.265815
22,153,0.256684
22,154,-0.964399
22,155,-0.210831
22,156,0.846356
22,157,4.462465
22,158,3.590814
22,159,-0.946109
22,160,-1.516508
22,161,3.776535
22,162,-2.291066
22,163,1.5623
22,164,1.880805
22,165,5.8655
22,166,4.816397
22,167,-0.059511
22,168,-0.643955
22,169,-3.764418
22,170,0.917158
22,171,-4.273815
22,172,1.874132
22,173,2.013942
22,174,4.70872
22,175,0.432916
22,176,0.399963
22,177,0.515762
22,178,0.467938
22,179,-1.399648
22,180,-0.209911
22,181,2.272526
22,182,3.788098
22,183,0.966278
22,184,0.860762
22,185,-1.288497
22,186,0.491317
22,187,-1.196127
22,188,-0.464029
22,189,-1.104561
22,190,1.001952
22,191,0.38665
22,192,1.640996
22,193,0.10416
22,194,-0.659822
22,195,0.195419
22,196,-0.417881
22,197,1.52852
22,198,1.463663
22,199,2.977609
22,200,-6.404052
23,24,5.619616
23,25,11.381537
23,26,5.149559
23,27,1.434726
23,28,1.312077
23,29,3.992974
23,30,3.381974
23,31,5.501219
23,32,2.856657
23,33,0.670922
23,34,6.736519
23,35,0.810994
23,36,-2.178827
23,37,0.02607
23,38,3.438069
23,39,1.027025
23,40,-0.360538
23,41,2.292254
23,42,0.040917
23,43,4.358402
23,44,0.006488
23,45,6.024524
23,46,-2.539223
23,47,2.481744
23,48,4.054662
23,49,4.83525
23,50,0.118812
23,51,0.877661
23,52,2.320634
23,53,5.807491
23,54,4.006394
23,55,-0.277714
23,56,0.069897
23,57,6.292555
23,58,1.453786
23,59,0.085466
23,60,2.620768
23,61,-0.34029
23,62,4.822926
23,63,1.13537
23,64,6.366829
23,65,4.039495
23,66,2.549952
23,67,5.465167
23,68,1.861726
23,69,2.672648
23,70,5.981898
23,71,5.762575
23,72,1.116159
23,73,0.308306
23,74,4.576191
23,75,-0.891036
23,76,-0.773333
23,77,-1.118639
23,78,3.852262
23,79,4.251865
23,80,5.37762
23,81,-1.485533
23,82,5.029193
23,83,1.683529
23,84,0.631921
23,85,7.998636
23,86,0.728566
23,87,4.208248
23,88,0.162352
23,89,3.51908
23,90,6.036309
23,91,2.490755
23,92,-1.091896
23,93,0.650978
23,94,0.442784
23,95,-4.953736
23,96,2.238908
23,97,1.990899
23,98,3.181987
23,99,5.856577
23,100,-0.501741
23,101,2.641265
23,102,-1.081119
23,103,0.026438
23,104,-0.517974
23,105,-0.00594
23,106,4.232421
23,107,2.499611
23,108,9.648442
23,109,6.445971
23,110,-0.001319
23,111,2.191284
23,112,0.913286
23,113,4.635167
23,114,1.047263
23,115,1.554257
23,116,-0.868399
23,117,5.586113
23,118,-0.964709
23,119,1.303326
23,120,6.115805
23,121,0.26809
23,122,0.768756
23,123,4.207525
23,124,3.520766
23,125,-0.332127
23,126,2.427484
23,127,4.628783
23,128,3.997777
23,129,-0.797359
23,130,1.690847
23,131,-0.623467
23,132,-0.748697
23,133,5.422595
23,134,-0.860397
23,135,0.790004
23,136,3.042957
23,137,4.149362
23,138,1.403952
23,139,1.541988
23,140,1.017544
23,141,1.49321
23,142,0.596039
23,143,4.698749
23,144,6.430312
23,145,4.882288
23,146,-1.364812
23,147,1.421391
23,148,-0.203179
23,149,-0.010515
23,150,2.314127
23,151,3.49791
23,152,1.992888
23,153,-1.080086
23,154,3.182434
23,155,1.771551
23,156,-0.096201
23,157,5.960082
23,158,6.19419
23,159,-0.3048
23,160,3.897032
23,161,1.127688
23,162,3.497093
23,163,6.539842
23,164,5.899562
23,165,3.278707
23,166,3.937289
23,167,1.819118
23,168,2.113673
23,169,-3.393119
23,170,-0.324163
23,171,-3.430293
23,172,-0.021517
23,173,2.863196
23,174,1.765536
23,175,0.058754
23,176,4.134871
23,177,3.692821
23,178,4.331301
23,179,4.056078
23,180,0.995192
23,181,-0.225248
23,182,10.813251
23,183,0.006925
23,184,-0.002348
23,185,0.123625
23,186,-0.322642
23,187,1.642194
23,188,-0.660258
23,189,-0.601768
23,190,-0.079337
23,191,1.965759
23,192,3.745456
23,193,0.515126
23,194,0.617484
23,195,6.265542
23,196,0.23158
23,197,5.902372
23,198,5.177192
23,199,5.918595
23,200,-4.776532
24,25,0.753908
24,26,3.933244
24,27,-4.099584
24,28,1.615629
24,29,-3.325257
24,30,1.811874
24,31,-1.897025
24,32,3.932563
24,33,2.082151
24,34,-3.449317
24,35,-5.083361
24,36,2.177468
24,37,5.362308
24,38,0.688711
24,39,8.897891
24,40,6.59889
24,41,-0.059206
24,42,-1.99808
24,43,0.939652
24,44,3.688308
24,45,-1.224037
24,46,1.922648
24,47,-1.699041
24,48,-1.378512
24,49,0.581637
24,50,1.160951
24,51,1.718153
24,52,2.91025
24,53,0.94526
24,54,-0.235747
24,55,0.494608
24,56,2.066605
24,57,-3.511901
24,58,1.132398
24,59,1.603768
24,60,-0.050929
24,61,3.028295
24,62,-0.156759
24,63,-0.327327
24,64,-2.69053
24,65,1.189297
24,66,-1.652913
24,67,0.705279
24,68,6.541305
24,69,-2.087804
24,70,-0.795752
24,71,2.855825
24,72,2.169971
24,73,0.010743
24,74,5.571795
24,75,-2.17512
24,76,-0.010645
24,77,5.389281
24,78,-0.646958
24,79,-0.203565
24,80,0.091445
24,81,4.540198
24,82,-0.148855
24,83,7.246582
24,84,-0.871708
24,85,-0.017
24,86,0.046411
24,87,4.325459
24,88,1.789687
24,89,4.005592
24,90,0.839047
24,91,0.338539
24,92,-7.2977
24,93,5.692733
24,94,-0.190787
24,95,-1.74747
24,96,1.266354
24,97,-0.415369
24,98,0.49419
24,99,-0.571723
24,100,0.035584
24,101,-0.120399
24,102,8.168658
24,103,3.609552
24,104,6.652009
24,105,3.674254
24,106,-2.90603
24,107,1.803266
24,108,0.12303
24,109,-0.398199
24,110,0.400765
24,111,1.722978
24,112,-1.522275
24,113,-4.49111
24,114,0.952182
24,115,0.263216
24,116,-2.446721
24,117,3.145001
24,118,-7.068119
24,119,-0.670352
24,120,-0.291435
24,121,-5.120603
24,122,-2.290475
24,123,4.776016
24,124,-0.203968
24,125,-1.795233
24,126,0.110828
24,127,0.901727
24,128,-1.721518
24,129,-3.697923
24,130,0.139948
24,131,4.003947
24,132,-0.159234
24,133,4.62779
24,134,-5.885989
24,135,1.538781
24,136,0.78167
24,137,-1.065029
24,138,-0.361256
24,139,-1.452659
24,140,-4.354109
24,141,-6.048737
24,142,-4.587999
24,143,-1.21523
24,144,-0.24784
24,145,-0.80973
24,146,-5.869259
24,147,5.87674
24,148,-3.194881
24,149,0.418761
24,150,0.722493
24,151,6.074128
24,152,0.370604
24,153,-0.522529
24,154,2.409771
24,155,1.41598
24,156,4.260337
24,157,-1.488225
24,158,-1.088547
24,159,2.249005
24,160,0.460881
24,161,-0.678499
24,162,2.098601
24,163,-0.008983
24,164,-0.65969
24,165,-3.163003
24,166,-0.415313
24,167,-2.979451
24,168,1.684484
24,169,0.22709
24,170,1.691592
24,171,0.289943
24,172,-0.242466
24,173,-2.067412
24,174,-0.193212
24,175,-0.775285
24,176,3.898714
24,177,-0.229512
24,178,0.413656
24,179,1.502692
24,180,0.307437
24,181,-2.409873
24,182,0.030917
24,183,-2.609636
24,184,4.554273
24,185,1.313114
24,186,2.144228
24,187,8.492055
24,188,-1.596021
24,189,4.102476
24,190,6.951308
24,191,0.043112
24,192,-2.01619
24,193,-0.704259
24,194,-0.074551
24,195,2.315938
24,196,-1.812271
24,197,1.226126
24,198,0.404128
24,199,-0.368498
24,200,-0.70742
25,26,1.669479
25,27,1.468637
25,28,2.696385
25,29,0.445997
25,30,1.268904
25,31,2.436334
25,32,2.631074
25,33,1.981464
25,34,0.121854
25,35,0.639019
25,36,1.60452
25,37,12.213335
25,38,0.011643
25,39,4.738276
25,40,5.531452
25,41,6.306018
25,42,2.623183
25,43,0.623323
25,44,7.322645
25,45,0.459097
25,46,-1.299934
25,47,0.432259
25,48,3.164998
25,49,-0.523383
25,50,4.200548
25,51,4.406712
25,52,0.788063
25,53,-0.701482
25,54,-0.033342
25,55,0.876495
25,56,0.982948
25,57,-0.217266
25,58,2.41461
25,59,6.634108
25,60,-0.535009
25,61,3.880484
25,62,2.581591
25,63,6.94953
25,64,0.355763
25,65,0.657674
25,66,-0.109398
25,67,-0.759885
25,68,3.224532
25,69,0.418822
25,70,0.179116
25,71,0.836236
25,72,8.95549
25,73,0.09495
25,74,2.028893
25,75,4.269925
25,76,-2.102282
25,77,4.663791
25,78,3.82606
25,79,3.17705
25,80,0.467543
25,81,1.430321
25,82,3.590984
25,83,3.265055
25,84,4.000159
25,85,0.253935
25,86,2.238682
25,87,1.73411
25,88,6.959203
25,89,0.127644
25,90,-0.247482
25,91,2.770228
25,92,-0.91111
25,93,4.643722
25,94,3.953243
25,95,-4.673806
25,96,6.886431
25,97,0.049334
25,98,6.347222
25,99,-0.137749
25,100,1.351749
25,101,2.30251
25,102,4.993976
25,103,6.436027
25,104,10.016582
25,105,6.724196
25,106,-0.007237
25,107,-0.009201
25,108,0.30919
25,109,1.590731
25,110,6.993817
25,111,0.194526
25,112,5.403272
25,113,0.14178
25,114,4.878234
25,115,-0.486934
25,116,1.512236
25,117,0.335747
25,118,-0.429509
25,119,-1.190908
25,120,-0.266305
25,121,-0.938897
25,122,3.317263
25,123,1.934317
25,124,5.370697
25,125,3.421161
25,126,1.945116
25,127,-0.047616
25,128,-0.184421
25,129,-0.508242
25,130,2.071751
25,131,5.004357
25,132,4.116363
25,133,1.044278
25,134,-1.327053
25,135,-2.152891
25,136,6.185173
25,137,3.463601
25,138,1.43351
25,139,1.047032
25,140,-0.380037
25,141,0.145671
25,142,-1.595636
25,143,0.154142
25,144,-0.702087
25,145,4.067466
25,146,-1.51407
25,147,2.698009
25,148,-0.578897
25,149,4.455605
25,150,4.557066
25,151,1.913702
25,152,2.327005
25,153,3.698623
25,154,1.318935
25,155,-1.636032
25,156,8.95309
25,157,0.384606
25,158,0.674023
25,159,2.526516
25,160,0.053508
25,161,4.461155
25,162,0.415056
25,163,0.83272
25,164,0.13241
25,165,2.4915
25,166,3.405579
25,167,-0.851843
25,168,-0.639727
25,169,0.020685
25,170,7.747889
25,171,-1.073984
25,172,6.322832
25,173,0.492383
25,174,5.975903
25,175,3.817666
25,176,1.886201
25,177,-1.077116
25,178,-0.40083
25,179,0.341605
25,180,3.977945
25,181,4.51025
25,182,0.07073
25,183,1.661842
25,184,8.466079
25,185,3.099697
25,186,5.947588
25,187,4.675604
25,188,4.802407
25,189,5.438348
25,190,11.73285
25,191,1.136468
25,192,-0.385889
25,193,-0.760856
25,194,-0.897637
25,195,0.485671
25,196,-1.293822
25,197,-0.578741
25,198,0.125273
25,199,0.629624
25,200,-3.704147
26,27,1.224248
26,28,0.394425
26,29,4.216542
26,30,-1.011502
26,31,7.373369
26,32,0.129449
26,33,0.392743
26,34,3.486521
26,35,2.841197
26,36,1.053795
26,37,5.952049
26,38,0.526705
26,39,0.599908
26,40,0.940616
26,41,9.484571
26,42,-0.859672
26,43,0.077388
26,44,3.235043
26,45,2.518847
26,46,-0.957798
26,47,1.952126
26,48,6.737556
26,49,-0.751938
26,50,3.29966
26,51,1.000657
26,52,-0.221767
26,53,1.131879
26,54,0.169724
26,55,-1.515429
26,56,-0.163661
26,57,3.016476
26,58,-0.212706
26,59,2.371147
26,60,0.967291
26,61,1.691747
26,62,7.018825
26,63,7.285839
26,64,2.503152
26,65,0.060726
26,66,0.737689
26,67,-0.509164
26,68,0.441689
26,69,1.299429
26,70,2.008869
26,71,0.097843
26,72,9.910405
26,73,-0.188159
26,74,-0.040877
26,75,3.2558
26,76,-1.291414
26,77,1.662683
26,78,8.136438
26,79,7.991139
26,80,3.591159
26,81,0.542083
26,82,7.959156
26,83,-0.072621
26,84,4.485822
26,85,2.992468
26,86,0.554887
26,87,-0.350797
26,88,6.869674
26,89,-0.70136
26,90,0.199315
26,91,5.39214
26,92,-1.13213
26,93,1.214477
26,94,0.818741
26,95,-4.690773
26,96,11.006416
26,97,1.324339
26,98,12.354705
26,99,0.032682
26,100,1.719433
26,101,5.096945
26,102,0.152646
26,103,3.371155
26,104,4.071451
26,105,3.577655
26,106,-0.106643
26,107,-1.54285
26,108,3.268908
26,109,5.572997
26,110,3.739255
26,111,0.110725
26,112,5.364862
26,113,2.857837
26,114,6.273258
26,115,0.49269
26,116,3.515415
26,117,0.177176
26,118,-2.333529
26,119,-1.928034
26,120,0.292084
26,121,-2.836526
26,122,3.251281
26,123,-0.39643
26,124,11.712996
26,125,1.438994
26,126,-0.179463
26,127,0.955074
26,128,0.034899
26,129,-2.26132
26,130,2.564988
26,131,2.435875
26,132,2.677964
26,133,-0.000816
26,134,-3.177498
26,135,-1.930474
26,136,11.516619
26,137,7.934218
26,138,3.256566
26,139,-0.582981
26,140,-0.012056
26,141,0.778026
26,142,0.631108
26,143,1.791589
26,144,-0.542097
26,145,9.781944
26,146,1.006106
26,147,0.376749
26,148,0.456508
26,149,2.266459
26,150,7.200876
26,151,-0.036304
26,152,3.868885
26,153,2.786681
26,154,-0.168105
26,155,-1.915834
26,156,4.32809
26,157,2.376218
26,158,3.542742
26,159,0.964659
26,160,1.378398
26,161,6.45837
26,162,-0.811251
26,163,4.368111
26,164,0.199148
26,165,7.313081
26,166,8.094812
26,167,-1.900201
26,168,0.018778
26,169,-0.680971
26,170,3.720493
26,171,-1.347468
26,172,4.113819
26,173,2.300839
26,174,7.94991
26,175,1.435152
26,176,-0.361529
26,177,-1.484593
26,178,-1.443896
26,179,-0.360908
26,180,0.12377
26,181,3.381389
26,182,2.299547
26,183,1.647531
26,184,4.04764
26,185,2.00679
26,186,3.203431
26,187,0.645873
26,188,0.886315
26,189,2.52265
26,190,5.171985
26,191,3.04137
26,192,-0.339046
26,193,-1.801616
26,194,-0.511996
26,195,0.129899
26,196,-1.264349
26,197,-0.595719
26,198,0.148181
26,199,3.444305
26,200,-3.736702
27,28,0.9619
27,29,-1.211504
27,30,3.994073
27,31,-0.380651
27,32,2.072533
27,33,-1.153536
27,34,0.12153
27,35,-1.054005
27,36,-3.01556
27,37,0.951512
27,38,-3.054666
27,39,-0.18787
27,40,-2.665746
27,41,-0.274484
27,42,2.747046
27,43,0.048006
27,44,1.852533
27,45,-0.156808
27,46,-5.809217
27,47,-3.312229
27,48,-0.53853
27,49,-4.489979
27,50,-6.174334
27,51,1.782131
27,52,-3.342136
27,53,-1.662076
27,54,-2.642483
27,55,-8.574319
27,56,-4.450452
27,57,-0.108427
27,58,3.926667
27,59,3.031108
27,60,-2.667014
27,61,1.254654
27,62,-2.988129
27,63,0.322581
27,64,0.464215
27,65,-0.374318
27,66,-3.007061
27,67,1.031783
27,68,1.235839
27,69,-0.557768
27,70,-0.240569
27,71,0.953685
27,72,-0.786835
27,73,-2.066653
27,74,0.537185
27,75,0.70649
27,76,-4.483635
27,77,-1.324746
27,78,-1.155276
27,79,-2.754031
27,80,-4.631356
27,81,-3.145384
27,82,-1.607596
27,83,-1.608859
27,84,-0.519414
27,85,-1.091978
27,86,-1.835995
27,87,3.311619
27,88,-2.145634
27,89,1.366069
27,90,-3.230486
27,91,-3.947293
27,92,-2.09449
27,93,1.056844
27,94,0.742666
27,95,-7.044357
27,96,-2.494858
27,97,-3.663442
27,98,-1.11867
27,99,1.421064
27,100,-2.583957
27,101,-2.920193
27,102,-3.008575
27,103,-3.192525
27,104,2.445991
27,105,-2.759582
27,106,1.054574
27,107,-5.799072
27,108,-0.931301
27,109,-2.217601
27,110,0.789011
27,111,-2.843525
27,112,0.249177
27,113,-0.17971
27,114,-2.126451
27,115,-3.340136
27,116,-5.352259
27,117,0.794143
27,118,-1.040124
27,119,0.324499
27,120,1.055085
27,121,1.110635
27,122,-0.144918
27,123,3.671009
27,124,-1.015446
27,125,1.684203
27,126,1.624335
27,127,-2.823941
27,128,0.638035
27,129,1.245146
27,130,-5.811963
27,131,0.747584
27,132,1.885074
27,133,1.601624
27,134,0.149186
27,135,-2.187931
27,136,-1.977647
27,137,-0.896016
27,138,-2.811235
27,139,1.836113
27,140,-1.495954
27,141,-0.622758
27,142,-5.269939
27,143,-1.586122
27,144,-3.358393
27,145,-0.737364
27,146,-5.1207
27,147,0.202658
27,148,-5.740132
27,149,-0.777892
27,150,-3.685476
27,151,1.88606
27,152,-5.013053
27,153,1.207747
27,154,-1.781499
27,155,-0.559813
27,156,2.633152
27,157,-0.09469
27,158,-1.582868
27,159,0.154048
27,160,-5.266534
27,161,-1.684395
27,162,-4.057597
27,163,-4.025986
27,164,1.598183
27,165,-0.164317
27,166,-2.154556
27,167,1.210236
27,168,-2.482766
27,169,-3.220247
27,170,0.027232
27,171,-4.195486
27,172,1.828787
27,173,-2.379875
27,174,-0.267702
27,175,0.471964
27,176,3.369606
27,177,1.104059
27,178,2.365544
27,179,-3.1787
27,180,3.133142
27,181,0.849458
27,182,0.756069
27,183,-2.034845
27,184,-0.446344
27,185,-6.16421
27,186,2.827414
27,187,0.536381
27,188,0.745699
27,189,-0.927
27,190,3.036748
27,191,-3.533499
27,192,0.786531
27,193,0.54718
27,194,-2.312876
27,195,-0.566333
27,196,-1.398529
27,197,1.567443
27,198,1.552565
27,199,-2.153562
27,200,-6.902352
28,29,2.21651
28,30,-0.510013
28,31,5.551524
28,32,0.085537
28,33,-0.331491
28,34,3.366239
28,35,-0.123019
28,36,-2.169168
28,37,1.615693
28,38,0.19322
28,39,-0.972118
28,40,-1.445775
28,41,4.590821
28,42,-2.004279
28,43,0.599667
28,44,0.721077
28,45,3.670949
28,46,-3.932763
28,47,1.441311
28,48,5.517567
28,49,-1.754906
28,50,-0.496259
28,51,-0.023173
28,52,-1.154216
28,53,1.856781
28,54,0.018383
28,55,-4.218986
28,56,-1.86106
28,57,2.541108
28,58,-0.324307
28,59,-0.0456
28,60,1.101303
28,61,-0.069524
28,62,3.719041
28,63,3.236418
28,64,3.878831
28,65,0.440772
28,66,0.677488
28,67,0.735383
28,68,-0.231743
28,69,2.249035
28,70,3.077848
28,71,0.704555
28,72,3.39952
28,73,-0.199586
28,74,-0.047043
28,75,0.694775
28,76,-2.301347
28,77,-1.348844
28,78,5.519458
28,79,4.020515
28,80,0.867757
28,81,-2.414353
28,82,5.203033
28,83,-1.293916
28,84,2.730737
28,85,3.517475
28,86,-0.004646
28,87,0.18092
28,88,1.612039
28,89,0.398734
28,90,-0.493562
28,91,2.078341
28,92,-3.046656
28,93,-0.256565
28,94,-0.347387
28,95,-6.231398
28,96,3.430225
28,97,0.62252
28,98,4.884187
28,99,1.317922
28,100,-0.303749
28,101,2.945332
28,102,-2.50524
28,103,1.071095
28,104,0.353667
28,105,1.196573
28,106,0.794653
28,107,-3.005467
28,108,3.985206
28,109,4.274473
28,110,1.040871
28,111,-0.35685
28,112,2.65722
28,113,2.26135
28,114,2.976422
28,115,0.164292
28,116,-1.250961
28,117,1.015712
28,118,-3.133919
28,119,-1.001572
28,120,1.638481
28,121,-2.76371
28,122,2.72713
28,123,0.086109
28,124,5.112012
28,125,0.994296
28,126,-0.072849
28,127,0.741029
28,128,1.227774
28,129,-2.128404
28,130,-0.320809
28,131,-0.252817
28,132,0.889657
28,133,0.620351
28,134,-3.239482
28,135,-1.400754
28,136,4.302769
28,137,5.643291
28,138,1.699247
28,139,-0.325
28,140,-0.133835
28,141,-0.825682
28,142,-1.691102
28,143,2.31678
28,144,-1.088846
28,145,5.659186
28,146,-2.424125
28,147,-0.382312
28,148,-1.342406
28,149,0.601082
28,150,2.790441
28,151,0.174505
28,152,0.60939
28,153,0.435192
28,154,-0.493015
28,155,-0.941372
28,156,1.034354
28,157,3.7035
28,158,3.740086
28,159,-0.238446
28,160,-0.684715
28,161,2.825546
28,162,-1.743807
28,163,1.914322
28,164,1.383158
28,165,3.706941
28,166,4.662641
28,167,-1.226464
28,168,0.396148
28,169,-3.261954
28,170,0.359207
28,171,-3.666215
28,172,1.70752
28,173,2.32003
28,174,4.110984
28,175,0.221827
28,176,0.121329
28,177,-0.423075
28,178,-0.414389
28,179,-0.925849
28,180,-0.781936
28,181,1.48983
28,182,3.105745
28,183,0.611008
28,184,1.10166
28,185,-0.834549
28,186,0.773585
28,187,-0.60003
28,188,-1.45216
28,189,-0.309442
28,190,1.112415
28,191,1.128291
28,192,0.658821
28,193,-0.952812
28,194,0.168777
28,195,0.360479
28,196,-0.878701
28,197,0.70134
28,198,1.243855
28,199,3.614069
28,200,-5.793156
29,30,0.980929
29,31,0.027354
29,32,3.459317
29,33,-0.281916
29,34,0.224161
29,35,-0.368625
29,36,-4.257161
29,37,3.906767
29,38,-1.821791
29,39,1.478266
29,40,-0.33899
29,41,0.859767
29,42,1.497545
29,43,1.685164
29,44,2.508979
29,45,-0.850033
29,46,-6.556755
29,47,-0.897816
29,48,0.081303
29,49,0.953535
29,50,-1.100061
29,51,4.76493
29,52,-1.35377
29,53,-2.979988
29,54,0.426518
29,55,-4.755518
29,56,-2.7953
29,57,0.247301
29,58,0.663151
29,59,4.27403
29,60,-3.462838
29,61,-0.739479
29,62,-1.30021
29,63,0.261029
29,64,0.19124
29,65,1.375457
29,66,-0.60239
29,67,-1.682498
29,68,1.219603
29,69,-1.351851
29,70,-1.291805
29,71,2.150861
29,72,2.011487
29,73,-2.478154
29,74,4.51383
29,75,-2.264616
29,76,-6.310373
29,77,-1.734778
29,78,0.092322
29,79,-0.770826
29,80,-3.189373
29,81,-4.031906
29,82,-0.489184
29,83,1.460457
29,84,0.392286
29,85,-1.726919
29,86,3.795847
29,87,2.280624
29,88,2.311227
29,89,-1.753718
29,90,0.318988
29,91,-1.849511
29,92,-2.119291
29,93,1.326279
29,94,5.211541
29,95,-9.756334
29,96,0.656811
29,97,-2.739513
29,98,0.773901
29,99,-0.521697
29,100,-3.603392
29,101,-1.571236
29,102,-1.949754
29,103,1.669965
29,104,1.631534
29,105,2.425083
29,106,0.302819
29,107,-0.864026
29,108,-1.24833
29,109,-1.385973
29,110,2.460735
29,111,-2.138761
29,112,-0.418359
29,113,-0.105775
29,114,0.235543
29,115,-3.430891
29,116,0.646615
29,117,-0.246643
29,118,-4.156018
29,119,-3.598286
29,120,-0.897675
29,121,-3.312374
29,122,0.207311
29,123,2.420489
29,124,0.585318
29,125,-1.142791
29,126,3.693565
29,127,-1.95147
29,128,-1.081824
29,129,-4.010236
29,130,-2.395444
29,131,-0.585546
29,132,-1.319241
29,133,1.409691
29,134,-4.387567
29,135,-5.247788
29,136,0.501408
29,137,0.110492
29,138,-2.272911
29,139,0.408062
29,140,0.689434
29,141,-1.457413
29,142,0.103621
29,143,-0.704332
29,144,2.552479
29,145,0.18068
29,146,-0.068257
29,147,0.241502
29,148,-0.589431
29,149,3.158641
29,150,-0.618801
29,151,1.19942
29,152,-2.532207
29,153,-2.111654
29,154,2.789062
29,155,-4.19088
29,156,2.393921
29,157,-0.53338
29,158,-0.756162
29,159,-1.443259
29,160,-3.333543
29,161,1.108203
29,162,0.745547
29,163,-3.262903
29,164,0.911763
29,165,0.060136
29,166,-0.330373
29,167,-2.655216
29,168,-3.462629
29,169,-5.966414
29,170,4.902137
29,171,-6.577543
29,172,0.547352
29,173,-0.524644
29,174,0.834484
29,175,2.02596
29,176,2.843189
29,177,-2.352939
29,178,-1.328481
29,179,1.005494
29,180,4.71478
29,181,-1.555184
29,182,-0.134732
29,183,0.990858
29,184,4.123962
29,185,-1.300653
29,186,0.408055
29,187,3.154925
29,188,4.294928
29,189,-0.40981
29,190,3.389077
29,191,-3.132249
29,192,-1.467647
29,193,-3.544412
29,194,-3.811877
29,195,2.129353
29,196,-4.322357
29,197,-1.19517
29,198,-0.00182
29,199,-1.812185
29,200,-9.059774
30,31,6.461817
30,32,-0.579175
30,33,-1.310548
30,34,2.919422
30,35,1.453221
30,36,-1.023128
30,37,4.124469
30,38,-1.915447
30,39,-1.585211
30,40,-2.073297
30,41,8.51108
30,42,0.152723
30,43,-1.12974
30,44,1.670244
30,45,3.751349
30,46,-3.597502
30,47,-1.016838
30,48,8.112047
30,49,-4.202807
30,50,-2.097135
30,51,0.204625
30,52,-2.991793
30,53,2.198259
30,54,-2.33026
30,55,-5.999054
30,56,-3.234161
30,57,1.383736
30,58,0.283797
30,59,2.000042
30,60,1.189551
30,61,0.45226
30,62,3.039135
30,63,8.962397
30,64,3.001424
30,65,-1.35594
30,66,-1.736597
30,67,1.667285
30,68,-0.812285
30,69,2.831792
30,70,3.663706
30,71,-0.927569
30,72,6.017357
30,73,-1.271812
30,74,-1.58888
30,75,6.273467
30,76,0.039932
30,77,-0.926062
30,78,6.530671
30,79,3.252957
30,80,-0.620675
30,81,-2.239913
30,82,6.55992
30,83,-2.583643
30,84,4.06112
30,85,3.964722
30,86,-1.435696
30,87,-0.193862
30,88,2.67088
30,89,-0.208435
30,90,-2.941299
30,91,1.109602
30,92,0.238895
30,93,-0.425094
30,94,0.290849
30,95,-3.578579
30,96,4.227503
30,97,-1.108355
30,98,7.044772
30,99,0.970725
30,100,1.993771
30,101,2.395156
30,102,-2.747625
30,103,-0.26367
30,104,1.982033
30,105,0.123338
30,106,1.182712
30,107,-5.258654
30,108,2.481727
30,109,3.78023
30,110,3.102794
30,111,-2.084728
30,112,8.237998
30,113,3.272859
30,114,2.884464
30,115,-1.156868
30,116,-1.9799
30,117,-0.599597
30,118,0.675984
30,119,0.220822
30,120,1.639221
30,121,-0.186254
30,122,3.751133
30,123,-0.120528
30,124,6.883002
30,125,2.427827
30,126,-0.336931
30,127,-1.450713
30,128,1.246215
30,129,0.233129
30,130,-2.227373
30,131,0.442302
30,132,2.723422
30,133,-0.765222
30,134,-0.380778
30,135,0.754925
30,136,5.416088
30,137,6.784545
30,138,1.781752
30,139,-0.176778
30,140,-0.738902
30,141,2.431599
30,142,-3.420041
30,143,-0.068992
30,144,-3.514779
30,145,8.215182
30,146,-2.854232
30,147,-1.133873
30,148,-3.517888
30,149,0.73111
30,150,1.789933
30,151,-0.705909
30,152,-0.729324
30,153,3.382765
30,154,-2.434273
30,155,0.413441
30,156,2.748936
30,157,2.410558
30,158,1.306994
30,159,-0.183748
30,160,-2.641528
30,161,3.034542
30,162,-3.992815
30,163,2.416016
30,164,0.521467
30,165,4.714695
30,166,4.028529
30,167,0.568851
30,168,-0.895375
30,169,-0.655479
30,170,2.681443
30,171,-1.584365
30,172,4.02461
30,173,-0.153505
30,174,7.835027
30,175,0.952942
30,176,-0.151392
30,177,1.047932
30,178,0.362121
30,179,-3.196153
30,180,0.30407
30,181,5.890665
30,182,1.316335
30,183,0.129688
30,184,1.725725
30,185,-2.839481
30,186,2.305451
30,187,-1.313134
30,188,0.964234
30,189,-0.073034
30,190,3.363551
30,191,1.839006
30,192,2.013103
30,193,-0.007375
30,194,-0.391842
30,195,-1.731332
30,196,1.757761
30,197,1.265479
30,198,-0.01224
30,199,2.238874
30,200,-3.705524
31,32,7.900648
31,33,2.92619
31,34,0.354389
31,35,-0.266831
31,36,0.385017
31,37,4.916877
31,38,0.295178
31,39,5.950808
31,40,2.917611
31,41,0.78206
31,42,5.00001
31,43,4.01211
31,44,5.454093
31,45,0.412691
31,46,-2.452808
31,47,-0.318435
31,48,0.02835
31,49,2.363194
31,50,-1.204714
31,51,7.607531
31,52,1.364875
31,53,-0.215787
31,54,1.912891
31,55,-3.436742
31,56,-0.134922
31,57,0.420942
31,58,6.032622
31,59,7.319779
31,60,-0.824342
31,61,4.623598
31,62,-0.872999
31,63,0.932212
31,64,0.605709
31,65,3.768704
31,66,0.307292
31,67,2.010443
31,68,6.147093
31,69,0.115721
31,70,0.451841
31,71,5.185903
31,72,1.873267
31,73,0.641757
31,74,8.089861
31,75,0.477152
31,76,-2.443478
31,77,3.081969
31,78,0.023536
31,79,-0.606001
31,80,-1.765948
31,81,0.609376
31,82,-0.328052
31,83,4.973854
31,84,0.814437
31,85,-0.035406
31,86,4.417013
31,87,7.174096
31,88,1.949297
31,89,3.047759
31,90,2.059457
31,91,-1.124659
31,92,-1.501146
31,93,6.269789
31,94,6.661359
31,95,-4.850015
31,96,0.315674
31,97,-0.921184
31,98,0.527568
31,99,2.100469
31,100,-0.394776
31,101,-0.724047
31,102,2.297877
31,103,1.776715
31,104,6.162831
31,105,2.314214
31,106,1.524231
31,107,0.814353
31,108,0.256531
31,109,-0.635035
31,110,3.618308
31,111,0.66107
31,112,0.488813
31,113,-0.165099
31,114,0.470209
31,115,-0.742129
31,116,0.150049
31,117,3.145028
31,118,-1.999573
31,119,1.516304
31,120,1.780371
31,121,0.241989
31,122,0.604877
31,123,7.588904
31,124,0.372971
31,125,1.828065
31,126,6.220587
31,127,0.205242
31,128,1.161779
31,129,0.585514
31,130,-1.795735
31,131,4.708163
31,132,2.444406
31,133,5.261195
31,134,-0.922118
31,135,-0.670237
31,136,0.22453
31,137,0.033597
31,138,-0.685519
31,139,3.291119
31,140,0.670827
31,141,-1.052836
31,142,0.245558
31,143,0.365763
31,144,3.67902
31,145,0.058527
31,146,-0.130404
31,147,4.804722
31,148,-0.548175
31,149,3.317164
31,150,-0.605874
31,151,5.938387
31,152,-1.640161
31,153,1.669077
31,154,4.99642
31,155,0.690227
31,156,5.479127
31,157,0.495351
31,158,0.016315
31,159,3.597137
31,160,-1.629422
31,161,0.877641
31,162,2.586694
31,163,-1.962099
31,164,2.967803
31,165,0.015067
31,166,-0.286787
31,167,1.647553
31,168,-0.036101
31,169,-0.685085
31,170,5.301458
31,171,-1.547134
31,172,2.815722
31,173,-0.074017
31,174,0.80515
31,175,3.349613
31,176,7.717012
31,177,2.16481
31,178,3.565384
31,179,2.904306
31,180,7.815701
31,181,0.625038
31,182,1.425157
31,183,0.84515
31,184,4.360459
31,185,-1.164987
31,186,4.533362
31,187,7.442075
31,188,5.890196
31,189,3.378795
31,190,6.630965
31,191,-1.318843
31,192,1.303941
31,193,1.848264
31,194,-0.254148
31,195,4.667881
31,196,-0.107162
31,197,2.648343
31,198,2.612838
31,199,-0.497002
31,200,-4.32878
32,33,-0.087431
32,34,4.474717
32,35,1.326644
32,36,-0.299785
32,37,3.412488
32,38,0.346844
32,39,-0.506475
32,40,-0.564252
32,41,8.313039
32,42,-1.498966
32,43,0.332429
32,44,1.707889
32,45,4.129081
32,46,-2.236087
32,47,1.728167
32,48,8.315715
32,49,-1.497866
32,50,1.245254
32,51,0.302572
32,52,-0.873001
32,53,2.778719
32,54,-0.001991
32,55,-3.15298
32,56,-1.213603
32,57,3.433718
32,58,-0.238682
32,59,0.80997
32,60,2.654986
32,61,0.757887
32,62,6.214785
32,63,6.517975
32,64,3.886666
32,65,0.212134
32,66,0.679813
32,67,1.009718
32,68,-0.070379
32,69,2.751866
32,70,3.670887
32,71,0.416568
32,72,6.400311
32,73,-0.032881
32,74,-0.209313
32,75,3.492901
32,76,-0.265165
32,77,-0.073899
32,78,9.079357
32,79,6.577737
32,80,2.406993
32,81,-1.090344
32,82,8.198346
32,83,-0.994719
32,84,4.697432
32,85,4.561252
32,86,0.082545
32,87,-0.022878
32,88,3.960041
32,89,0.136616
32,90,-0.310384
32,91,3.874356
32,92,-1.953657
32,93,0.231313
32,94,0.106293
32,95,-4.07643
32,96,6.715583
32,97,1.201687
32,98,8.787295
32,99,1.192149
32,100,1.921053
32,101,4.844216
32,102,-1.454112
32,103,1.922512
32,104,1.902728
32,105,2.117416
32,106,0.890572
32,107,-2.594359
32,108,4.341312
32,109,6.841418
32,110,2.194391
32,111,-0.137739
32,112,5.606783
32,113,3.864465
32,114,4.728557
32,115,0.799359
32,116,0.732539
32,117,0.717078
32,118,-2.09637
32,119,-0.682179
32,120,1.67262
32,121,-2.19102
32,122,3.359192
32,123,-0.100464
32,124,8.99717
32,125,1.427359
32,126,-0.11973
32,127,0.904864
32,128,1.239973
32,129,-1.559474
32,130,0.927433
32,131,0.893478
32,132,2.441889
32,133,0.339663
32,134,-2.542483
32,135,-0.286995
32,136,7.878251
32,137,9.188414
32,138,3.645757
32,139,-0.3097
32,140,0.251768
32,141,0.349425
32,142,-0.554254
32,143,2.19932
32,144,-0.979726
32,145,9.378838
32,146,-0.689508
32,147,-0.15783
32,148,-0.434669
32,149,1.311998
32,150,5.08143
32,151,0.024932
32,152,2.136939
32,153,3.033864
32,154,-0.537385
32,155,-0.432346
32,156,2.358302
32,157,3.663698
32,158,3.914702
32,159,0.412665
32,160,0.240889
32,161,4.968237
32,162,-1.543334
32,163,4.368043
32,164,1.130603
32,165,5.366899
32,166,7.382634
32,167,-0.824443
32,168,0.737799
32,169,-0.972415
32,170,1.688598
32,171,-1.462044
32,172,2.911387
32,173,2.439038
32,174,7.432792
32,175,0.773482
32,176,-0.065494
32,177,-0.078894
32,178,-0.376274
32,179,-0.844884
32,180,-0.453508
32,181,3.748478
32,182,3.10293
32,183,1.295968
32,184,2.30469
32,185,0.378152
32,186,1.886671
32,187,-0.297072
32,188,-0.563777
32,189,0.866591
32,190,2.703992
32,191,3.217757
32,192,1.057515
32,193,-0.747587
32,194,0.644774
32,195,0.179991
32,196,0.269247
32,197,0.802554
32,198,0.933871
32,199,4.681651
32,200,-3.627935
33,34,0.532402
33,35,-2.804493
33,36,-1.268575
33,37,0.85532
33,38,0.636124
33,39,-0.352979
33,40,-0.525229
33,41,3.084174
33,42,-3.567796
33,43,0.605089
33,44,0.412389
33,45,3.213068
33,46,-2.746707
33,47,0.582125
33,48,3.20546
33,49,-1.808894
33,50,-1.259736
33,51,-0.729101
33,52,-0.473416
33,53,1.706391
33,54,-0.034301
33,55,-3.492986
33,56,-0.871552
33,57,-0.072714
33,58,-1.179222
33,59,-1.221359
33,60,1.490316
33,61,0.199064
33,62,3.367501
33,63,2.010923
33,64,1.451749
33,65,0.526739
33,66,0.255477
33,67,0.201328
33,68,0.018617
33,69,1.198656
33,70,2.772176
33,71,0.662944
33,72,2.183398
33,73,0.067175
33,74,0.15821
33,75,-0.501776
33,76,-1.746238
33,77,-0.511545
33,78,3.748795
33,79,3.356179
33,80,1.566383
33,81,-1.333905
33,82,3.904356
33,83,-0.615361
33,84,2.246877
33,85,3.041916
33,86,-0.59449
33,87,-0.216323
33,88,-0.00666
33,89,-0.060137
33,90,-0.625442
33,91,2.471313
33,92,-5.566549
33,93,0.035941
33,94,-1.578296
33,95,-5.632935
33,96,2.165704
33,97,1.569256
33,98,3.444247
33,99,0.702498
33,100,0.198693
33,101,3.535676
33,102,-1.490171
33,103,0.715152
33,104,0.572975
33,105,0.559302
33,106,-0.683641
33,107,-2.581306
33,108,2.978456
33,109,3.771574
33,110,-0.225306
33,111,0.292348
33,112,1.298725
33,113,-0.741627
33,114,2.710688
33,115,1.232139
33,116,-3.158325
33,117,0.901356
33,118,-5.295877
33,119,-1.859981
33,120,1.10557
33,121,-4.438883
33,122,0.655423
33,123,-0.333153
33,124,3.620865
33,125,-0.621546
33,126,-0.896922
33,127,1.07821
33,128,0.32417
33,129,-3.625281
33,130,-0.293039
33,131,0.22189
33,132,0.952654
33,133,0.571928
33,134,-4.972659
33,135,-1.573792
33,136,3.03627
33,137,3.612223
33,138,2.643558
33,139,-1.403114
33,140,-2.466428
33,141,-3.489709
33,142,-3.659904
33,143,1.679748
33,144,-1.498885
33,145,3.722401
33,146,-4.871612
33,147,-0.003035
33,148,-2.903564
33,149,-0.418307
33,150,1.983008
33,151,0.164774
33,152,1.191384
33,153,0.229011
33,154,-0.130763
33,155,-1.482119
33,156,0.694257
33,157,2.773723
33,158,2.448973
33,159,0.097245
33,160,-0.018948
33,161,1.089776
33,162,-1.385991
33,163,2.140668
33,164,0.88712
33,165,0.711615
33,166,3.683631
33,167,-2.481778
33,168,0.936389
33,169,-2.711445
33,170,-1.00717
33,171,-2.972319
33,172,0.621688
33,173,0.852527
33,174,2.8163
33,175,-0.981705
33,176,-0.326105
33,177,-1.175555
33,178,-1.247937
33,179,-0.685997
33,180,-1.949105
33,181,-0.107466
33,182,2.169393
33,183,-1.276764
33,184,0.495379
33,185,-1.377924
33,186,0.535028
33,187,-0.145548
33,188,-3.150821
33,189,0.315611
33,190,0.799272
33,191,2.101412
33,192,-0.328042
33,193,-1.92275
33,194,0.123076
33,195,0.353698
33,196,-1.415738
33,197,0.136808
33,198,0.922097
33,199,3.404175
33,200,-5.003922
34,35,1.019372
34,36,-2.662754
34,37,6.544009
34,38,-1.719862
34,39,2.637972
34,40,0.043068
34,41,2.154624
34,42,5.735528
34,43,1.629001
34,44,4.772952
34,45,-1.013843
34,46,-5.454013
34,47,-1.043138
34,48,0.234032
34,49,0.109557
34,50,-1.743286
34,51,6.236423
34,52,-1.089008
34,53,-2.714826
34,54,0.341812
34,55,-5.302056
34,56,-2.511547
34,57,-0.002276
34,58,3.491168
34,59,9.552507
34,60,-3.112108
34,61,1.856996
34,62,-1.413734
34,63,2.764833
34,64,-0.164916
34,65,1.47327
34,66,-0.746832
34,67,-1.043168
34,68,3.096703
34,69,-1.211047
34,70,-1.336598
34,71,2.138748
34,72,3.48569
34,73,-1.728235
34,74,3.828629
34,75,3.200499
34,76,-5.323379
34,77,-0.035641
34,78,0.290977
34,79,-0.774224
34,80,-3.338245
34,81,-2.471425
34,82,-0.479995
34,83,1.72391
34,84,0.876463
34,85,-1.818629
34,86,3.190463
34,87,3.426724
34,88,3.155379
34,89,-0.188681
34,90,0.248013
34,91,-2.084224
34,92,-0.024168
34,93,3.155437
34,94,5.559679
34,95,-7.915149
34,96,1.332586
34,97,-2.686907
34,98,1.753476
34,99,-0.270667
34,100,-2.690554
34,101,-1.731256
34,102,-0.920392
34,103,0.942566
34,104,4.629047
34,105,1.630091
34,106,0.177576
34,107,-1.692683
34,108,-1.399983
34,109,-1.526095
34,110,5.435212
34,111,-1.746801
34,112,1.963214
34,113,-0.003885
34,114,-0.003414
34,115,-3.052143
34,116,0.618109
34,117,0.271591
34,118,0.236514
34,119,-1.76025
34,120,-0.666877
34,121,-0.278395
34,122,1.359349
34,123,3.818778
34,124,1.519031
34,125,2.629977
34,126,3.636756
34,127,-1.867118
34,128,-0.774983
34,129,-0.36722
34,130,-2.754722
34,131,1.75526
34,132,2.200799
34,133,2.039959
34,134,-0.914444
34,135,-3.833367
34,136,1.148257
34,137,0.387946
34,138,-2.192207
34,139,1.534196
34,140,0.347481
34,141,0.283961
34,142,-0.165214
34,143,-0.864714
34,144,0.654751
34,145,0.714557
34,146,-0.036101
34,147,1.747371
34,148,-0.777586
34,149,3.317861
34,150,-0.743742
34,151,2.715977
34,152,-2.80917
34,153,1.078973
34,154,2.556264
34,155,-2.556726
34,156,5.993117
34,157,-0.74748
34,158,-0.912697
34,159,0.528793
34,160,-3.456072
34,161,1.828647
34,162,0.126189
34,163,-3.413048
34,164,0.716565
34,165,1.360383
34,166,-0.243375
34,167,-0.887733
34,168,-2.776379
34,169,-3.60358
34,170,6.642388
34,171,-4.601525
34,172,6.027185
34,173,-0.656209
34,174,1.882646
34,175,3.532139
34,176,3.783965
34,177,-1.147816
34,178,0.099194
34,179,0.887024
34,180,6.202277
34,181,3.727309
34,182,-0.395257
34,183,1.121715
34,184,4.133422
34,185,-1.932357
34,186,4.419537
34,187,3.909377
34,188,7.334636
34,189,0.787291
34,190,7.730008
34,191,-3.062222
34,192,-0.882316
34,193,-1.33392
34,194,-2.933476
34,195,1.883952
34,196,-2.957743
34,197,-0.526998
34,198,0.196537
34,199,-1.927107
34,200,-7.405561
35,36,-6.620652
35,37,0.903222
35,38,-3.937164
35,39,-2.295912
35,40,-4.07779
35,41,-0.011388
35,42,2.744917
35,43,0.49938
35,44,-0.394093
35,45,-1.30038
35,46,-8.92173
35,47,-2.773616
35,48,-0.484384
35,49,-2.917771
35,50,-4.54415
35,51,1.491177
35,52,-4.232321
35,53,-3.97264
35,54,-1.821594
35,55,-8.297451
35,56,-5.679236
35,57,0.917639
35,58,-0.199938
35,59,1.634356
35,60,-4.874439
35,61,-2.933938
35,62,-2.969193
35,63,-0.492872
35,64,0.459989
35,65,-0.25277
35,66,-2.478085
35,67,-1.598793
35,68,-1.473713
35,69,-2.188027
35,70,-1.767514
35,71,1.414639
35,72,0.108216
35,73,-4.327562
35,74,1.10652
35,75,-2.890888
35,76,-7.791754
35,77,-4.65916
35,78,-0.940749
35,79,-2.425828
35,80,-5.263432
35,81,-6.581087
35,82,-1.646332
35,83,-2.555657
35,84,-1.172748
35,85,-2.496982
35,86,0.027679
35,87,2.305552
35,88,-0.256454
35,89,-2.711955
35,90,-2.335041
35,91,-4.102985
35,92,-0.774223
35,93,-1.732254
35,94,2.340935
35,95,-11.362255
35,96,-1.407191
35,97,-4.736522
35,98,-0.556677
35,99,-0.68279
35,100,-5.427047
35,101,-3.450258
35,102,-5.484393
35,103,-1.998796
35,104,-1.584199
35,105,-1.319112
35,106,0.545348
35,107,-4.952677
35,108,-2.081632
35,109,-2.657964
35,110,0.610582
35,111,-4.366324
35,112,-0.929848
35,113,0.944558
35,114,-2.10797
35,115,-5.285234
35,116,-2.585772
35,117,-1.377177
35,118,-3.358229
35,119,-4.100399
35,120,-1.02278
35,121,-2.758466
35,122,-0.364158
35,123,2.617233
35,124,-0.521658
35,125,-2.01536
35,126,3.421423
35,127,-3.883637
35,128,-1.488709
35,129,-4.205764
35,130,-5.209
35,131,-3.152179
35,132,-2.745865
35,133,0.3569
35,134,-4.038339
35,135,-6.17658
35,136,-1.202097
35,137,-0.697327
35,138,-4.130317
35,139,-0.205272
35,140,0.849904
35,141,-0.396131
35,142,-2.098207
35,143,-1.955648
35,144,-0.473293
35,145,-0.512111
35,146,-1.514564
35,147,-2.383193
35,148,-3.518492
35,149,0.255042
35,150,-2.929623
35,151,-0.534497
35,152,-5.086179
35,153,-3.518522
35,154,-0.916441
35,155,-4.824961
35,156,-0.304508
35,157,-1.052425
35,158,-1.869374
35,159,-3.53018
35,160,-5.791497
35,161,-0.472979
35,162,-3.197615
35,163,-4.909436
35,164,1.207505
35,165,0.002029
35,166,-1.79288
35,167,-2.570078
35,168,-5.121482
35,169,-7.846804
35,170,1.617214
35,171,-8.470509
35,172,-0.649948
35,173,-1.955362
35,174,0.020422
35,175,0.233352
35,176,3.462975
35,177,-2.206905
35,178,-1.141782
35,179,-2.340365
35,180,3.365413
35,181,-2.038565
35,182,-0.45855
35,183,-0.50531
35,184,0.469272
35,185,-4.70926
35,186,-1.537018
35,187,-0.976159
35,188,2.395499
35,189,-3.378411
35,190,0.198541
35,191,-5.011588
35,192,-1.478804
35,193,-4.232501
35,194,-5.261449
35,195,0.437354
35,196,-5.1164
35,197,-1.022164
35,198,-0.56415
35,199,-3.117579
35,200,-10.932928
36,37,-2.183576
36,38,-0.571739
36,39,1.045337
36,40,-0.468168
36,41,1.209746
36,42,-5.411608
36,43,-1.108263
36,44,-1.921177
36,45,0.924073
36,46,0.356954
36,47,-3.513745
36,48,1.536288
36,49,-3.149826
36,50,-5.033903
36,51,-3.125189
36,52,0.075532
36,53,4.088002
36,54,-2.711633
36,55,-5.083284
36,56,-1.069864
36,57,-3.622627
36,58,-1.906274
36,59,-3.608201
36,60,2.591701
36,61,-0.499479
36,62,0.910339
36,63,0.920262
36,64,-1.687543
36,65,-0.967991
36,66,-3.669625
36,67,1.900304
36,68,1.133471
36,69,-0.609086
36,70,1.621746
36,71,1.253454
36,72,-1.3034
36,73,-1.18242
36,74,2.399387
36,75,-0.371167
36,76,2.183244
36,77,0.104729
36,78,1.902424
36,79,0.202197
36,80,0.196273
36,81,0.633614
36,82,2.326068
36,83,1.443839
36,84,-0.553136
36,85,3.086386
36,86,-4.462708
36,87,0.694227
36,88,-4.184121
36,89,2.25012
36,90,-1.791476
36,91,-0.368971
36,92,-8.796613
36,93,-0.138263
36,94,-4.656326
36,95,-1.440948
36,96,-1.420966
36,97,-0.812125
36,98,0.787325
36,99,-0.320079
36,100,1.043807
36,101,0.784489
36,102,0.435725
36,103,-3.282708
36,104,-0.342734
36,105,-3.38637
36,106,-3.072119
36,107,-3.207565
36,108,2.189163
36,109,2.373262
36,110,-3.584675
36,111,0.433661
36,112,0.617781
36,113,-3.791043
36,114,-0.42154
36,115,0.653004
36,116,-7.551881
36,117,2.878833
36,118,-6.93137
36,119,-0.757422
36,120,0.733381
36,121,-5.470326
36,122,-2.55622
36,123,0.84079
36,124,0.909377
36,125,-2.684869
36,126,-3.146473
36,127,0.278848
36,128,-1.245784
36,129,-3.965059
36,130,-3.569621
36,131,-0.346936
36,132,-0.981181
36,133,3.010696
36,134,-5.95305
36,135,2.096127
36,136,-0.073502
36,137,1.845174
36,138,0.917124
36,139,-3.431164
36,140,-6.28193
36,141,-6.583196
36,142,-7.801416
36,143,-1.724526
36,144,-3.46696
36,145,2.150378
36,146,-9.150508
36,147,0.917293
36,148,-7.15844
36,149,-3.988596
36,150,-1.560161
36,151,1.891124
36,152,-1.568391
36,153,0.062317
36,154,-1.338564
36,155,1.301922
36,156,-1.516642
36,157,-0.309182
36,158,-0.749623
36,159,-0.591
36,160,-1.158751
36,161,-3.214625
36,162,-2.067616
36,163,2.439336
36,164,-1.188924
36,165,-2.910267
36,166,0.308273
36,167,-2.893391
36,168,2.842648
36,169,-0.472471
36,170,-4.57946
36,171,-0.347924
36,172,-2.253209
36,173,-3.319685
36,174,1.088249
36,175,-4.096542
36,176,0.247512
36,177,0.107147
36,178,-0.464166
36,179,-1.877129
36,180,-4.123584
36,181,-1.082861
36,182,0.885838
36,183,-5.31167
36,184,-2.811619
36,185,-5.236923
36,186,-1.220345
36,187,0.906695
36,188,-6.218125
36,189,-0.726137
36,190,-1.068272
36,191,1.743205
36,192,-1.031304
36,193,-1.180968
36,194,0.645311
36,195,0.276004
36,196,-0.248158
36,197,1.845489
36,198,-0.10546
36,199,1.694173
36,200,-1.233595
37,38,3.686855
37,39,1.50963
37,40,-0.107514
37,41,1.809736
37,42,0.584482
37,43,4.836866
37,44,0.07946
37,45,5.573709
37,46,-2.354623
37,47,2.3461
37,48,3.500572
37,49,5.875622
37,50,-0.04857
37,51,1.218889
37,52,2.81482
37,53,5.945691
37,54,4.242574
37,55,-0.076905
37,56,0.308249
37,57,6.663124
37,58,1.772921
37,59,0.344127
37,60,2.526978
37,61,-0.268847
37,62,4.36354
37,63,0.669667
37,64,5.91992
37,65,4.481951
37,66,2.552863
37,67,5.456924
37,68,2.314722
37,69,2.287795
37,70,5.612359
37,71,6.508209
37,72,0.825842
37,73,0.33444
37,74,5.399109
37,75,-1.294946
37,76,-0.830072
37,77,-0.980106
37,78,3.338592
37,79,3.821085
37,80,5.676517
37,81,-1.285773
37,82,4.461644
37,83,2.267361
37,84,0.322482
37,85,7.74291
37,86,0.980962
37,87,4.951945
37,88,0.055349
37,89,3.756565
37,90,7.015306
37,91,2.156552
37,92,-0.664806
37,93,0.940316
37,94,0.789792
37,95,-4.933084
37,96,1.886761
37,97,1.942876
37,98,2.705913
37,99,5.559974
37,100,-0.730589
37,101,2.295017
37,102,-0.73922
37,103,-0.004772
37,104,-0.458458
37,105,-0.018522
37,106,4.416108
37,107,3.395329
37,108,9.667882
37,109,5.928421
37,110,-0.002267
37,111,2.477884
37,112,0.44854
37,113,4.448806
37,114,0.765145
37,115,1.608511
37,116,-0.851501
37,117,6.111054
37,118,-1.279264
37,119,1.099974
37,120,5.879723
37,121,0.148724
37,122,0.47331
37,123,4.994649
37,124,3.038228
37,125,-0.535089
37,126,2.97501
37,127,4.993946
37,128,3.657724
37,129,-1.115375
37,130,1.457633
37,131,-0.556536
37,132,-0.938358
37,133,6.164044
37,134,-1.20936
37,135,0.743847
37,136,2.615205
37,137,3.61998
37,138,1.150406
37,139,1.808057
37,140,1.313823
37,141,1.666401
37,142,0.743227
37,143,4.564372
37,144,6.971391
37,145,4.307482
37,146,-1.168151
37,147,1.790611
37,148,-0.185545
37,149,0.063089
37,150,1.970366
37,151,4.073582
37,152,1.731937
37,153,-1.338409
37,154,3.69565
37,155,1.684627
37,156,-0.077764
37,157,5.533622
37,158,5.839741
37,159,-0.242308
37,160,4.513003
37,161,0.916682
37,162,4.260067
37,163,6.416247
37,164,6.534547
37,165,2.852856
37,166,3.49463
37,167,1.555722
37,168,2.27752
37,169,-3.483814
37,170,-0.185676
37,171,-3.471072
37,172,-0.187126
37,173,2.711025
37,174,1.318461
37,175,0.16012
37,176,4.899658
37,177,3.655055
37,178,4.444347
37,179,4.649884
37,180,1.516639
37,181,-0.630901
37,182,10.711307
37,183,0.014798
37,184,0.040472
37,185,-0.005688
37,186,-0.348975
37,187,2.174285
37,188,-0.283304
37,189,-0.550842
37,190,-0.02629
37,191,1.731856
37,192,3.498774
37,193,0.356827
37,194,0.557069
37,195,7.112605
37,196,-0.028308
37,197,5.994951
37,198,5.445701
37,199,5.567742
37,200,-4.746379
38,39,1.829971
38,40,2.415616
38,41,2.041663
38,42,-3.7779
38,43,0.205246
38,44,2.400454
38,45,0.503501
38,46,-2.406312
38,47,-0.363631
38,48,0.947659
38,49,-1.375438
38,50,0.809329
38,51,0.229924
38,52,0.288078
38,53,-0.617997
38,54,-0.449151
38,55,-1.282843
38,56,0.649996
38,57,-2.009824
38,58,-1.565151
38,59,-0.310331
38,60,-0.567588
38,61,0.593254
38,62,1.80457
38,63,1.149555
38,64,-0.839795
38,65,0.22596
38,66,-0.659008
38,67,-1.567301
38,68,0.810615
38,69,-0.554444
38,70,0.376279
38,71,0.219481
38,72,3.963513
38,73,-0.801157
38,74,0.693893
38,75,-2.069713
38,76,-2.996974
38,77,2.174106
38,78,1.744267
38,79,1.969106
38,80,0.559591
38,81,-0.180651
38,82,2.149434
38,83,1.252666
38,84,0.576056
38,85,0.424251
38,86,0.332732
38,87,-0.497985
38,88,1.9157
38,89,-1.399513
38,90,-0.743017
38,91,2.277906
38,92,-6.660421
38,93,1.635907
38,94,-0.904278
38,95,-6.515461
38,96,3.398369
38,97,0.227349
38,98,2.83978
38,99,-0.686757
38,100,-0.21387
38,101,2.034351
38,102,1.46218
38,103,3.170808
38,104,3.6453
38,105,3.044891
38,106,-1.99538
38,107,-1.231214
38,108,0.373619
38,109,1.211746
38,110,0.42149
38,111,-0.028159
38,112,-0.193807
38,113,-2.809504
38,114,3.210372
38,115,-0.554746
38,116,-2.242093
38,117,-0.132388
38,118,-6.959346
38,119,-3.494693
38,120,-0.58726
38,121,-5.879918
38,122,-1.057956
38,123,-0.589119
38,124,2.187372
38,125,-2.064962
38,126,-0.759429
38,127,0.011757
38,128,-1.107665
38,129,-5.19535
38,130,1.527019
38,131,1.936171
38,132,-0.700471
38,133,0.101849
38,134,-6.530061
38,135,-3.433144
38,136,3.098981
38,137,1.280037
38,138,1.55446
38,139,-1.988192
38,140,-3.30518
38,141,-5.014988
38,142,-3.958822
38,143,-0.098712
38,144,-1.574099
38,145,1.581347
38,146,-5.123209
38,147,0.751436
38,148,-2.649003
38,149,0.567357
38,150,2.91976
38,151,0.090835
38,152,1.964981
38,153,-0.898094
38,154,0.49523
38,155,-3.28783
38,156,3.073825
38,157,0.190703
38,158,0.212897
38,159,-0.031833
38,160,0.191393
38,161,1.020028
38,162,-0.499201
38,163,0.669239
38,164,-0.156214
38,165,-1.352261
38,166,1.876983
38,167,-3.992533
38,168,-1.006637
38,169,-2.901452
38,170,0.665546
38,171,-3.370657
38,172,-0.182666
38,173,-0.527976
38,174,1.759872
38,175,-0.811769
38,176,-0.510138
38,177,-2.807139
38,178,-2.567983
38,179,-0.299467
38,180,-1.47424
38,181,-1.974099
38,182,0.033189
38,183,-1.549482
38,184,3.102855
38,185,0.481005
38,186,0.885923
38,187,1.772599
38,188,-2.623188
38,189,3.323214
38,190,3.794415
38,191,1.123795
38,192,-1.92568
38,193,-3.499861
38,194,-1.730021
38,195,0.020874
38,196,-3.143012
38,197,-1.505744
38,198,-0.219409
38,199,0.697239
38,200,-5.475388
39,40,0.403197
39,41,7.83648
39,42,-4.097394
39,43,0.678107
39,44,0.165988
39,45,4.6613
39,46,-0.139603
39,47,1.877881
39,48,6.880978
39,49,0.939596
39,50,2.122934
39,51,-1.38905
39,52,0.679223
39,53,4.767539
39,54,1.433305
39,55,-0.043163
39,56,0.032574
39,57,1.910873
39,58,-1.759452
39,59,-1.787449
39,60,3.41622
39,61,-0.15865
39,62,8.181768
39,63,7.070437
39,64,2.672537
39,65,0.691327
39,66,1.050114
39,67,1.625988
39,68,-0.114478
39,69,1.831931
39,70,4.669866
39,71,1.24466
39,72,4.278398
39,73,-0.347746
39,74,0.636703
39,75,2.042877
39,76,2.935776
39,77,0.489904
39,78,7.677901
39,79,7.17409
39,80,5.387121
39,81,-0.008099
39,82,10.832563
39,83,0.042618
39,84,2.501052
39,85,7.107432
39,86,-1.150513
39,87,-0.411556
39,88,1.021854
39,89,0.310099
39,90,2.046709
39,91,6.084341
39,92,-5.352265
39,93,-0.18393
39,94,-2.166241
39,95,-0.461705
39,96,5.692737
39,97,2.16696
39,98,8.139205
39,99,0.977327
39,100,4.892336
39,101,6.099634
39,102,-0.066496
39,103,1.402006
39,104,1.464457
39,105,1.179576
39,106,-0.604006
39,107,-0.095473
39,108,6.709013
39,109,8.777487
39,110,-0.549932
39,111,0.945099
39,112,5.007233
39,113,0.730101
39,114,4.526808
39,115,1.57449
39,116,-1.551431
39,117,1.714196
39,118,-4.623355
39,119,-1.203021
39,120,1.927578
39,121,-4.103156
39,122,0.497297
39,123,-0.516826
39,124,7.393198
39,125,-1.035969
39,126,-1.53687
39,127,2.709513
39,128,0.513497
39,129,-3.324022
39,130,3.506371
39,131,0.389434
39,132,0.448299
39,133,1.082255
39,134,-4.524386
39,135,0.607563
39,136,7.334473
39,137,6.924028
39,138,4.309786
39,139,-1.948483
39,140,-2.468682
39,141,-2.987731
39,142,-1.707795
39,143,3.017289
39,144,1.334707
39,145,8.919848
39,146,-3.915773
39,147,-0.089391
39,148,-1.215171
39,149,-0.803329
39,150,5.486724
39,151,0.168862
39,152,4.772062
39,153,1.820477
39,154,0.384266
39,155,-0.140593
39,156,0.683316
39,157,3.750242
39,158,5.503011
39,159,-0.33324
39,160,2.947866
39,161,1.691758
39,162,0.563145
39,163,10.158832
39,164,0.836037
39,165,1.914005
39,166,6.683968
39,167,-1.986367
39,168,1.498319
39,169,1.371951
39,170,-1.064541
39,171,0.680495
39,172,0.111788
39,173,1.783029
39,174,6.78134
39,175,-1.557246
39,176,-0.59281
39,177,-0.079102
39,178,-0.88651
39,179,1.013802
39,180,-2.614137
39,181,1.119577
39,182,5.354019
39,183,-1.430936
39,184,0.730556
39,185,1.448033
39,186,0.088386
39,187,-0.026162
39,188,-3.586532
39,189,0.862867
39,190,1.252158
39,191,6.68249
39,192,0.517143
39,193,-1.61035
39,194,0.508766
39,195,1.78231
39,196,0.289862
39,197,1.240214
39,198,1.069732
39,199,6.393152
39,200,-0.143095
40,41,2.937938
40,42,-5.170593
40,43,0.452288
40,44,-0.671922
40,45,2.318411
40,46,-0.621156
40,47,0.455679
40,48,2.767671
40,49,2.861398
40,50,-0.095895
40,51,-2.092121
40,52,1.672988
40,53,4.535834
40,54,1.094346
40,55,0.152639
40,56,0.290014
40,57,-0.27611
40,58,-2.304227
40,59,-2.696906
40,60,2.465339
40,61,-0.396872
40,62,5.795835
40,63,1.523188
40,64,0.263625
40,65,0.611584
40,66,-0.10586
40,67,0.322429
40,68,0.312923
40,69,-0.192038
40,70,2.503313
40,71,1.717512
40,72,1.890356
40,73,-0.58508
40,74,1.481619
40,75,-1.397707
40,76,-0.340454
40,77,-0.04957
40,78,3.971771
40,79,5.254953
40,80,6.701198
40,81,0.00186
40,82,5.008312
40,83,0.734891
40,84,1.184666
40,85,5.895467
40,86,-2.100204
40,87,-0.416193
40,88,-0.663541
40,89,0.546603
40,90,3.967289
40,91,3.652228
40,92,-7.159991
40,93,-0.23728
40,94,-3.145724
40,95,-4.059748
40,96,3.019194
40,97,2.010828
40,98,4.148821
40,99,-0.133603
40,100,0.409676
40,101,3.847802
40,102,-0.184622
40,103,-0.190467
40,104,0.177619
40,105,-0.390658
40,106,-2.32472
40,107,1.690369
40,108,7.152464
40,109,6.171442
40,110,-1.684939
40,111,1.576488
40,112,0.526746
40,113,-1.888836
40,114,2.270395
40,115,1.826764
40,116,-3.144531
40,117,2.47328
40,118,-6.897604
40,119,-2.393126
40,120,0.672361
40,121,-5.929569
40,122,-1.034478
40,123,-0.44366
40,124,4.360457
40,125,-2.257545
40,126,-2.323156
40,127,3.850682
40,128,-0.952492
40,129,-4.913378
40,130,1.610646
40,131,-0.05742
40,132,-0.391023
40,133,1.817932
40,134,-6.456364
40,135,-0.727951
40,136,4.071597
40,137,3.618584
40,138,2.570131
40,139,-2.89367
40,140,-4.002682
40,141,-5.031859
40,142,-3.269653
40,143,1.782867
40,144,2.4556
40,145,4.332197
40,146,-5.529169
40,147,0.27199
40,148,-2.778886
40,149,-1.858886
40,150,3.054311
40,151,0.710028
40,152,2.903119
40,153,-0.198433
40,154,0.628955
40,155,-1.135549
40,156,-0.305881
40,157,1.853326
40,158,3.635015
40,159,-0.501835
40,160,4.807387
40,161,0.210335
40,162,1.990785
40,163,7.268633
40,164,-0.220163
40,165,-0.210592
40,166,4.98553
40,167,-3.692206
40,168,1.994815
40,169,-2.027209
40,170,-2.330022
40,171,-1.993997
40,172,-0.974114
40,173,0.268588
40,174,2.463864
40,175,-2.564605
40,176,-0.705487
40,177,-1.579452
40,178,-1.842237
40,179,1.979525
40,180,-3.455465
40,181,-1.353535
40,182,5.738732
40,183,-2.74702
40,184,-0.595181
40,185,-0.462168
40,186,-0.55626
40,187,0.317235
40,188,-4.758311
40,189,0.087361
40,190,-0.037322
40,191,3.060294
40,192,-1.468716
40,193,-2.616318
40,194,0.002793
40,195,2.940372
40,196,-1.876525
40,197,0.249679
40,198,0.584345
40,199,5.164897
40,200,-3.40463
41,42,4.993611
41,43,5.908914
41,44,2.773773
41,45,2.32121
41,46,1.11174
41,47,0.018311
41,48,0.451268
41,49,2.481118
41,50,-2.489784
41,51,4.64259
41,52,3.150879
41,53,3.41756
41,54,2.716817
41,55,-3.153229
41,56,1.05797
41,57,2.308336
41,58,5.64629
41,59,4.198972
41,60,1.509743
41,61,3.498296
41,62,-0.165904
41,63,-0.120849
41,64,2.283693
41,65,5.377566
41,66,0.847518
41,67,5.625407
41,68,8.312784
41,69,0.998416
41,70,2.694434
41,71,8.62688
41,72,0.047444
41,73,1.586189
41,74,9.45755
41,75,-0.584124
41,76,0.835618
41,77,3.410153
41,78,0.176465
41,79,-0.2824
41,80,-0.083577
41,81,3.788826
41,82,0.28285
41,83,6.544515
41,84,0.047907
41,85,2.658882
41,86,2.31872
41,87,11.142877
41,88,-0.309544
41,89,7.829562
41,90,3.380209
41,91,-0.789422
41,92,-0.885464
41,93,5.697821
41,94,3.694093
41,95,-0.982709
41,96,-0.827518
41,97,0.343306
41,98,-0.175542
41,99,4.396088
41,100,0.007292
41,101,-0.186138
41,102,4.962297
41,103,0.01505
41,104,3.370867
41,105,0.275901
41,106,2.874121
41,107,1.234582
41,108,2.987837
41,109,0.776537
41,110,1.483155
41,111,2.739231
41,112,-0.279381
41,113,1.136517
41,114,-0.202564
41,115,1.293989
41,116,-2.074645
41,117,7.024815
41,118,-1.909636
41,119,3.197457
41,120,4.459422
41,121,0.357542
41,122,0.005784
41,123,11.93156
41,124,-0.064473
41,125,0.728882
41,126,6.417084
41,127,2.410826
41,128,2.63244
41,129,0.340789
41,130,-1.837186
41,131,3.18047
41,132,0.943234
41,133,9.557127
41,134,-0.986797
41,135,4.232589
41,136,-0.503401
41,137,0.307852
41,138,-0.016788
41,139,3.47145
41,140,1.632053
41,141,-0.529177
41,142,-0.773551
41,143,1.736852
41,144,3.874364
41,145,0.356235
41,146,-1.334582
41,147,7.011339
41,148,-1.758104
41,149,1.351145
41,150,-1.052142
41,151,9.982049
41,152,-1.291865
41,153,0.234872
41,154,4.811483
41,155,5.045985
41,156,2.722918
41,157,2.238542
41,158,1.459977
41,159,3.092016
41,160,0.014827
41,161,-0.230217
41,162,2.957093
41,163,0.001238
41,164,5.459034
41,165,0.124134
41,166,-0.110117
41,167,1.932555
41,168,3.205158
41,169,0.11412
41,170,1.829796
41,171,0.377031
41,172,1.201736
41,173,0.434723
41,174,-0.000231
41,175,1.842519
41,176,10.886862
41,177,4.83747
41,178,5.963014
41,179,3.414585
41,180,5.738924
41,181,-0.346193
41,182,4.518505
41,183,0.018459
41,184,1.617745
41,185,-2.226331
41,186,2.634064
41,187,8.52207
41,188,3.026339
41,189,2.130213
41,190,3.447207
41,191,-0.079217
41,192,2.748405
41,193,2.850523
41,194,1.765442
41,195,7.056472
41,196,0.983068
41,197,6.497056
41,198,5.14456
41,199,1.304555
41,200,-0.509421
42,43,-1.470576
42,44,-1.308746
42,45,2.918863
42,46,-7.711688
42,47,-2.281174
42,48,4.356932
42,49,-4.807761
42,50,-4.135479
42,51,-1.237661
42,52,-5.007466
42,53,-0.642488
42,54,-3.053114
42,55,-8.540417
42,56,-5.940721
42,57,3.222931
42,58,-1.011415
42,59,0.205315
42,60,-2.353748
42,61,-2.798778
42,62,0.07837
42,63,3.778209
42,64,4.646234
42,65,-1.985108
42,66,-2.726144
42,67,3.925078
42,68,-2.913744
42,69,0.793456
42,70,2.668449
42,71,-1.025115
42,72,3.700168
42,73,-3.815397
42,74,-2.172312
42,75,1.233997
42,76,-4.627101
42,77,-4.696402
42,78,3.245351
42,79,0.632684
42,80,-3.448461
42,81,-6.062568
42,82,3.032755
42,83,-4.633738
42,84,0.325725
42,85,1.574263
42,86,-2.4734
42,87,-0.367576
42,88,1.505586
42,89,-1.749152
42,90,-3.585232
42,91,-2.195723
42,92,0.555767
42,93,-3.013012
42,94,-0.780359
42,95,-8.458063
42,96,2.070205
42,97,-3.710989
42,98,4.370836
42,99,1.382835
42,100,-2.751471
42,101,-1.160659
42,102,-6.217776
42,103,-2.828848
42,104,-1.940047
42,105,-2.379798
42,106,2.44393
42,107,-6.658777
42,108,1.068513
42,109,0.783433
42,110,0.477139
42,111,-4.313954
42,112,3.094319
42,113,6.286795
42,114,-0.762931
42,115,-4.059323
42,116,-2.18207
42,117,-1.517604
42,118,1.630551
42,119,-1.142566
42,120,2.43193
42,121,0.824496
42,122,1.075607
42,123,-0.2772
42,124,4.391789
42,125,-0.380543
42,126,-0.378689
42,127,-3.328682
42,128,0.965419
42,129,-1.168383
42,130,-4.495492
42,131,-3.124972
42,132,-1.123499
42,133,-1.322432
42,134,-0.121788
42,135,-2.804033
42,136,2.884296
42,137,3.779021
42,138,-2.064215
42,139,-0.965066
42,140,-0.451519
42,141,2.840368
42,142,-2.923486
42,143,-1.059642
42,144,-3.192301
42,145,5.09236
42,146,-1.953537
42,147,-3.425635
42,148,-4.07298
42,149,-1.315641
42,150,-0.833275
42,151,-2.029008
42,152,-3.769832
42,153,-1.240112
42,154,-3.368457
42,155,-1.496793
42,156,-0.616501
42,157,1.844359
42,158,0.15819
42,159,-3.286551
42,160,-5.027091
42,161,1.544446
42,162,-5.135012
42,163,-1.369359
42,164,1.508991
42,165,4.864229
42,166,1.459674
42,167,1.203821
42,168,-3.752928
42,169,-5.587531
42,170,0.349334
42,171,-6.357172
42,172,0.912334
42,173,-1.161538
42,174,3.505632
42,175,-0.937934
42,176,-0.090038
42,177,3.230165
42,178,1.253437
42,179,-4.150857
42,180,-0.1777
42,181,1.759206
42,182,1.631307
42,183,-1.082914
42,184,-1.123895
42,185,-4.734967
42,186,-1.046196
42,187,-3.384956
42,188,0.099018
42,189,-3.60822
42,190,-0.200101
42,191,-2.379038
42,192,3.423077
42,193,-1.936919
42,194,-3.485465
42,195,-1.939724
42,196,-1.499996
42,197,3.20601
42,198,-0.309186
42,199,-0.412712
42,200,-8.515199
43,44,3.173329
43,45,1.215611
43,46,-3.204907
43,47,1.274163
43,48,4.539034
43,49,-1.460723
43,50,1.200382
43,51,1.163954
43,52,-0.273048
43,53,-0.434764
43,54,-0.204761
43,55,-2.79139
43,56,-0.277401
43,57,1.130476
43,58,-0.347805
43,59,1.786414
43,60,-0.571201
43,61,1.744448
43,62,3.528448
43,63,4.250271
43,64,1.510641
43,65,-0.001711
43,66,0.30335
43,67,-1.329133
43,68,0.68559
43,69,0.338325
43,70,0.685558
43,71,-0.000651
43,72,6.610213
43,73,-0.472235
43,74,0.06568
43,75,0.707544
43,76,-3.276101
43,77,0.731788
43,78,5.05524
43,79,4.282327
43,80,1.154823
43,81,-0.886578
43,82,4.410249
43,83,-0.026567
43,84,3.093398
43,85,1.103281
43,86,0.754558
43,87,-0.293567
43,88,4.828359
43,89,-1.092018
43,90,-0.52047
43,91,2.579225
43,92,-2.641226
43,93,1.421047
43,94,0.884215
43,95,-6.742086
43,96,5.768685
43,97,0.56645
43,98,6.270175
43,99,-0.473527
43,100,-0.430691
43,101,2.611837
43,102,-0.564351
43,103,2.85702
43,104,3.031662
43,105,3.204124
43,106,-0.488519
43,107,-2.111641
43,108,1.435184
43,109,2.795445
43,110,3.27285
43,111,-0.005216
43,112,2.908157
43,113,1.633973
43,114,4.14709
43,115,-0.451008
43,116,0.607918
43,117,-0.114669
43,118,-3.766405
43,119,-2.717683
43,120,-0.426722
43,121,-3.678265
43,122,2.354652
43,123,-0.335007
43,124,5.97046
43,125,0.481087
43,126,-0.040342
43,127,0.39278
43,128,-0.556449
43,129,-3.25757
43,130,1.140581
43,131,2.158001
43,132,1.336065
43,133,-0.049917
43,134,-4.188234
43,135,-3.224222
43,136,5.953337
43,137,4.873102
43,138,1.258059
43,139,-0.684117
43,140,0.006991
43,141,-0.802645
43,142,-1.337199
43,143,1.003269
43,144,-1.30048
43,145,5.178895
43,146,-1.412248
43,147,0.615315
43,148,-0.677773
43,149,2.444139
43,150,4.200835
43,151,0.079315
43,152,1.631509
43,153,0.768589
43,154,-0.174608
43,155,-2.874454
43,156,3.885257
43,157,1.300477
43,158,1.998683
43,159,0.879014
43,160,0.733959
43,161,5.404784
43,162,-1.158367
43,163,1.127195
43,164,-0.11401
43,165,3.227068
43,166,4.695963
43,167,-2.617419
43,168,-0.893069
43,169,-2.890324
43,170,3.036779
43,171,-3.489141
43,172,3.004719
43,173,1.530672
43,174,5.32209
43,175,1.40907
43,176,-0.282664
43,177,-2.239123
43,178,-1.900411
43,179,-0.653761
43,180,0.068052
43,181,1.169659
43,182,1.004575
43,183,1.79686
43,184,3.784264
43,185,0.62255
43,186,2.96053
43,187,0.805348
43,188,0.109142
43,189,1.90261
43,190,4.135612
43,191,0.638918
43,192,-1.116787
43,193,-2.548172
43,194,-1.505485
43,195,-0.140229
43,196,-2.517204
43,197,-1.258794
43,198,-0.170838
43,199,1.602927
43,200,-5.895231
44,45,6.524488
44,46,-2.873796
44,47,2.01858
44,48,4.46963
44,49,1.052627
44,50,-0.802742
44,51,0.189247
44,52,0.929275
44,53,4.85553
44,54,3.004736
44,55,-2.177382
44,56,-0.444375
44,57,3.929449
44,58,0.69289
44,59,-0.487306
44,60,2.748576
44,61,-0.251356
44,62,4.003196
44,63,1.8169
44,64,5.30095
44,65,2.930776
44,66,2.150535
44,67,4.332781
44,68,1.006943
44,69,3.416088
44,70,6.312346
44,71,3.806694
44,72,1.26835
44,73,0.373263
44,74,2.602408
44,75,-0.133665
44,76,-0.717157
44,77,-1.129574
44,78,4.09372
44,79,3.587279
44,80,2.613922
44,81,-1.726713
44,82,4.939909
44,83,0.435233
44,84,1.24865
44,85,6.962269
44,86,0.110682
44,87,2.526904
44,88,-0.192042
44,89,2.789264
44,90,2.349586
44,91,2.755835
44,92,-2.716516
44,93,0.255363
44,94,-0.408383
44,95,-4.97461
44,96,1.803347
44,97,2.070212
44,98,3.158828
44,99,4.448269
44,100,0.099721
44,101,3.250284
44,102,-1.614511
44,103,0.041731
44,104,-0.338593
44,105,-0.047909
44,106,2.629254
44,107,-0.453585
44,108,7.018184
44,109,5.427852
44,110,-0.14621
44,111,1.400624
44,112,1.62273
44,113,3.078947
44,114,1.57241
44,115,1.399665
44,116,-2.117088
44,117,3.938147
44,118,-1.844655
44,119,1.647416
44,120,5.217427
44,121,-0.96312
44,122,1.194996
44,123,2.442572
44,124,3.452975
44,125,0.100184
44,126,1.160445
44,127,3.007779
44,128,3.912413
44,129,-0.194627
44,130,0.689953
44,131,-0.491192
44,132,-0.194351
44,133,3.494873
44,134,-1.497915
44,135,0.771255
44,136,2.743634
44,137,4.35761
44,138,2.053474
44,139,0.713183
44,140,-0.206621
44,141,-0.243929
44,142,-1.314175
44,143,4.490525
44,144,2.089471
44,145,4.794461
44,146,-2.869534
44,147,0.74919
44,148,-1.394504
44,149,-0.25835
44,150,1.91879
44,151,2.187917
44,152,2.005718
44,153,-0.391583
44,154,1.929299
44,155,1.79615
44,156,0.018556
44,157,6.615519
44,158,5.165432
44,159,-0.222025
44,160,1.301858
44,161,0.967891
44,162,0.968283
44,163,3.913433
44,164,4.220937
44,165,3.146144
44,166,3.656445
44,167,1.098351
44,168,1.665514
44,169,-2.988722
44,170,-0.800771
44,171,-3.15234
44,172,0.275134
44,173,2.430907
44,174,2.366563
44,175,-0.275597
44,176,2.418257
44,177,2.68344
44,178,2.563221
44,179,1.89702
44,180,-0.19999
44,181,0.519555
44,182,7.302765
44,183,-0.411942
44,184,-0.059599
44,185,-0.666995
44,186,-0.089802
44,187,0.667329
44,188,-1.714472
44,189,-0.444773
44,190,0.011611
44,191,2.494508
44,192,3.190241
44,193,0.990988
44,194,0.863011
44,195,3.664701
44,196,0.694127
44,197,4.368698
44,198,4.090375
44,199,5.642579
44,200,-4.757358
45,46,-1.918053
45,47,-0.055971
45,48,0.79613
45,49,-1.202405
45,50,-1.430182
45,51,4.483873
45,52,1.520066
45,53,-0.450149
45,54,-0.019542
45,55,-3.706121
45,56,0.343476
45,57,-1.263884
45,58,5.019479
45,59,5.959054
45,60,-0.661921
45,61,5.545197
45,62,0.071156
45,63,2.660563
45,64,-0.422298
45,65,1.300908
45,66,-0.305334
45,67,0.480118
45,68,5.360203
45,69,0.036269
45,70,-0.02225
45,71,1.859487
45,72,3.421822
45,73,0.80082
45,74,2.893733
45,75,2.374057
45,76,-2.186785
45,77,3.485041
45,78,1.068536
45,79,0.456224
45,80,-1.060374
45,81,1.206045
45,82,0.644483
45,83,2.899045
45,84,2.02718
45,85,-0.197541
45,86,1.181077
45,87,3.817731
45,88,2.472668
45,89,2.198125
45,90,-0.216012
45,91,-0.182823
45,92,-3.026277
45,93,6.004179
45,94,2.801953
45,95,-4.342632
45,96,1.649536
45,97,-0.372114
45,98,2.030323
45,99,0.603676
45,100,0.209727
45,101,0.16284
45,102,2.061365
45,103,1.54837
45,104,7.535428
45,105,1.934939
45,106,-0.082457
45,107,-1.532746
45,108,-0.019703
45,109,-0.047051
45,110,4.857268
45,111,0.973733
45,112,1.965895
45,113,-1.331018
45,114,1.636871
45,115,-0.411921
45,116,-1.550422
45,117,1.724456
45,118,-2.046971
45,119,0.654164
45,120,0.43885
45,121,-0.044904
45,122,1.464601
45,123,4.217049
45,124,1.767282
45,125,3.140966
45,126,2.366029
45,127,0.35043
45,128,0.213615
45,129,1.366412
45,130,-1.14511
45,131,5.452652
45,132,4.451655
45,133,2.660877
45,134,-0.732243
45,135,-0.928003
45,136,1.639654
45,137,0.950816
45,138,0.036784
45,139,1.823347
45,140,-1.453951
45,141,-1.886445
45,142,-3.191034
45,143,-0.048499
45,144,-1.342804
45,145,1.080765
45,146,-3.492612
45,147,4.750765
45,148,-2.213329
45,149,3.22284
45,150,0.474378
45,151,4.060905
45,152,-0.813121
45,153,3.618128
45,154,1.290025
45,155,0.07594
45,156,7.267065
45,157,-0.038664
45,158,-0.00235
45,159,3.975631
45,160,-0.946316
45,161,2.319714
45,162,-0.23865
45,163,-1.291133
45,164,0.648547
45,165,0.343533
45,166,0.789388
45,167,0.581417
45,168,0.043255
45,169,0.093822
45,170,3.794867
45,171,-0.949369
45,172,4.662091
45,173,-0.148317
45,174,2.299952
45,175,3.127951
45,176,3.885569
45,177,0.566729
45,178,1.594111
45,179,0.204182
45,180,4.244039
45,181,2.236978
45,182,0.165229
45,183,0.531858
45,184,4.153071
45,185,-1.422106
45,186,6.842124
45,187,4.881864
45,188,2.349154
45,189,3.806898
45,190,7.822063
45,191,-0.632953
45,192,0.195624
45,193,1.269276
45,194,-0.255542
45,195,1.088701
45,196,-0.436735
45,197,0.846969
45,198,0.968449
45,199,-0.192935
45,200,-3.785528
46,47,-5.292074
46,48,-0.913544
46,49,-4.884354
46,50,-5.070504
46,51,-4.746678
46,52,-1.50281
46,53,0.905628
46,54,-4.59007
46,55,-5.345686
46,56,-1.98847
46,57,-6.251533
46,58,-4.175455
46,59,-5.218325
46,60,-0.133433
46,61,-1.919686
46,62,-0.052173
46,63,0.786781
46,64,-4.474545
46,65,-2.982562
46,66,-5.54541
46,67,-0.915117
46,68,-0.681874
46,69,-3.380916
46,70,-1.213322
46,71,-1.00843
46,72,-1.11059
46,73,-3.061307
46,74,0.028987
46,75,-2.890808
46,76,0.744248
46,77,-0.153265
46,78,-0.116184
46,79,-0.792895
46,80,-1.008617
46,81,-0.071309
46,82,1.682329
46,83,-0.00694
46,84,-2.413978
46,85,0.1096
46,86,-5.966732
46,87,-1.730332
46,88,-4.880504
46,89,-0.619382
46,90,-3.758961
46,91,-0.252699
46,92,-11.269315
46,93,-1.408689
46,94,-6.392501
46,95,-2.462434
46,96,-1.099252
46,97,-2.477508
46,98,1.647633
46,99,-2.990668
46,100,1.191083
46,101,0.047948
46,102,0.144608
46,103,-3.493793
46,104,-0.243456
46,105,-3.657475
46,106,-5.759399
46,107,-4.508646
46,108,-0.718749
46,109,-0.235759
46,110,-5.032714
46,111,-1.286275
46,112,-1.178968
46,113,-6.577565
46,114,-0.263285
46,115,-1.225969
46,116,-8.755268
46,117,0.146246
46,118,-9.725371
46,119,-3.630586
46,120,-2.033392
46,121,-8.258765
46,122,-4.845189
46,123,-1.658786
46,124,-0.003668
46,125,-5.015173
46,126,-5.266929
46,127,-1.752164
46,128,-3.944405
46,129,-6.767121
46,130,-4.160676
46,131,-1.176306
46,132,-2.868511
46,133,0.263374
46,134,-8.754674
46,135,-1.008803
46,136,0.545023
46,137,-0.983521
46,138,-0.387269
46,139,-5.730174
46,140,-8.535373
46,141,-9.19331
46,142,-9.63919
46,143,-3.956699
46,144,-5.448771
46,145,0.128383
46,146,-11.041722
46,147,-0.758612
46,148,-8.634836
46,149,-5.352256
46,150,-1.542186
46,151,-0.442814
46,152,-1.647228
46,153,-1.706648
46,154,-2.953785
46,155,-1.778455
46,156,-2.26117
46,157,-3.036824
46,158,-3.115745
46,159,-2.180619
46,160,-2.443931
46,161,-4.577105
46,162,-3.620312
46,163,2.163441
46,164,-3.75835
46,165,-5.428316
46,166,-1.068741
46,167,-5.704421
46,168,0.44488
46,169,0.005263
46,170,-5.651433
46,171,-0.429637
46,172,-4.049645
46,173,-5.332188
46,174,0.615083
46,175,-5.869288
46,176,-2.138928
46,177,-2.766682
46,178,-3.276197
46,179,-3.590068
46,180,-6.106329
46,181,-3.870634
46,182,-1.901356
46,183,-7.122409
46,184,-3.276918
46,185,-5.694901
46,186,-2.609978
46,187,-0.388537
46,188,-8.046444
46,189,-1.065843
46,190,-1.290602
46,191,1.852351
46,192,-3.831758
46,193,-3.982642
46,194,-1.779714
46,195,-1.974135
46,196,-3.040555
46,197,-0.978724
46,198,-2.537359
46,199,-0.906505
46,200,-1.3045
47,48,-0.242868
47,49,0.253299
47,50,-0.668704
47,51,1.973605
47,52,0.321194
47,53,-1.862002
47,54,0.874692
47,55,-3.323842
47,56,-1.158662
47,57,-1.029173
47,58,-0.828494
47,59,1.509835
47,60,-2.207461
47,61,-0.682096
47,62,-0.185305
47,63,-0.974892
47,64,-0.41338
47,65,1.275914
47,66,0.201774
47,67,-1.900968
47,68,1.684741
47,69,-1.224623
47,70,-0.441279
47,71,1.337268
47,72,1.241367
47,73,-1.695991
47,74,2.170468
47,75,-3.589793
47,76,-5.275328
47,77,-1.071984
47,78,0.175185
47,79,0.075124
47,80,-1.538994
47,81,-3.036193
47,82,0.182957
47,83,1.794841
47,84,-0.823644
47,85,-0.643909
47,86,2.313768
47,87,0.574873
47,88,1.531868
47,89,-1.674902
47,90,0.752905
47,91,-0.315989
47,92,-5.418469
47,93,1.890972
47,94,0.960578
47,95,-8.98414
47,96,0.697013
47,97,-1.159489
47,98,0.567163
47,99,-0.676692
47,100,-2.838031
47,101,-0.063449
47,102,-1.109377
47,103,2.074682
47,104,1.140825
47,105,2.219825
47,106,-1.365244
47,107,-0.49359
47,108,-0.285368
47,109,-0.265341
47,110,1.178893
47,111,-0.726852
47,112,-1.835785
47,113,-2.155326
47,114,0.791201
47,115,-2.06228
47,116,-0.555802
47,117,0.14105
47,118,-6.715572
47,119,-4.056917
47,120,-0.822454
47,121,-5.57964
47,122,-1.467128
47,123,0.52239
47,124,0.353655
47,125,-2.521169
47,126,0.75777
47,127,-0.530319
47,128,-1.286193
47,129,-5.479606
47,130,-0.92843
47,131,-0.364452
47,132,-2.111051
47,133,0.983489
47,134,-6.462079
47,135,-4.793142
47,136,0.606902
47,137,0.016358
47,138,-0.716071
47,139,-1.211083
47,140,-1.824695
47,141,-4.206707
47,142,-1.998942
47,143,0.100903
47,144,0.142684
47,145,0.075956
47,146,-3.13841
47,147,1.007958
47,148,-0.641566
47,149,2.069863
47,150,0.236939
47,151,0.912104
47,152,-0.882287
47,153,-2.789499
47,154,2.011135
47,155,-4.158429
47,156,1.688779
47,157,0.067319
47,158,0.002687
47,159,-1.200375
47,160,-1.579242
47,161,0.588752
47,162,0.875577
47,163,-1.699359
47,164,0.384495
47,165,-1.262807
47,166,0.233019
47,167,-4.051016
47,168,-2.32593
47,169,-5.587445
47,170,2.049317
47,171,-5.973463
47,172,-0.781705
47,173,-0.072791
47,174,-0.205871
47,175,0.301279
47,176,0.690155
47,177,-3.061199
47,178,-2.396708
47,179,1.299823
47,180,0.278925
47,181,-3.06755
47,182,0.243642
47,183,-0.388241
47,184,2.559688
47,185,-0.516026
47,186,-0.218074
47,187,2.59163
47,188,-0.707858
47,189,0.129867
47,190,2.222273
47,191,-1.457074
47,192,-2.178751
47,193,-4.067367
47,194,-3.053579
47,195,1.369808
47,196,-4.356258
47,197,-1.605974
47,198,0.070608
47,199,-0.520279
47,200,-8.162721
48,49,1.368272
48,50,-2.31195
48,51,5.886461
48,52,1.977014
48,53,1.007963
48,54,2.289908
48,55,-3.814275
48,56,0.266408
48,57,0.30972
48,58,6.755413
48,59,6.357035
48,60,0.022571
48,61,5.392101
48,62,-0.795066
48,63,0.605941
48,64,0.644514
48,65,4.512044
48,66,0.523929
48,67,3.059965
48,68,8.037172
48,69,0.278617
48,70,0.979639
48,71,5.889174
48,72,1.08501
48,73,1.186723
48,74,7.221116
48,75,0.521387
48,76,-1.047685
48,77,4.327067
48,78,-0.065072
48,79,-0.664161
48,80,-1.290225
48,81,2.390862
48,82,-0.299783
48,83,5.098162
48,84,0.552436
48,85,0.705696
48,86,2.75947
48,87,8.594032
48,88,0.766101
48,89,5.343967
48,90,2.419215
48,91,-1.169373
48,92,-2.031732
48,93,7.172558
48,94,4.391264
48,95,-2.562306
48,96,-0.33815
48,97,-0.483578
48,98,0.142736
48,99,2.571065
48,100,-0.111284
48,101,-0.639257
48,102,3.313028
48,103,0.601593
48,104,5.612467
48,105,0.989705
48,106,1.343806
48,107,0.115068
48,108,1.011424
48,109,-0.307615
48,110,2.99759
48,111,1.507827
48,112,0.25319
48,113,-0.427292
48,114,0.117025
48,115,0.058827
48,116,-1.480617
48,117,4.601483
48,118,-2.183323
48,119,2.989386
48,120,2.395535
48,121,0.033425
48,122,0.4116
48,123,9.383529
48,124,0.09441
48,125,1.735424
48,126,5.05553
48,127,1.009031
48,128,1.428376
48,129,0.991069
48,130,-2.109275
48,131,5.043071
48,132,2.31989
48,133,6.841447
48,134,-1.008004
48,135,1.34995
48,136,-0.22371
48,137,-0.023487
48,138,-0.480448
48,139,3.187037
48,140,0.342662
48,141,-1.362459
48,142,-0.903406
48,143,0.768495
48,144,1.966512
48,145,-0.018842
48,146,-1.433295
48,147,6.304133
48,148,-1.466712
48,149,2.491594
48,150,-1.007679
48,151,8.13224
48,152,-1.717084
48,153,1.477807
48,154,4.099474
48,155,2.886936
48,156,4.678564
48,157,0.832746
48,158,0.380889
48,159,4.233086
48,160,-1.158062
48,161,0.428502
48,162,1.907497
48,163,-1.425487
48,164,3.115364
48,165,-0.102513
48,166,-0.375037
48,167,1.458198
48,168,1.273848
48,169,1.664032
48,170,3.287669
48,171,0.551495
48,172,2.633624
48,173,0.061205
48,174,0.484705
48,175,3.017244
48,176,8.605073
48,177,3.216857
48,178,4.706428
48,179,2.601321
48,180,5.728197
48,181,0.553741
48,182,2.130665
48,183,0.640228
48,184,2.865791
48,185,-2.124212
48,186,4.542588
48,187,7.753991
48,188,3.569582
48,189,3.049416
48,190,5.704221
48,191,-0.931414
48,192,1.462282
48,193,3.457618
48,194,0.702046
48,195,5.199874
48,196,0.512295
48,197,3.752092
48,198,3.295604
48,199,0.016388
48,200,-2.270173
49,50,7.229163
49,51,-0.820895
49,52,-1.039058
49,53,-2.411612
49,54,-0.599639
49,55,1.165596
49,56,-1.522336
49,57,0.601215
49,58,-3.76361
49,59,-0.767585
49,60,-3.015253
49,61,-2.124983
49,62,3.499276
49,63,0.619902
49,64,-1.142743
49,65,-1.394264
49,66,-0.784593
49,67,-4.320315
49,68,-1.28824
49,69,-3.193475
49,70,-1.77551
49,71,-1.268609
49,72,4.953405
49,73,-3.634042
49,74,-0.294767
49,75,-3.672207
49,76,-5.650008
49,77,-0.388472
49,78,3.041412
49,79,4.333275
49,80,0.419531
49,81,-2.999511
49,82,4.572034
49,83,0.750009
49,84,-1.132595
49,85,-0.406573
49,86,-0.298146
49,87,-2.646316
49,88,4.116459
49,89,-4.065869
49,90,0.002582
49,91,2.300745
49,92,-6.528912
49,93,-0.327187
49,94,-1.379595
49,95,-9.192689
49,96,6.231144
49,97,-1.711282
49,98,4.887005
49,99,-3.382979
49,100,-2.810872
49,101,1.01903
49,102,1.418107
49,103,5.183689
49,104,3.890212
49,105,5.192655
49,106,-4.015951
49,107,0.17557
49,108,0.355011
49,109,2.161975
49,110,-0.172417
49,111,-2.085859
49,112,-1.299565
49,113,-2.186165
49,114,2.017452
49,115,-2.990345
49,116,1.68811
49,117,-2.053167
49,118,-8.296437
49,119,-6.374852
49,120,-3.25493
49,121,-7.910854
49,122,-2.21104
49,123,-2.711506
49,124,4.069135
49,125,-3.990114
49,126,-2.353507
49,127,-1.147504
49,128,-3.87584
49,129,-7.563868
49,130,2.358078
49,131,-0.889996
49,132,-3.009295
49,133,-1.737353
49,134,-8.551771
49,135,-6.314945
49,136,5.69511
49,137,2.673628
49,138,-1.186401
49,139,-4.073569
49,140,-3.286731
49,141,-5.021413
49,142,-0.165832
49,143,-0.442917
49,144,0.005615
49,145,3.724962
49,146,-2.424794
49,147,-1.52695
49,148,0.605663
49,149,-0.099687
49,150,5.585356
49,151,-2.084272
49,152,1.924432
49,153,-3.214701
49,154,-0.224787
49,155,-6.198206
49,156,1.700406
49,157,-0.903977
49,158,1.143442
49,159,-2.842446
49,160,-0.330071
49,161,1.781262
49,162,0.061087
49,163,1.110806
49,164,-2.57968
49,165,-0.049328
49,166,4.356429
49,167,-6.552981
49,168,-3.502296
49,169,-5.480592
49,170,1.899817
49,171,-6.087396
49,172,-1.570336
49,173,0.104322
49,174,1.451878
49,175,-1.974385
49,176,-2.555413
49,177,-5.662033
49,178,-5.268299
49,179,-0.239406
49,180,-2.280778
49,181,-3.415912
49,182,0.030759
49,183,-1.670376
49,184,4.240457
49,185,4.284706
49,186,-1.334372
49,187,1.050614
49,188,-2.345833
49,189,0.50279
49,190,5.022754
49,191,-0.841943
49,192,-4.698011
49,193,-6.336657
49,194,-4.627225
49,195,-0.541036
49,196,-6.094284
49,197,-4.194795
49,198,-2.552154
49,199,0.127784
49,200,-8.049156
50,51,0.52864
50,52,1.713264
50,53,0.425462
50,54,2.035678
50,55,-0.375362
50,56,-1.187525
50,57,-1.190413
50,58,-2.747731
50,59,-0.357708
50,60,-2.422678
50,61,-2.918283
50,62,0.633635
50,63,-3.972695
50,64,-2.129188
50,65,1.336862
50,66,-0.452479
50,67,-2.437095
50,68,0.986376
50,69,-4.071903
50,70,-1.410047
50,71,2.753289
50,72,-1.08947
50,73,-3.425822
50,74,4.53096
50,75,-6.670121
50,76,-5.667703
50,77,-2.459375
50,78,-1.405705
50,79,0.321308
50,80,2.411387
50,81,-3.503822
50,82,-0.367233
50,83,3.347341
50,84,-3.924172
50,85,1.46855
50,86,0.907312
50,87,0.357731
50,88,-0.322598
50,89,-1.55078
50,90,6.751429
50,91,-0.771036
50,92,-7.482266
50,93,0.161761
50,94,-0.551613
50,95,-9.327226
50,96,-0.099086
50,97,-1.536471
50,98,-0.829307
50,99,-2.147063
50,100,-5.032339
50,101,-1.536746
50,102,-0.978813
50,103,-0.005905
50,104,-1.048954
50,105,0.169356
50,106,-3.85732
50,107,5.00689
50,108,3.797731
50,109,1.162358
50,110,-1.882366
50,111,-0.213207
50,112,-4.89107
50,113,-3.859077
50,114,-2.084216
50,115,-2.20463
50,116,0.013641
50,117,1.635023
50,118,-9.394982
50,119,-5.635486
50,120,-1.876393
50,121,-8.050373
50,122,-4.417866
50,123,0.458871
50,124,-0.94659
50,125,-5.460771
50,126,-0.738378
50,127,1.82253
50,128,-3.560674
50,129,-7.982577
50,130,0.055943
50,131,-2.557276
50,132,-5.026677
50,133,2.38331
50,134,-9.068481
50,135,-5.108068
50,136,-0.246601
50,137,-1.496356
50,138,-2.959235
50,139,-3.52435
50,140,-3.726271
50,141,-6.453051
50,142,-0.860378
50,143,-0.005317
50,144,5.584925
50,145,-0.888355
50,146,-3.383019
50,147,0.147439
50,148,-0.544721
50,149,-1.00387
50,150,-0.197686
50,151,1.139253
50,152,-0.562489
50,153,-5.696562
50,154,3.584612
50,155,-4.758094
50,156,-1.1508
50,157,-1.136701
50,158,1.011593
50,159,-3.274543
50,160,2.587411
50,161,-1.662631
50,162,5.603433
50,163,2.316455
50,164,-1.012565
50,165,-2.938887
50,166,-0.333789
50,167,-6.315953
50,168,-1.823347
50,169,-7.295417
50,170,0.802966
50,171,-7.284035
50,172,-3.863784
50,173,-1.132471
50,174,-3.015755
50,175,-2.496143
50,176,0.40118
50,177,-4.299371
50,178,-3.632112
50,179,4.460653
50,180,-1.051329
50,181,-6.125771
50,182,3.817071
50,183,-2.89512
50,184,0.288866
50,185,-0.064489
50,186,-3.078592
50,187,3.407084
50,188,-2.092306
50,189,-2.020226
50,190,-0.132598
50,191,-2.382274
50,192,-4.41367
50,193,-5.838903
50,194,-4.230161
50,195,4.682449
50,196,-6.32535
50,197,-2.006506
50,198,-0.622729
50,199,0.571337
50,200,-8.6194
51,52,-1.219971
51,53,2.201705
51,54,0.669958
51,55,-4.158511
51,56,-2.32375
51,57,5.487909
51,58,0.017314
51,59,0.142681
51,60,0.648183
51,61,-0.829737
51,62,4.385225
51,63,2.967019
51,64,4.914841
51,65,0.906979
51,66,1.152584
51,67,1.653336
51,68,-0.462364
51,69,2.514602
51,70,3.803178
51,71,1.421718
51,72,3.447829
51,73,-0.79951
51,74,0.361814
51,75,0.42171
51,76,-2.787812
51,77,-2.223801
51,78,6.30081
51,79,4.987645
51,80,0.97017
51,81,-3.280739
51,82,6.368264
51,83,-1.488784
51,84,1.869511
51,85,4.301592
51,86,-0.067188
51,87,0.751303
51,88,2.115047
51,89,1.002185
51,90,0.472298
51,91,1.874149
51,92,-1.627833
51,93,-0.734107
51,94,-0.106992
51,95,-6.87443
51,96,4.466755
51,97,0.152315
51,98,5.721361
51,99,2.324525
51,100,-1.078116
51,101,2.407156
51,102,-3.22189
51,103,0.371723
51,104,-0.456569
51,105,0.526416
51,106,1.709185
51,107,-2.553132
51,108,5.211408
51,109,4.833512
51,110,0.986695
51,111,-0.608496
51,112,2.427955
51,113,4.055684
51,114,1.995484
51,115,-0.499222
51,116,0.47778
51,117,1.65562
51,118,-1.950242
51,119,-0.299161
51,120,2.666206
51,121,-1.762639
51,122,2.323269
51,123,0.657521
51,124,6.022002
51,125,0.648235
51,126,0.386407
51,127,0.848231
51,128,2.164483
51,129,-1.260335
51,130,0.083461
51,131,-1.094022
51,132,-0.007523
51,133,1.213922
51,134,-2.251036
51,135,-1.415848
51,136,5.343044
51,137,6.64983
51,138,0.901637
51,139,0.177704
51,140,0.607106
51,141,0.727882
51,142,0.581549
51,143,3.02086
51,144,0.200164
51,145,7.097051
51,146,-0.516088
51,147,-0.719253
51,148,0.219056
51,149,0.371758
51,150,3.738151
51,151,0.37445
51,152,0.492197
51,153,-0.395686
51,154,-0.201882
51,155,-0.47069
51,156,0.459098
51,157,4.987148
51,158,4.758877
51,159,-0.997865
51,160,-0.568487
51,161,3.202609
51,162,-1.279286
51,163,2.276401
51,164,2.33082
51,165,5.722967
51,166,5.778475
51,167,-0.355527
51,168,-0.303199
51,169,-4.140109
51,170,0.496443
51,171,-4.536602
51,172,1.323886
51,173,2.94684
51,174,3.780841
51,175,0.237715
51,176,0.707264
51,177,0.416852
51,178,0.520775
51,179,-0.400912
51,180,-0.335364
51,181,1.29725
51,182,4.964815
51,183,0.770539
51,184,0.593151
51,185,-0.173143
51,186,0.109028
51,187,-0.863325
51,188,-0.815035
51,189,-1.158324
51,190,0.550266
51,191,0.571119
51,192,1.452375
51,193,-0.275528
51,194,-0.649956
51,195,1.18255
51,196,-0.857801
51,197,1.699275
51,198,2.073165
51,199,3.588665
51,200,-6.554879
52,53,0.303413
52,54,0.010145
52,55,-0.475384
52,56,0.116167
52,57,-1.417452
52,58,-2.717168
52,59,-1.677374
52,60,0.029529
52,61,-0.374766
52,62,3.803189
52,63,1.961699
52,64,-0.408923
52,65,-0.212615
52,66,0.082621
52,67,-1.776492
52,68,-0.296918
52,69,-1.021791
52,70,1.086413
52,71,-0.15933
52,72,5.119908
52,73,-1.449747
52,74,-0.004373
52,75,-1.979036
52,76,-2.281494
52,77,1.73996
52,78,3.094195
52,79,3.706399
52,80,2.155458
52,81,0.006681
52,82,4.192438
52,83,0.393227
52,84,0.489402
52,85,1.885732
52,86,-0.877298
52,87,-1.518601
52,88,1.313846
52,89,-1.832133
52,90,-0.334385
52,91,4.673546
52,92,-7.259829
52,93,0.273824
52,94,-2.215787
52,95,-5.826698
52,96,5.432371
52,97,0.788134
52,98,4.537548
52,99,-1.295196
52,100,0.308017
52,101,3.916014
52,102,1.072794
52,103,2.703008
52,104,3.006009
52,105,2.431929
52,106,-2.804052
52,107,-1.084803
52,108,1.709444
52,109,3.059515
52,110,-0.662238
52,111,-0.161812
52,112,0.232117
52,113,-2.639969
52,114,4.161737
52,115,-0.292222
52,116,-2.348315
52,117,-0.285331
52,118,-7.502288
52,119,-3.998991
52,120,-0.875808
52,121,-6.646669
52,122,-1.423044
52,123,-1.625487
52,124,3.572669
52,125,-2.74245
52,126,-2.113311
52,127,0.520282
52,128,-1.84572
52,129,-5.861073
52,130,2.04156
52,131,0.917235
52,132,-1.139612
52,133,-0.397279
52,134,-7.20752
52,135,-3.300258
52,136,5.080117
52,137,2.467602
52,138,1.89377
52,139,-3.104094
52,140,-3.833336
52,141,-5.397009
52,142,-3.691943
52,143,0.930989
52,144,-1.12537
52,145,3.09123
52,146,-5.309005
52,147,-0.285089
52,148,-2.436528
52,149,-0.620779
52,150,5.013748
52,151,-0.765372
52,152,4.280175
52,153,-0.916994
52,154,0.051718
52,155,-3.470129
52,156,1.610772
52,157,1.289128
52,158,1.400883
52,159,-0.885802
52,160,0.949529
52,161,0.82325
52,162,-0.460326
52,163,2.994342
52,164,-0.927795
52,165,-1.073025
52,166,3.350894
52,167,-4.701767
52,168,-0.82113
52,169,-2.352155
52,170,-0.48655
52,171,-2.840341
52,172,-0.890204
52,173,0.038814
52,174,2.610954
52,175,-1.951979
52,176,-1.608617
52,177,-3.281069
52,178,-3.29646
52,179,-0.201171
52,180,-2.870945
52,181,-2.081466
52,182,1.046667
52,183,-2.189609
52,184,1.963081
52,185,1.049134
52,186,-0.110123
52,187,0.577941
52,188,-3.835593
52,189,2.064239
52,190,2.713208
52,191,2.55804
52,192,-2.537533
52,193,-4.080739
52,194,-1.879353
52,195,0.043291
52,196,-3.352875
52,197,-1.83011
52,198,-0.666221
52,199,2.230301
52,200,-4.688309
53,54,-1.780079
53,55,-1.443622
53,56,0.696146
53,57,-3.216602
53,58,2.687032
53,59,2.581559
53,60,0.065266
53,61,5.034588
53,62,1.350605
53,63,3.663047
53,64,-1.819074
53,65,-0.32422
53,66,-2.20491
53,67,0.094971
53,68,3.919875
53,69,-0.520417
53,70,-0.225009
53,71,0.397157
53,72,5.760718
53,73,0.282137
53,74,1.703113
53,75,1.591882
53,76,-0.159823
53,77,6.419917
53,78,1.732552
53,79,1.437671
53,80,0.135087
53,81,3.479321
53,82,2.220327
53,83,2.813748
53,84,1.806709
53,85,0.016738
53,86,-0.646598
53,87,2.46304
53,88,1.722844
53,89,1.500812
53,90,-1.764391
53,91,2.220186
53,92,-5.903635
53,93,5.196432
53,94,0.217845
53,95,-2.074978
53,96,4.485702
53,97,-0.41877
53,98,3.732247
53,99,-0.454687
53,100,2.700492
53,101,1.654801
53,102,5.084611
53,103,2.769532
53,104,9.010258
53,105,2.834741
53,106,-1.83182
53,107,-1.782413
53,108,-0.351436
53,109,0.546844
53,110,1.743466
53,111,0.163665
53,112,2.08203
53,113,-3.200273
53,114,3.767494
53,115,-0.120203
53,116,-3.24914
53,117,0.620262
53,118,-4.553985
53,119,0.480828
53,120,-0.322064
53,121,-2.689537
53,122,-0.10075
53,123,2.738805
53,124,2.543448
53,125,0.889007
53,126,0.296015
53,127,-0.490941
53,128,-0.810504
53,129,-1.02172
53,130,-0.055601
53,131,6.366644
53,132,3.076044
53,133,1.340801
53,134,-3.273152
53,135,-0.250989
53,136,3.874792
53,137,1.126383
53,138,1.32174
53,139,-0.231079
53,140,-3.868527
53,141,-4.396164
53,142,-5.395734
53,143,-1.46257
53,144,-2.846215
53,145,1.655538
53,146,-6.017289
53,147,3.382285
53,148,-4.127785
53,149,0.871533
53,150,2.945761
53,151,2.685921
53,152,1.819702
53,153,3.248868
53,154,-0.018258
53,155,0.153254
53,156,5.90693
53,157,-0.983253
53,158,-1.052771
53,159,3.926575
53,160,-0.57468
53,161,0.580164
53,162,-1.126327
53,163,0.942454
53,164,-0.88183
53,165,-1.479356
53,166,1.370303
53,167,-0.631512
53,168,0.300994
53,169,2.665792
53,170,1.787379
53,171,1.52134
53,172,2.336475
53,173,-1.916697
53,174,3.238385
53,175,0.36508
53,176,2.525599
53,177,0.206394
53,178,0.836605
53,179,-1.141532
53,180,1.151854
53,181,0.942451
53,182,-0.952716
53,183,-1.957072
53,184,4.144455
53,185,-0.579573
53,186,4.638217
53,187,4.620952
53,188,-0.848145
53,189,5.838171
53,190,7.803734
53,191,1.624338
53,192,-0.612038
53,193,0.917062
53,194,0.060877
53,195,-0.416832
53,196,0.058774
53,197,0.255506
53,198,-0.304455
53,199,-0.019067
53,200,-1.090074
54,55,-1.786723
54,56,-0.401043
54,57,0.106533
54,58,-1.778116
54,59,0.715893
54,60,-2.09158
54,61,-0.311938
54,62,2.138684
54,63,1.160199
54,64,0.603949
54,65,-0.166206
54,66,0.144271
54,67,-2.747594
54,68,0.36124
54,69,-1.440713
54,70,-0.627908
54,71,-0.179632
54,72,4.39092
54,73,-1.992135
54,74,0.401477
54,75,-2.346535
54,76,-4.96799
54,77,-0.047999
54,78,2.98988
54,79,2.70388
54,80,-0.087599
54,81,-2.303457
54,82,2.866989
54,83,0.892309
54,84,0.428874
54,85,-0.144935
54,86,0.979508
54,87,-1.01046
54,88,4.3111
54,89,-2.459775
54,90,-0.096644
54,91,1.699185
54,92,-4.999013
54,93,1.428211
54,94,0.076397
54,95,-8.558321
54,96,4.190847
54,97,-0.777833
54,98,3.773584
54,99,-1.687554
54,100,-2.229625
54,101,1.362458
54,102,-0.25883
54,103,3.687194
54,104,2.502969
54,105,3.866178
54,106,-2.008949
54,107,-0.8489
54,108,0.30948
54,109,1.420775
54,110,1.669688
54,111,-0.887015
54,112,-0.181343
54,113,-0.828432
54,114,2.712374
54,115,-1.938039
54,116,0.567501
54,117,-0.834936
54,118,-6.415506
54,119,-4.574938
54,120,-1.690756
54,121,-5.885923
54,122,-0.411604
54,123,-1.073664
54,124,3.33842
54,125,-2.08139
54,126,-0.705199
54,127,-0.445759
54,128,-2.049144
54,129,-5.596249
54,130,1.509734
54,131,0.550618
54,132,-1.343151
54,133,-0.465504
54,134,-6.557659
54,135,-5.002589
54,136,3.954693
54,137,2.664944
54,138,-0.305497
54,139,-2.082028
54,140,-1.445241
54,141,-3.45403
54,142,-1.43996
54,143,0.322626
54,144,-0.63874
54,145,2.82616
54,146,-2.399374
54,147,0.172942
54,148,-0.224082
54,149,1.724394
54,150,3.394182
54,151,-0.514884
54,152,1.08958
54,153,-1.859931
54,154,0.391273
54,155,-4.62899
54,156,3.47473
54,157,0.266317
54,158,1.006706
54,159,-1.065359
54,160,-0.32888
54,161,2.915454
54,162,-0.173155
54,163,-0.059483
54,164,-0.942787
54,165,0.540979
54,166,2.934659
54,167,-4.576632
54,168,-2.386858
54,169,-4.861762
54,170,2.357703
54,171,-5.380754
54,172,0.209784
54,173,0.962719
54,174,2.151124
54,175,-0.018991
54,176,-0.950109
54,177,-3.879192
54,178,-3.400304
54,179,0.009412
54,180,-0.834555
54,181,-1.902159
54,182,0.249508
54,183,0.206531
54,184,3.794895
54,185,1.821002
54,186,0.538165
54,187,1.434601
54,188,-1.161831
54,189,1.228468
54,190,3.707667
54,191,-0.682013
54,192,-2.835529
54,193,-4.491675
54,194,-3.215532
54,195,0.028566
54,196,-4.513136
54,197,-2.584039
54,198,-1.035894
54,199,0.335455
54,200,-7.606285
55,56,-1.969374
55,57,-5.074225
55,58,-6.131032
55,59,-4.815491
55,60,-3.762982
55,61,-4.224767
55,62,-0.497254
55,63,-4.503722
55,64,-5.229207
55,65,-2.521338
55,66,-3.611833
55,67,-5.224328
55,68,-2.080568
55,69,-6.157855
55,70,-3.56442
55,71,-1.427633
55,72,-0.984199
55,73,-5.262574
55,74,-0.436206
55,75,-7.855708
55,76,-6.47569
55,77,-2.197928
55,78,-2.597061
55,79,-0.839815
55,80,1.132386
55,81,-3.790812
55,82,-1.310995
55,83,0.196958
55,84,-5.127397
55,85,-0.36134
55,86,-3.966046
55,87,-3.79877
55,88,-1.395114
55,89,-4.242397
55,90,1.481368
55,91,-1.052068
55,92,-11.45084
55,93,-1.971239
55,94,-5.393603
55,95,-9.981152
55,96,-0.242215
55,97,-2.906518
55,98,-1.40375
55,99,-5.173193
55,100,-5.362348
55,101,-2.221416
55,102,-0.462601
55,103,-0.162703
55,104,-0.443729
55,105,-0.341879
55,106,-7.266911
55,107,1.261808
55,108,1.076347
55,109,-0.494419
55,110,-4.46773
55,111,-2.101267
55,112,-5.926923
55,113,-7.292381
55,114,-2.256729
55,115,-3.578114
55,116,-4.528318
55,117,-1.543905
55,118,-12.380842
55,119,-7.997296
55,120,-4.695366
55,121,-11.167665
55,122,-6.483914
55,123,-3.773799
55,124,-1.987694
55,125,-7.549368
55,126,-5.317709
55,127,-0.207559
55,128,-6.291472
55,129,-10.451292
55,130,-0.334255
55,131,-3.068053
55,132,-6.286928
55,133,-1.517279
55,134,-11.906769
55,135,-6.835322
55,136,-0.668652
55,137,-2.993837
55,138,-3.738491
55,139,-6.972438
55,140,-7.802376
55,141,-9.929875
55,142,-5.936607
55,143,-2.783586
55,144,0.119756
55,145,-2.291854
55,146,-8.314513
55,147,-2.334221
55,148,-4.889488
55,149,-4.063031
55,150,-0.440955
55,151,-2.454533
55,152,-0.664155
55,153,-6.571833
55,154,-1.16951
55,155,-6.92973
55,156,-1.708558
55,157,-3.726117
55,158,-1.613554
55,159,-4.742686
55,160,1.502713
55,161,-3.47189
55,162,0.892518
55,163,1.037585
55,164,-4.665877
55,165,-5.668085
55,166,-1.58673
55,167,-9.13594
55,168,-3.463889
55,169,-7.562145
55,170,-3.277742
55,171,-7.693948
55,172,-5.670608
55,173,-3.961933
55,174,-3.704638
55,175,-5.756094
55,176,-3.957111
55,177,-7.114711
55,178,-6.815516
55,179,0.14039
55,180,-5.920076
55,181,-7.68625
55,182,0.559358
55,183,-6.154296
55,184,-0.607391
55,185,-0.55312
55,186,-4.426571
55,187,-0.337828
55,188,-7.054467
55,189,-1.874909
55,190,0.046286
55,191,-2.781304
55,192,-7.128188
55,193,-8.1276
55,194,-5.836565
55,195,0.271408
55,196,-8.064025
55,197,-5.027702
55,198,-3.829382
55,199,-1.078548
55,200,-9.023224
56,57,-2.825184
56,58,-3.19121
56,59,-2.931818
56,60,0.267422
56,61,-0.775797
56,62,2.340417
56,63,-0.053337
56,64,-1.815874
56,65,-0.130551
56,66,-1.424741
56,67,-1.639212
56,68,-0.476383
56,69,-1.892489
56,70,0.754825
56,71,0.139705
56,72,1.772345
56,73,-1.58988
56,74,0.045472
56,75,-3.201418
56,76,-2.554944
56,77,0.262055
56,78,1.2906
56,79,2.216963
56,80,1.977836
56,81,-0.171586
56,82,2.117657
56,83,-0.024723
56,84,-0.652787
56,85,1.81971
56,86,-2.398385
56,87,-1.585571
56,88,-0.995591
56,89,-1.549865
56,90,-0.598419
56,91,2.444648
56,92,-8.562628
56,93,-0.36302
56,94,-3.533952
56,95,-6.283885
56,96,1.964869
56,97,1.172769
56,98,2.132097
56,99,-1.513054
56,100,-0.864523
56,101,2.036044
56,102,-0.330081
56,103,0.038187
56,104,0.741837
56,105,-0.167251
56,106,-3.716069
56,107,-1.63524
56,108,1.540898
56,109,2.003294
56,110,-2.044993
56,111,0.200877
56,112,-1.333475
56,113,-4.040257
56,114,1.912523
56,115,0.094875
56,116,-4.428594
56,117,0.152312
56,118,-8.497977
56,119,-4.151908
56,120,-0.900504
56,121,-7.375298
56,122,-2.563452
56,123,-1.67915
56,124,1.696409
56,125,-3.562658
56,126,-2.952825
56,127,0.855726
56,128,-2.393446
56,129,-6.441332
56,130,0.170769
56,131,0.225575
56,132,-1.863249
56,133,-0.091827
56,134,-7.967334
56,135,-3.197543
56,136,2.371366
56,137,0.80054
56,138,0.947992
56,139,-3.824624
56,140,-5.244547
56,141,-6.683099
56,142,-5.350649
56,143,-0.14672
56,144,-1.698555
56,145,1.264402
56,146,-7.033629
56,147,-0.434871
56,148,-4.263305
56,149,-2.101161
56,150,2.034646
56,151,-0.668449
56,152,2.030056
56,153,-1.893301
56,154,0.044786
56,155,-3.362278
56,156,0.06396
56,157,-0.137577
56,158,0.440064
56,159,-1.164239
56,160,0.863268
56,161,-0.74515
56,162,-0.706637
56,163,1.98464
56,164,-1.363958
56,165,-2.497457
56,166,1.810789
56,167,-5.219245
56,168,-0.397741
56,169,-3.366497
56,170,-2.395732
56,171,-3.565546
56,172,-1.883921
56,173,-1.450591
56,174,0.69407
56,175,-3.117073
56,176,-1.761281
56,177,-3.372134
56,178,-3.406887
56,179,-0.286598
56,180,-3.921781
56,181,-3.205708
56,182,0.913842
56,183,-3.650435
56,184,-0.247729
56,185,-1.452694
56,186,-0.848725
56,187,-0.036548
56,188,-5.252485
56,189,0.615523
56,190,0.519209
56,191,1.835019
56,192,-3.067423
56,193,-4.284826
56,194,-1.843416
56,195,0.273119
56,196,-3.726406
56,197,-1.661888
56,198,-0.609921
56,199,1.786894
56,200,-5.316324
57,58,1.76778
57,59,7.031799
57,60,-3.593726
57,61,0.454235
57,62,-1.273541
57,63,2.900154
57,64,-0.271169
57,65,0.957053
57,66,-0.852845
57,67,-1.895539
57,68,1.907686
57,69,-1.60377
57,70,-1.685813
57,71,1.518525
57,72,3.741677
57,73,-2.367475
57,74,3.388186
57,75,0.574927
57,76,-6.122529
57,77,-1.007219
57,78,0.431637
57,79,-0.586039
57,80,-3.364393
57,81,-3.469874
57,82,-0.346261
57,83,1.429692
57,84,0.720465
57,85,-2.06368
57,86,3.61687
57,87,2.211205
57,88,3.595052
57,89,-1.432529
57,90,0.060261
57,91,-1.982896
57,92,-0.218223
57,93,2.142052
57,94,5.318125
57,95,-9.142271
57,96,1.638578
57,97,-2.923269
57,98,1.926031
57,99,-0.885036
57,100,-3.328397
57,101,-1.746968
57,102,-1.603239
57,103,1.320066
57,104,3.216086
57,105,2.052714
57,106,-0.239507
57,107,-1.382379
57,108,-1.575397
57,109,-1.502403
57,110,5.414397
57,111,-2.205227
57,112,2.02539
57,113,0.008765
57,114,0.076878
57,115,-3.514474
57,116,1.262664
57,117,-0.456154
57,118,-1.639056
57,119,-3.057406
57,120,-1.272258
57,121,-1.911902
57,122,1.334243
57,123,2.450071
57,124,1.655283
57,125,0.958191
57,126,3.057873
57,127,-2.160894
57,128,-1.343141
57,129,-2.378943
57,130,-2.505854
57,131,0.525713
57,132,0.545224
57,133,1.155039
57,134,-2.706314
57,135,-4.938534
57,136,1.40206
57,137,0.507542
57,138,-2.431289
57,139,0.685434
57,140,0.300098
57,141,0.207279
57,142,-0.067659
57,143,-1.014039
57,144,0.892913
57,145,0.836236
57,146,0.080833
57,147,0.760449
57,148,-0.437701
57,149,3.327318
57,150,-0.439383
57,151,1.497513
57,152,-2.690145
57,153,-0.40718
57,154,2.670031
57,155,-3.80655
57,156,4.515252
57,157,-0.942804
57,158,-0.951206
57,159,-0.61428
57,160,-3.51292
57,161,2.046089
57,162,0.384286
57,163,-3.43272
57,164,0.243216
57,165,1.301666
57,166,-0.068909
57,167,-2.076889
57,168,-3.448667
57,169,-4.964532
57,170,7.353197
57,171,-5.810939
57,172,3.479422
57,173,-0.672352
57,174,2.067419
57,175,3.085645
57,176,2.62339
57,177,-2.24891
57,178,-1.124355
57,179,0.837199
57,180,5.090608
57,181,1.372757
57,182,-0.628056
57,183,1.144635
57,184,4.385288
57,185,-1.459184
57,186,2.473459
57,187,3.374529
57,188,6.074864
57,189,0.134446
57,190,5.748954
57,191,-3.291337
57,192,-1.598422
57,193,-2.770826
57,194,-3.685058
57,195,1.429523
57,196,-3.947303
57,197,-1.421047
57,198,-0.384343
57,199,-2.061776
57,200,-8.503561
58,59,0.202856
58,60,1.092129
58,61,-0.307182
58,62,2.247659
58,63,5.482021
58,64,4.09457
58,65,-0.64742
58,66,-1.3027
58,67,2.854312
58,68,-0.870026
58,69,3.676116
58,70,5.016743
58,71,-0.10353
58,72,3.132387
58,73,-1.124842
58,74,-0.980241
58,75,3.222612
58,76,-0.801545
58,77,-1.632064
58,78,5.192548
58,79,2.333642
58,80,-0.874901
58,81,-2.814692
58,82,5.279743
58,83,-2.435561
58,84,3.380935
58,85,4.718069
58,86,-0.888325
58,87,0.304249
58,88,0.655678
58,89,0.216119
58,90,-2.464253
58,91,0.609568
58,92,-2.017748
58,93,-0.7587
58,94,0.000209
58,95,-4.678877
58,96,2.196886
58,97,-0.980697
58,98,4.611266
58,99,2.050708
58,100,1.066305
58,101,1.952364
58,102,-3.193709
58,103,-0.305679
58,104,0.509861
58,105,0.120396
58,106,2.276917
58,107,-4.964789
58,108,3.066393
58,109,3.248142
58,110,1.116164
58,111,-1.819409
58,112,5.360141
58,113,3.498878
58,114,2.528027
58,115,-1.072635
58,116,-3.077433
58,117,0.1033
58,118,-0.406425
58,119,0.771021
58,120,2.856759
58,121,-0.345214
58,122,2.831224
58,123,0.292251
58,124,4.650259
58,125,1.171309
58,126,0.205249
58,127,-1.107204
58,128,2.254277
58,129,-0.130083
58,130,-2.506612
58,131,-0.41165
58,132,1.260318
58,133,-0.073311
58,134,-0.703955
58,135,0.945263
58,136,3.379413
58,137,5.47896
58,138,1.426214
58,139,0.112111
58,140,-0.143696
58,141,0.463873
58,142,-3.646428
58,143,0.445618
58,144,-2.892234
58,145,6.204961
58,146,-3.662862
58,147,-1.147668
58,148,-3.635863
58,149,0.646894
58,150,0.898705
58,151,-0.390319
58,152,-1.098567
58,153,1.669641
58,154,-1.875338
58,155,1.161404
58,156,1.137797
58,157,3.348699
58,158,1.561621
58,159,-0.642465
58,160,-2.651102
58,161,1.681262
58,162,-3.568298
58,163,1.617364
58,164,1.639504
58,165,3.236195
58,166,3.05693
58,167,1.114154
58,168,-0.765174
58,169,-2.004879
58,170,0.373119
58,171,-2.7061
58,172,1.792397
58,173,0.100612
58,174,5.489918
58,175,0.418586
58,176,0.356941
58,177,2.005708
58,178,1.115587
58,179,-2.695272
58,180,-0.188519
58,181,3.385083
58,182,2.225519
58,183,0.289217
58,184,1.158385
58,185,-3.163965
58,186,0.829131
58,187,-1.353461
58,188,-0.975803
58,189,-0.625627
58,190,1.288061
58,191,1.236411
58,192,3.101962
58,193,0.171657
58,194,-0.341691
58,195,-0.970035
58,196,2.247059
58,197,2.42019
58,198,0.877211
58,199,2.28016
58,200,-4.731113
59,60,0.519081
59,61,-1.55233
59,62,3.745686
59,63,3.00963
59,64,7.794967
59,65,1.268287
59,66,0.931408
59,67,6.22608
59,68,-0.757048
59,69,2.833587
59,70,5.605588
59,71,2.347501
59,72,2.324924
59,73,-1.452782
59,74,1.037368
59,75,0.513424
59,76,-2.261281
59,77,-2.90757
59,78,5.801773
59,79,4.089703
59,80,0.293985
59,81,-3.905359
59,82,6.534109
59,83,-1.746473
59,84,1.203801
59,85,5.065008
59,86,0.051289
59,87,2.015485
59,88,1.066929
59,89,0.631122
59,90,0.420755
59,91,1.353958
59,92,-0.086709
59,93,-1.220755
59,94,0.281955
59,95,-6.49746
59,96,3.155851
59,97,-0.484344
59,98,4.771774
59,99,4.082884
59,100,-0.877878
59,101,2.050375
59,102,-3.863635
59,103,-0.26266
59,104,-1.238023
59,105,-0.11682
59,106,4.638142
59,107,-2.802899
59,108,4.819628
59,109,4.490204
59,110,0.284974
59,111,-1.181017
59,112,2.70291
59,113,8.128348
59,114,1.377065
59,115,-1.106039
59,116,-0.366993
59,117,1.696385
59,118,1.375257
59,119,0.498769
59,120,5.194953
59,121,1.617423
59,122,1.417084
59,123,2.006758
59,124,5.031118
59,125,-0.212542
59,126,1.699857
59,127,0.248171
59,128,3.234733
59,129,-0.687917
59,130,-0.651864
59,131,-1.82201
59,132,-0.741318
59,133,1.786209
59,134,0.25834
59,135,-0.64824
59,136,4.180977
59,137,6.106049
59,138,0.581821
59,139,0.645316
59,140,1.435752
59,141,2.261045
59,142,0.474668
59,143,2.630379
59,144,0.986079
59,145,6.817114
59,146,-0.498949
59,147,-1.148355
59,148,-0.108826
59,149,-0.107388
59,150,2.789327
59,151,0.472063
59,152,-0.142359
59,153,-0.795474
59,154,0.01245
59,155,0.490798
59,156,-0.332783
59,157,5.162465
59,158,4.024175
59,159,-1.700022
59,160,-1.276145
59,161,2.118196
59,162,-1.351594
59,163,2.279844
59,164,4.586341
59,165,4.492148
59,166,4.782465
59,167,2.532523
59,168,-0.8951
59,169,-4.223585
59,170,0.051028
59,171,-4.677855
59,172,0.389347
59,173,2.555394
59,174,3.401501
59,175,-0.114115
59,176,2.268078
59,177,5.075328
59,178,3.406318
59,179,-0.391824
59,180,0.796487
59,181,1.032105
59,182,5.561755
59,183,0.349059
59,184,-0.087535
59,185,-0.82547
59,186,-0.703737
59,187,-1.039592
59,188,-0.211579
59,189,-1.862568
59,190,-0.267611
59,191,0.562277
59,192,5.219938
59,193,-0.478231
59,194,-1.1296
59,195,1.811651
59,196,0.163089
59,197,6.040645
59,198,2.692141
59,199,3.18163
59,200,-6.483458
60,61,3.629328
60,62,0.572433
60,63,1.36572
60,64,-2.174753
60,65,-0.455651
60,66,-2.540096
60,67,0.311659
60,68,3.272812
60,69,-0.961709
60,70,-0.366993
60,71,0.415672
60,72,2.386577
60,73,0.370851
60,74,1.379705
60,75,-0.332117
60,76,-0.758153
60,77,4.260167
60,78,0.677556
60,79,0.727436
60,80,0.035608
60,81,2.722528
60,82,0.816294
60,83,1.827166
60,84,0.825753
60,85,-0.077154
60,86,-1.720044
60,87,2.255395
60,88,-0.381362
60,89,1.459384
60,90,-2.045341
60,91,0.719109
60,92,-6.976026
60,93,4.057795
60,94,-1.259436
60,95,-3.307612
60,96,1.289286
60,97,-0.349408
60,98,1.677024
60,99,-0.446178
60,100,1.297965
60,101,0.774253
60,102,2.509265
60,103,0.159553
60,104,4.644803
60,105,0.228839
60,106,-2.348321
60,107,-2.8361
60,108,-0.288666
60,109,0.140893
60,110,0.235116
60,111,0.292163
60,112,0.338316
60,113,-3.808693
60,114,1.93016
60,115,0.049996
60,116,-4.761896
60,117,0.829929
60,118,-5.856931
60,119,0.107969
60,120,-0.243441
60,121,-4.065914
60,122,-0.991229
60,123,2.262892
60,124,1.224226
60,125,-0.463904
60,126,-0.542002
60,127,-0.343761
60,128,-1.036115
60,129,-2.580941
60,130,-1.427997
60,131,4.61359
60,132,1.536527
60,133,1.411319
60,134,-4.685428
60,135,-0.414781
60,136,1.551757
60,137,0.255711
60,138,0.653594
60,139,-1.072894
60,140,-4.602881
60,141,-5.339053
60,142,-6.212138
60,143,-1.569663
60,144,-3.356608
60,145,0.509796
60,146,-7.027108
60,147,3.058014
60,148,-5.092515
60,149,-0.457002
60,150,0.773399
60,151,2.465874
60,152,0.113541
60,153,1.334975
60,154,-0.524629
60,155,-0.005299
60,156,3.426172
60,157,-1.144956
60,158,-1.144973
60,159,3.232993
60,160,-0.584398
60,161,-0.264155
60,162,-1.834039
60,163,-0.140602
60,164,-0.979687
60,165,-2.212068
60,166,0.691415
60,167,-1.725804
60,168,0.531943
60,169,0.5695
60,170,-0.417884
60,171,0.090211
60,172,0.978662
60,173,-2.250861
60,174,1.453538
60,175,-0.850962
60,176,2.292519
60,177,0.4235
60,178,0.847774
60,179,-1.607396
60,180,-0.613396
60,181,-0.617147
60,182,-0.849206
60,183,-2.823049
60,184,1.505278
60,185,-2.694791
60,186,3.027741
60,187,3.449581
60,188,-2.650635
60,189,4.029788
60,190,4.038145
60,191,0.487937
60,192,-0.969233
60,193,0.027302
60,194,0.211678
60,195,-0.525787
60,196,-0.177513
60,197,0.511774
60,198,-0.221589
60,199,-0.131354
60,200,-2.43764
61,62,2.653603
61,63,3.331256
61,64,2.869891
61,65,1.485039
61,66,-0.709372
61,67,4.12464
61,68,0.454391
61,69,3.457689
61,70,6.257968
61,71,1.946271
61,72,0.863167
61,73,0.424787
61,74,1.03928
61,75,1.739877
61,76,1.467194
61,77,-0.404129
61,78,4.110045
61,79,2.181477
61,80,0.893788
61,81,-1.006812
61,82,4.997319
61,83,-0.33498
61,84,1.617088
61,85,6.376605
61,86,-1.414156
61,87,1.299145
61,88,-1.626722
61,89,1.723308
61,90,-0.800853
61,91,1.517164
61,92,-4.968634
61,93,0.088727
61,94,-1.844739
61,95,-2.796902
61,96,0.752778
61,97,1.169319
61,98,2.979012
61,99,3.292138
61,100,2.375994
61,101,2.845639
61,102,-1.281015
61,103,-0.863484
61,104,0.225777
61,105,-0.959484
61,106,1.047454
61,107,-2.934115
61,108,4.44324
61,109,4.111088
61,110,-1.130878
61,111,0.528201
61,112,3.35053
61,113,0.862252
61,114,1.734898
61,115,1.357152
61,116,-4.694281
61,117,2.198033
61,118,-2.96467
61,119,1.193757
61,120,4.409422
61,121,-2.005864
61,122,0.418688
61,123,1.197211
61,124,3.069265
61,125,-0.327477
61,126,-0.198255
61,127,1.015806
61,128,2.583719
61,129,-1.235026
61,130,-1.703873
61,131,0.00621
61,132,0.395775
61,133,1.871317
61,134,-2.468604
61,135,2.833534
61,136,2.053626
61,137,4.293491
61,138,3.097546
61,139,-0.580798
61,140,-2.581958
61,141,-2.538121
61,142,-4.648016
61,143,1.271198
61,144,-1.60598
61,145,5.038044
61,146,-5.733699
61,147,0.350828
61,148,-4.286506
61,149,-1.347314
61,150,0.521797
61,151,1.141322
61,152,0.147505
61,153,1.024425
61,154,0.31373
61,155,2.222532
61,156,-0.053155
61,157,3.716232
61,158,2.043131
61,159,0.012954
61,160,-0.689566
61,161,-0.484745
61,162,-1.513973
61,163,3.355086
61,164,2.867982
61,165,0.818111
61,166,2.48206
61,167,0.396581
61,168,1.547024
61,169,-0.943732
61,170,-2.065668
61,171,-1.260516
61,172,-0.129254
61,173,-0.202882
61,174,3.249354
61,175,-1.424967
61,176,1.197177
61,177,2.564665
61,178,1.567593
61,179,-0.729693
61,180,-1.580929
61,181,1.555601
61,182,3.4331
61,183,-2.184911
61,184,-0.627994
61,185,-3.024097
61,186,-0.012736
61,187,0.139771
61,188,-3.374814
61,189,0.129776
61,190,0.08119
61,191,3.658443
61,192,2.970272
61,193,0.484071
61,194,1.498022
61,195,1.047475
61,196,2.92478
61,197,3.688727
61,198,2.809735
61,199,3.793912
61,200,-2.799092
62,63,-0.63073
62,64,-0.883754
62,65,3.673367
62,66,0.265367
62,67,2.415132
62,68,6.38966
62,69,-0.979481
62,70,0.441375
62,71,5.300916
62,72,1.51331
62,73,1.019953
62,74,7.918098
62,75,-2.313618
62,76,-0.2779
62,77,3.662676
62,78,-0.305419
62,79,0.003306
62,80,0.118626
62,81,2.182319
62,82,-0.057398
62,83,8.593571
62,84,-0.527919
62,85,0.819809
62,86,3.162804
62,87,5.556107
62,88,2.056313
62,89,3.272815
62,90,3.043734
62,91,0.122471
62,92,-5.084159
62,93,5.948903
62,94,2.697587
62,95,-3.967866
62,96,0.724284
62,97,0.29942
62,98,0.284422
62,99,1.299386
62,100,-0.24067
62,101,0.013801
62,102,4.99544
62,103,3.022996
62,104,4.836473
62,105,3.382796
62,106,-0.906113
62,107,4.305701
62,108,1.11153
62,109,0.115215
62,110,1.650076
62,111,2.600412
62,112,-1.452627
62,113,-2.535629
62,114,0.67658
62,115,0.917418
62,116,0.692394
62,117,4.311842
62,118,-5.757274
62,119,-0.304129
62,120,1.458407
62,121,-3.81316
62,122,-1.36242
62,123,5.602443
62,124,-0.062585
62,125,-1.167604
62,126,2.896068
62,127,1.816262
62,128,-0.138344
62,129,-3.136401
62,130,-0.054322
62,131,3.154904
62,132,-0.225566
62,133,5.90496
62,134,-4.799921
62,135,0.124492
62,136,0.44366
62,137,-0.513733
62,138,-0.096315
62,139,0.397159
62,140,-1.890047
62,141,-4.159825
62,142,-1.569844
62,143,0.399596
62,144,2.921232
62,145,-0.41798
62,146,-2.878615
62,147,5.744178
62,148,-0.530333
62,149,2.21283
62,150,0.358303
62,151,6.005744
62,152,0.024917
62,153,-0.853732
62,154,5.476089
62,155,0.594279
62,156,3.830137
62,157,0.012782
62,158,0.222647
62,159,2.2003
62,160,0.574513
62,161,0.168052
62,162,4.973171
62,163,-0.221319
62,164,1.672433
62,165,-1.786436
62,166,-0.069751
62,167,-1.806144
62,168,1.964638
62,169,-1.391008
62,170,4.803859
62,171,-1.395691
62,172,0.218355
62,173,-0.444148
62,174,-0.26301
62,175,0.976462
62,176,5.566594
62,177,0.845849
62,178,1.520003
62,179,4.122674
62,180,3.013577
62,181,-2.151772
62,182,1.679734
62,183,-0.714427
62,184,4.493945
62,185,0.711542
62,186,2.014356
62,187,9.864565
62,188,1.241094
62,189,3.357803
62,190,5.389476
62,191,0.01539
62,192,-0.54946
62,193,-0.491761
62,194,0.768618
62,195,4.758731
62,196,-1.32339
62,197,3.09205
62,198,2.443553
62,199,0.372057
62,200,-3.073282
63,64,2.866069
63,65,3.821953
63,66,-0.304437
63,67,6.21445
63,68,8.090212
63,69,1.237621
63,70,3.056661
63,71,6.742
63,72,-0.729746
63,73,1.009949
63,74,7.419283
63,75,-0.0179
63,76,0.785101
63,77,2.900895
63,78,0.024627
63,79,-0.821937
63,80,-0.661982
63,81,3.755644
63,82,0.188609
63,83,4.930508
63,84,-0.155731
63,85,2.864654
63,86,0.422731
63,87,9.625215
63,88,-1.625181
63,89,9.071709
63,90,1.833172
63,91,-1.467493
63,92,-0.498509
63,93,4.830985
63,94,1.808748
63,95,0.988756
63,96,-1.67324
63,97,-0.314732
63,98,-0.568606
63,99,4.882789
63,100,-0.088834
63,101,-0.628769
63,102,3.767224
63,103,-1.43021
63,104,2.815559
63,105,-1.211588
63,106,3.584836
63,107,-0.460135
63,108,3.054293
63,109,0.565345
63,110,0.542147
63,111,1.867502
63,112,-0.004237
63,113,1.800023
63,114,-0.826613
63,115,0.783365
63,116,-3.860148
63,117,6.574567
63,118,-0.891916
63,119,3.942826
63,120,4.979512
63,121,1.438156
63,122,-0.110374
63,123,10.858831
63,124,-0.387081
63,125,0.884212
63,126,4.396057
63,127,1.701605
63,128,3.045692
63,129,1.324778
63,130,-2.982027
63,131,2.828455
63,132,1.043918
63,133,8.43639
63,134,0.053297
63,135,4.388772
63,136,-1.107266
63,137,0.236006
63,138,-0.367846
63,139,3.093627
63,140,0.415167
63,141,0.20791
63,142,-2.797933
63,143,1.140162
63,144,1.675932
63,145,0.352094
63,146,-3.386961
63,147,5.976154
63,148,-3.469757
63,149,0.048089
63,150,-1.920737
63,151,9.490431
63,152,-2.155234
63,153,0.446562
63,154,2.843503
63,155,5.863058
63,156,1.990414
63,157,2.414657
63,158,1.061023
63,159,2.762485
63,160,-0.817049
63,161,-1.090267
63,162,1.181801
63,163,-0.183702
63,164,6.036522
63,165,0.128571
63,166,-0.572002
63,167,2.836868
63,168,2.882963
63,169,0.677398
63,170,0.223067
63,171,0.797403
63,172,1.02533
63,173,-0.365485
63,174,-0.106438
63,175,0.822328
63,176,9.263641
63,177,5.635748
63,178,6.896661
63,179,1.657793
63,180,3.9666
63,181,0.089717
63,182,4.722941
63,183,-1.072065
63,184,0.228955
63,185,-3.719232
63,186,2.46128
63,187,6.981053
63,188,1.200551
63,189,1.286977
63,190,2.693482
63,191,-0.385201
63,192,3.443393
63,193,3.591794
63,194,1.552416
63,195,5.172004
63,196,1.425332
63,197,7.092425
63,198,4.981444
63,199,1.092892
63,200,0.210518
64,65,1.561652
64,66,-0.078117
64,67,-0.434922
64,68,3.974858
64,69,-0.496542
64,70,-0.66976
64,71,1.885171
64,72,3.251302
64,73,-0.738496
64,74,2.623404
64,75,2.993019
64,76,-4.275126
64,77,0.734456
64,78,0.692039
64,79,-0.341311
64,80,-2.614484
64,81,-1.530125
64,82,-0.001696
64,83,1.437055
64,84,1.532916
64,85,-1.086523
64,86,1.799387
64,87,3.30422
64,88,2.564877
64,89,0.725238
64,90,0.142834
64,91,-1.517062
64,92,-0.984081
64,93,3.753913
64,94,4.106375
64,95,-6.833398
64,96,1.220423
64,97,-1.843157
64,98,1.804585
64,99,0.222488
64,100,-1.707889
64,101,-1.045519
64,102,-0.484495
64,103,0.722563
64,104,5.035295
64,105,1.289874
64,106,0.322381
64,107,-2.327999
64,108,-0.724228
64,109,-0.897345
64,110,5.520666
64,111,-0.800975
64,112,2.256942
64,113,-0.257624
64,114,0.530033
64,115,-2.099707
64,116,-0.68466
64,117,1.003716
64,118,-0.241764
64,119,-0.872466
64,120,-0.111235
64,121,0.276504
64,122,1.789048
64,123,3.630299
64,124,1.630427
64,125,3.660548
64,126,2.883257
64,127,-0.979817
64,128,-0.174868
64,129,0.393397
64,130,-2.470664
64,131,2.647306
64,132,3.275042
64,133,2.290517
64,134,-0.219099
64,135,-2.81455
64,136,1.206287
64,137,0.753324
64,138,-1.363801
64,139,1.955865
64,140,-0.124598
64,141,-0.237648
64,142,-1.770947
64,143,-0.242186
64,144,-0.827405
64,145,0.9706
64,146,-1.694477
64,147,2.693453
64,148,-1.485148
64,149,3.4809
64,150,-0.489385
64,151,3.402438
64,152,-2.296462
64,153,2.162181
64,154,1.287237
64,155,-1.617337
64,156,6.631283
64,157,-0.226601
64,158,-0.331473
64,159,1.588882
64,160,-2.758083
64,161,2.00737
64,162,-0.670726
64,163,-2.682937
64,164,0.791466
64,165,1.276647
64,166,0.170745
64,167,-0.223523
64,168,-1.759508
64,169,-2.560613
64,170,5.105205
64,171,-3.541088
64,172,5.484313
64,173,-0.099195
64,174,2.160303
64,175,4.217486
64,176,3.435196
64,177,-0.512658
64,178,0.622898
64,179,0.190524
64,180,5.20415
64,181,3.210998
64,182,0.022061
64,183,1.557375
64,184,3.800324
64,185,-2.203926
64,186,5.283718
64,187,3.427866
64,188,4.857688
64,189,1.49595
64,190,7.444405
64,191,-2.223226
64,192,-0.303407
64,193,-0.398383
64,194,-1.925167
64,195,1.305959
64,196,-1.986666
64,197,0.004959
64,198,0.682124
64,199,-1.178362
64,200,-6.340569
65,66,0.32927
65,67,-1.352811
65,68,0.573993
65,69,0.311727
65,70,0.769801
65,71,-0.003923
65,72,6.165666
65,73,-0.533026
65,74,0.068095
65,75,0.28408
65,76,-3.143662
65,77,0.86978
65,78,4.998431
65,79,4.35586
65,80,1.384634
65,81,-0.686953
65,82,4.501021
65,83,0.039666
65,84,2.87815
65,85,1.219847
65,86,0.739732
65,87,-0.430235
65,88,4.257749
65,89,-1.172603
65,90,-0.481438
65,91,2.890359
65,92,-3.366204
65,93,1.310816
65,94,0.528043
65,95,-6.645613
65,96,5.590201
65,97,0.642523
65,98,5.964594
65,99,-0.511167
65,100,-0.313265
65,101,2.864224
65,102,-0.390776
65,103,3.07152
65,104,2.956587
65,105,3.368709
65,106,-0.636509
65,107,-1.977352
65,108,1.499802
65,109,2.906471
65,110,2.710942
65,111,-0.007902
65,112,2.496105
65,113,1.102418
65,114,4.40348
65,115,-0.375084
65,116,0.245809
65,117,-0.122072
65,118,-4.312705
65,119,-2.852613
65,120,-0.432265
65,121,-4.063755
65,122,1.879433
65,123,-0.489218
65,124,5.639125
65,125,0.053036
65,126,-0.221609
65,127,0.420343
65,128,-0.620322
65,129,-3.603872
65,130,1.374165
65,131,2.187034
65,132,1.043062
65,133,-0.080232
65,134,-4.590752
65,135,-3.214881
65,136,5.783956
65,137,4.723153
65,138,1.441681
65,139,-0.925869
65,140,-0.182335
65,141,-1.526029
65,142,-1.546283
65,143,1.029336
65,144,-1.262093
65,145,4.9456
65,146,-1.914773
65,147,0.525437
65,148,-0.740861
65,149,2.158842
65,150,4.388466
65,151,-0.017013
65,152,1.967186
65,153,0.566572
65,154,-0.128206
65,155,-2.931475
65,156,3.613052
65,157,1.362142
65,158,1.99831
65,159,0.689891
65,160,0.870748
65,161,4.725976
65,162,-1.062594
65,163,1.360117
65,164,-0.140922
65,165,2.582565
65,166,4.698907
65,167,-2.843967
65,168,-0.844254
65,169,-2.84923
65,170,2.491695
65,171,-3.412991
65,172,2.437437
65,173,1.526647
65,174,4.859005
65,175,1.013899
65,176,-0.429413
65,177,-2.337622
65,178,-2.04784
65,179,-0.587072
65,180,-0.30941
65,181,0.681454
65,182,1.032601
65,183,1.46571
65,184,3.613017
65,185,0.784892
65,186,2.541712
65,187,0.787286
65,188,-0.490468
65,189,2.011907
65,190,3.86839
65,191,0.886391
65,192,-1.214474
65,193,-2.720621
65,194,-1.496525
65,195,-0.109072
65,196,-2.577231
65,197,-1.299585
65,198,-0.190548
65,199,1.721849
65,200,-5.764244
66,67,-2.508122
66,68,1.016379
66,69,-1.425215
66,70,-0.837161
66,71,0.325613
66,72,2.03392
66,73,-2.03445
66,74,0.898174
66,75,-3.197403
66,76,-5.564019
66,77,-1.265297
66,78,0.950306
66,79,0.662794
66,80,-1.478461
66,81,-3.256086
66,82,0.809882
66,83,0.71473
66,84,-0.34991
66,85,-0.815871
66,86,1.521605
66,87,-0.348279
66,88,2.084781
66,89,-2.210108
66,90,-0.082946
66,91,-0.052933
66,92,-5.298865
66,93,1.70028
66,94,0.390656
66,95,-9.218704
66,96,1.489111
66,97,-1.373857
66,98,1.422644
66,99,-1.332798
66,100,-2.991194
66,101,0.118358
66,102,-1.567362
66,103,2.559871
66,104,1.06762
66,105,2.575013
66,106,-1.622507
66,107,-1.446483
66,108,-0.402333
66,109,0.00284
66,110,1.576151
66,111,-1.06149
66,112,-1.269778
66,113,-1.744196
66,114,1.555539
66,115,-2.376117
66,116,-0.725455
66,117,-0.538161
66,118,-6.594399
66,119,-4.433152
66,120,-1.449459
66,121,-5.734526
66,122,-0.99278
66,123,-0.405655
66,124,1.189002
66,125,-2.34474
66,126,-0.064433
66,127,-0.794528
66,128,-1.76758
66,129,-5.580006
66,130,-0.688659
66,131,-0.382262
66,132,-1.912362
66,133,0.066664
66,134,-6.523098
66,135,-5.167145
66,136,1.423958
66,137,0.768434
66,138,-0.992422
66,139,-1.621743
66,140,-1.672847
66,141,-3.922671
66,142,-2.251737
66,143,-0.040078
66,144,-0.797863
66,145,0.832043
66,146,-3.208161
66,147,0.625758
66,148,-1.026257
66,149,2.037814
66,150,0.866913
66,151,0.088937
66,152,-0.731769
66,153,-2.587451
66,154,0.749453
66,155,-4.5832
66,156,1.915699
66,157,-0.058935
66,158,0.125035
66,159,-1.32049
66,160,-1.595179
66,161,1.419952
66,162,-0.277723
66,163,-1.591018
66,164,-0.450099
66,165,-0.656822
66,166,0.905259
66,167,-4.349641
66,168,-2.683428
66,169,-5.683448
66,170,1.749669
66,171,-6.133983
66,172,-0.379466
66,173,0.188214
66,174,0.562316
66,175,0.240978
66,176,-0.272041
66,177,-3.59309
66,178,-2.982288
66,179,0.170148
66,180,-0.415847
66,181,-2.654895
66,182,-0.08559
66,183,-0.045845
66,184,2.57273
66,185,-0.404772
66,186,-0.009103
66,187,1.462075
66,188,-1.13676
66,189,0.000313
66,190,2.223994
66,191,-1.662171
66,192,-2.590578
66,193,-4.381195
66,194,-3.402448
66,195,0.358008
66,196,-4.628251
66,197,-2.261517
66,198,-0.656465
66,199,-0.543546
66,200,-8.386845
67,68,2.11406
67,69,0.56345
67,70,0.462341
67,71,-0.817347
67,72,4.988695
67,73,-0.246757
67,74,-0.40176
67,75,6.920786
67,76,-0.723913
67,77,2.6508
67,78,3.666907
67,79,2.796489
67,80,-0.087823
67,81,1.252367
67,82,3.173587
67,83,-0.348877
67,84,3.972945
67,85,0.594312
67,86,-1.539781
67,87,1.227697
67,88,1.496244
67,89,1.026893
67,90,-3.215804
67,91,1.231392
67,92,-2.961737
67,93,2.721397
67,94,0.609277
67,95,-2.688021
67,96,3.173888
67,97,-0.656326
67,98,5.085411
67,99,-0.354255
67,100,1.910725
67,101,2.300703
67,102,0.510384
67,103,0.128774
67,104,6.645457
67,105,0.437963
67,106,-0.803445
67,107,-4.593303
67,108,0.137765
67,109,1.693567
67,110,3.506634
67,111,-1.056743
67,112,5.151426
67,113,-0.998662
67,114,3.173115
67,115,-0.346531
67,116,-3.46322
67,117,-0.299617
67,118,-0.33331
67,119,0.26891
67,120,-0.158708
67,121,0.003416
67,122,2.301021
67,123,1.693959
67,124,4.969384
67,125,4.131791
67,126,-0.134412
67,127,-1.248815
67,128,-0.293342
67,129,1.811581
67,130,-2.159892
67,131,4.263046
67,132,5.905333
67,133,0.030138
67,134,-0.049177
67,135,-0.331516
67,136,4.063754
67,137,3.301125
67,138,1.97399
67,139,0.07501
67,140,-2.800576
67,141,-1.445535
67,142,-5.291127
67,143,-1.276617
67,144,-4.249534
67,145,3.828106
67,146,-5.131722
67,147,1.42476
67,148,-4.654445
67,149,0.85948
67,150,1.361174
67,151,1.297183
67,152,-0.331028
67,153,5.763586
67,154,-1.902239
67,155,0.090076
67,156,6.551139
67,157,-0.112501
67,158,-0.420386
67,159,2.669143
67,160,-2.028965
67,161,1.676022
67,162,-3.456956
67,163,0.679627
67,164,-0.842792
67,165,1.290922
67,166,3.249643
67,167,-0.006674
67,168,-0.047799
67,169,1.754045
67,170,2.4659
67,171,0.652414
67,172,6.347689
67,173,-1.486113
67,174,5.440399
67,175,1.311121
67,176,1.207541
67,177,0.008135
67,178,0.374747
67,179,-2.956894
67,180,2.053086
67,181,5.761112
67,182,-0.777342
67,183,-1.136825
67,184,2.601785
67,185,-3.018827
67,186,6.886681
67,187,1.583674
67,188,1.749359
67,189,2.655881
67,190,9.11961
67,191,1.231757
67,192,0.004033
67,193,0.83607
67,194,-0.01878
67,195,-1.790325
67,196,0.131691
67,197,0.024593
67,198,-0.643883
67,199,0.711853
67,200,-2.195817
68,69,3.019486
68,70,5.083963
68,71,0.810823
68,72,4.74106
68,73,0.048187
68,74,0.145781
68,75,3.448288
68,76,3.37478
68,77,0.639703
68,78,8.10505
68,79,5.950761
68,80,3.021006
68,81,-0.202948
68,82,10.64781
68,83,-0.448673
68,84,3.565117
68,85,5.825923
68,86,-0.200768
68,87,-0.014102
68,88,1.492183
68,89,0.37241
68,90,-0.135912
68,91,5.335672
68,92,-4.203341
68,93,0.203035
68,94,-1.104828
68,95,-0.263485
68,96,5.20396
68,97,1.735457
68,98,7.921116
68,99,1.651987
68,100,5.252159
68,101,6.366046
68,102,-0.399536
68,103,2.212465
68,104,2.051912
68,105,2.002483
68,106,0.680679
68,107,-2.049222
68,108,4.674592
68,109,6.638522
68,110,0.449507
68,111,0.336177
68,112,6.545037
68,113,1.812245
68,114,5.316764
68,115,1.23093
68,116,-1.799249
68,117,1.125783
68,118,-3.193044
68,119,-0.386303
68,120,2.455705
68,121,-2.761086
68,122,1.659146
68,123,-0.125676
68,124,7.29218
68,125,0.117611
68,126,-0.575635
68,127,1.319493
68,128,1.500371
68,129,-2.100751
68,130,1.33087
68,131,0.90649
68,132,1.432929
68,133,0.68564
68,134,-3.165098
68,135,0.953481
68,136,6.81111
68,137,7.408322
68,138,4.731196
68,139,-0.906192
68,140,-1.34003
68,141,-1.810698
68,142,-2.393276
68,143,2.48686
68,144,-0.900073
68,145,9.159041
68,146,-3.629522
68,147,-0.006079
68,148,-1.621487
68,149,0.19066
68,150,4.749373
68,151,0.160922
68,152,3.356323
68,153,2.777834
68,154,-0.09325
68,155,0.329077
68,156,1.528875
68,157,4.400771
68,158,3.646914
68,159,0.219483
68,160,0.808137
68,161,2.288734
68,162,-1.052479
68,163,7.444744
68,164,1.527209
68,165,2.491222
68,166,6.156891
68,167,-0.796333
68,168,1.088902
68,169,1.514821
68,170,-0.154805
68,171,0.718919
68,172,1.175354
68,173,2.139583
68,174,7.530386
68,175,-0.492029
68,176,-0.10563
68,177,0.741969
68,178,-0.107452
68,179,-0.408838
68,180,-1.548747
68,181,2.428166
68,182,3.432605
68,183,-0.411486
68,184,1.577527
68,185,0.414507
68,186,0.974972
68,187,-0.032251
68,188,-2.500518
68,189,1.288166
68,190,2.029956
68,191,6.244062
68,192,1.661253
68,193,-0.772524
68,194,0.813205
68,195,0.582056
68,196,1.264806
68,197,1.675186
68,198,1.3109
68,199,4.968868
68,200,-0.485869
69,70,0.034947
69,71,1.007009
69,72,0.960083
69,73,0.42457
69,74,1.256881
69,75,0.799186
69,76,-2.777342
69,77,1.164891
69,78,0.247147
69,79,-0.736022
69,80,-2.237885
69,81,-0.682755
69,82,-0.177447
69,83,0.346599
69,84,1.061229
69,85,-0.233331
69,86,-0.849027
69,87,2.893593
69,88,-0.554255
69,89,2.008884
69,90,-1.87864
69,91,-1.673552
69,92,-4.036576
69,93,3.180988
69,94,0.819012
69,95,-5.373374
69,96,-0.548985
69,97,-1.230541
69,98,0.492035
69,99,0.654121
69,100,-0.603577
69,101,-0.861279
69,102,-0.533259
69,103,-1.123213
69,104,3.861687
69,105,-0.797612
69,106,-0.265456
69,107,-3.953284
69,108,0.020866
69,109,-0.559024
69,110,1.939476
69,111,-0.257299
69,112,0.881114
69,113,-1.630506
69,114,0.004589
69,115,-1.003842
69,116,-4.190635
69,117,1.490657
69,118,-2.945417
69,119,0.522763
69,120,0.544857
69,121,-0.987843
69,122,0.943281
69,123,3.121231
69,124,0.512048
69,125,2.139199
69,126,1.313141
69,127,-0.245146
69,128,0.292091
69,129,0.04732
69,130,-3.456247
69,131,3.077259
69,132,2.661091
69,133,1.870373
69,134,-1.73115
69,135,-1.206406
69,136,-0.12425
69,137,0.300014
69,138,-0.776119
69,139,1.381029
69,140,-2.335479
69,141,-2.54917
69,142,-4.882723
69,143,-0.071673
69,144,-2.907796
69,145,0.337546
69,146,-5.185304
69,147,2.376163
69,148,-4.456818
69,149,0.650012
69,150,-1.484639
69,151,2.869937
69,152,-2.605619
69,153,1.929159
69,154,-0.563911
69,155,-0.129228
69,156,3.710682
69,157,0.010106
69,158,0.007609
69,159,2.67849
69,160,-2.713318
69,161,0.219759
69,162,-2.446351
69,163,-2.109453
69,164,0.43947
69,165,-0.024406
69,166,-0.271366
69,167,0.674518
69,168,-0.327627
69,169,-1.377524
69,170,0.749199
69,171,-2.213836
69,172,2.991505
69,173,-0.532175
69,174,1.033978
69,175,1.408829
69,176,2.908957
69,177,0.584458
69,178,1.454918
69,179,-1.736058
69,180,2.167061
69,181,0.977415
69,182,0.202468
69,183,-0.905847
69,184,1.236153
69,185,-4.073063
69,186,3.944378
69,187,2.259424
69,188,-0.07205
69,189,1.677251
69,190,3.951413
69,191,-1.511184
69,192,0.290794
69,193,0.969567
69,194,-0.481316
69,195,-0.069115
69,196,-0.494429
69,197,0.884294
69,198,0.85962
69,199,-0.4804
69,200,-4.947406
70,71,1.392309
70,72,3.816819
70,73,0.911492
70,74,2.430607
70,75,2.854671
70,76,-1.668129
70,77,4.166251
70,78,1.349416
70,79,0.823231
70,80,-0.617799
70,81,1.991984
70,82,0.976582
70,83,2.684453
70,84,2.275351
70,85,-0.06857
70,86,0.519756
70,87,3.550606
70,88,2.325745
70,89,2.351239
70,90,-0.81127
70,91,0.257746
70,92,-3.476358
70,93,5.847247
70,94,2.113735
70,95,-3.589342
70,96,2.037081
70,97,-0.089644
70,98,2.43639
70,99,0.386138
70,100,0.675406
70,101,0.550463
70,102,2.534291
70,103,1.51417
70,104,8.392388
70,105,1.839129
70,106,-0.440334
70,107,-1.901261
70,108,0.009765
70,109,0.205846
70,110,4.230948
70,111,1.037348
70,112,2.260723
70,113,-1.637635
70,114,2.056281
70,115,-0.097698
70,116,-2.124288
70,117,1.50909
70,118,-2.163036
70,119,0.84605
70,120,0.305825
70,121,-0.277727
70,122,1.447233
70,123,4.030281
70,124,2.11909
70,125,3.183497
70,126,1.744176
70,127,0.34396
70,128,0.043681
70,129,1.758657
70,130,-0.864662
70,131,6.210097
70,132,4.789172
70,133,2.325157
70,134,-0.844979
70,135,-0.517549
70,136,2.05599
70,137,1.164927
70,138,0.408417
70,139,1.363802
70,140,-2.023157
70,141,-2.228861
70,142,-3.878231
70,143,-0.31514
70,144,-1.965741
70,145,1.335815
70,146,-4.171543
70,147,4.395478
70,148,-2.876732
70,149,2.55617
70,150,0.874316
70,151,3.829478
70,152,-0.373667
70,153,3.954065
70,154,0.716466
70,155,0.395527
70,156,7.464422
70,157,-0.167264
70,158,-0.107457
70,159,4.418467
70,160,-0.441334
70,161,2.473401
70,162,-0.734547
70,163,-0.871521
70,164,0.255442
70,165,0.20124
70,166,1.113495
70,167,0.423824
70,168,0.355939
70,169,0.930911
70,170,3.302861
70,171,-0.185814
70,172,4.87856
70,173,-0.491113
70,174,2.657833
70,175,2.515352
70,176,3.576605
70,177,0.58557
70,178,1.535878
70,179,-0.374533
70,180,3.583356
70,181,2.537731
70,182,-0.070807
70,183,-0.054015
70,184,3.974541
70,185,-1.490738
70,186,7.54831
70,187,4.702603
70,188,1.789327
70,189,4.240539
70,190,8.196211
70,191,-0.197188
70,192,0.068149
70,193,1.535646
70,194,0.009317
70,195,0.556245
70,196,-0.213836
70,197,0.78096
70,198,0.666181
70,199,-0.00558
70,200,-3.037527
71,72,9.606649
71,73,-0.238133
71,74,0.131378
71,75,2.493001
71,76,-1.642796
71,77,2.557977
71,78,6.74526
71,79,6.012466
71,80,2.444156
71,81,1.161154
71,82,6.403056
71,83,0.413422
71,84,4.265813
71,85,1.972549
71,86,0.884418
71,87,-0.206557
71,88,6.322777
71,89,-0.805155
71,90,-0.439139
71,91,4.907387
71,92,-1.852214
71,93,1.748692
71,94,1.182978
71,95,-4.895002
71,96,8.673077
71,97,0.920207
71,98,9.087454
71,99,-0.191225
71,100,1.588833
71,101,4.3196
71,102,0.99143
71,103,4.000717
71,104,4.92409
71,105,4.271639
71,106,-0.202191
71,107,-1.663647
71,108,2.032224
71,109,4.035224
71,110,3.807451
71,111,0.008386
71,112,4.862605
71,113,2.2868
71,114,6.471058
71,115,0.110956
71,116,1.432042
71,117,-0.042455
71,118,-2.882404
71,119,-2.102914
71,120,-0.035994
71,121,-3.055442
71,122,3.093884
71,123,-0.234315
71,124,8.278885
71,125,1.192339
71,126,0.058508
71,127,0.469752
71,128,-0.168142
71,129,-2.518303
71,130,2.243298
71,131,3.013359
71,132,2.410305
71,133,-0.031737
71,134,-3.461835
71,135,-2.259333
71,136,8.875221
71,137,6.369152
71,138,2.745465
71,139,-0.485955
71,140,0.047729
71,141,0.101262
71,142,-0.983261
71,143,1.137681
71,144,-1.182157
71,145,7.11166
71,146,-0.800212
71,147,0.713488
71,148,-0.376288
71,149,2.728605
71,150,6.671686
71,151,0.13148
71,152,3.960893
71,153,2.439462
71,154,-0.074989
71,155,-2.163735
71,156,4.859761
71,157,1.713063
71,158,2.350112
71,159,1.122711
71,160,0.891032
71,161,6.12121
71,162,-0.920693
71,163,3.089834
71,164,0.010197
71,165,4.350902
71,166,6.228106
71,167,-2.049323
71,168,-0.342241
71,169,-0.730101
71,170,3.947752
71,171,-1.480572
71,172,3.705906
71,173,1.639326
71,174,7.644622
71,175,1.677586
71,176,-0.193522
71,177,-1.692198
71,178,-1.541653
71,179,-0.544912
71,180,0.376409
71,181,2.627379
71,182,1.273137
71,183,1.874003
71,184,4.852184
71,185,1.704671
71,186,3.312724
71,187,1.243122
71,188,0.71393
71,189,3.354012
71,190,5.746277
71,191,2.554428
71,192,-0.55705
71,193,-1.948069
71,194,-0.800624
71,195,-0.13604
71,196,-1.535437
71,197,-0.854717
71,198,-0.04895
71,199,2.425178
71,200,-3.872422
72,73,0.892101
72,74,9.287767
72,75,-2.218283
72,76,-0.517236
72,77,0.551997
72,78,1.001151
72,79,1.198417
72,80,2.22806
72,81,0.200205
72,82,1.571602
72,83,5.297525
72,84,-0.465584
72,85,4.880738
72,86,2.5042
72,87,8.207919
72,88,-0.124084
72,89,4.601542
72,90,5.775088
72,91,0.542596
72,92,-1.012643
72,93,3.007775
72,94,2.978126
72,95,-4.389211
72,96,0.057973
72,97,1.582431
72,98,0.501023
72,99,4.454887
72,100,-0.952839
72,101,0.828694
72,102,1.481909
72,103,0.385423
72,104,0.978608
72,105,0.506798
72,106,2.89409
72,107,3.670642
72,108,5.386927
72,109,2.658278
72,110,0.536612
72,111,3.895969
72,112,-0.973669
72,113,1.909883
72,114,0.002272
72,115,2.106023
72,116,-1.100822
72,117,7.678993
72,118,-2.91958
72,119,0.805469
72,120,4.784633
72,121,-1.028251
72,122,-0.481206
72,123,8.567812
72,124,0.68839
72,125,-0.837115
72,126,5.987398
72,127,4.72601
72,128,2.459717
72,129,-1.803016
72,130,-0.147242
72,131,0.662793
72,132,-0.931032
72,133,8.800205
72,134,-2.472357
72,135,0.929894
72,136,0.425548
72,137,1.146842
72,138,0.414141
72,139,2.390288
72,140,1.811948
72,141,-0.608391
72,142,0.612331
72,143,3.152551
72,144,6.458725
72,145,1.375194
72,146,-0.563358
72,147,3.910129
72,148,-0.536637
72,149,0.880347
72,150,0.166182
72,151,6.512483
72,152,0.262479
72,153,-1.568872
72,154,6.063969
72,155,1.718952
72,156,0.963857
72,157,3.381007
72,158,3.204571
72,159,0.762382
72,160,2.376768
72,161,0.050624
72,162,5.400866
72,163,2.335128
72,164,6.049817
72,165,0.586257
72,166,1.102413
72,167,0.520463
72,168,3.25299
72,169,-2.964805
72,170,1.168521
72,171,-2.831784
72,172,-0.261782
72,173,1.487695
72,174,-0.158261
72,175,0.949778
72,176,8.866142
72,177,3.134051
72,178,3.932152
72,179,5.669703
72,180,4.593177
72,181,-1.672917
72,182,6.907837
72,183,0.037936
72,184,1.045508
72,185,-0.826747
72,186,0.406627
72,187,5.258387
72,188,2.13184
72,189,0.582216
72,190,1.377285
72,191,0.903737
72,192,2.256513
72,193,0.275036
72,194,0.833632
72,195,9.481243
72,196,-0.546047
72,197,5.641151
72,198,5.548001
72,199,3.166781
72,200,-4.033465
73,74,-0.422595
73,75,-1.047661
73,76,-2.216872
73,77,-0.329162
73,78,1.612777
73,79,1.085964
73,80,-0.341676
73,81,-1.349506
73,82,1.539305
73,83,-0.974083
73,84,1.386675
73,85,0.941781
73,86,-1.732517
73,87,-0.261216
73,88,-1.435727
73,89,-0.352512
73,90,-2.445157
73,91,0.21437
73,92,-6.703962
73,93,0.231001
73,94,-2.046556
73,95,-5.86131
73,96,0.264613
73,97,0.091002
73,98,1.560552
73,99,0.311976
73,100,0.210236
73,101,1.183432
73,102,-1.549605
73,103,-0.829352
73,104,0.732284
73,105,-0.796745
73,106,-1.414018
73,107,-4.131088
73,108,0.778186
73,109,1.305895
73,110,-0.836112
73,111,-0.577156
73,112,0.369019
73,113,-2.584855
73,114,1.302184
73,115,0.365943
73,116,-5.091914
73,117,0.046512
73,118,-5.960806
73,119,-1.943803
73,120,0.421607
73,121,-4.743217
73,122,-0.348234
73,123,-0.362236
73,124,1.658409
73,125,-0.995344
73,126,-0.957573
73,127,-0.437367
73,128,0.244436
73,129,-3.803517
73,130,-2.4628
73,131,0.464361
73,132,0.722664
73,133,-0.021816
73,134,-5.315843
73,135,-1.956531
73,136,1.057121
73,137,1.446099
73,138,1.341286
73,139,-1.532717
73,140,-3.966535
73,141,-4.751144
73,142,-5.859964
73,143,-0.624608
73,144,-3.50036
73,145,1.51762
73,146,-6.734354
73,147,-0.005036
73,148,-5.076482
73,149,-1.127749
73,150,-0.16182
73,151,-0.000338
73,152,-0.945489
73,153,0.029264
73,154,-1.238474
73,155,-1.746783
73,156,0.622577
73,157,0.290468
73,158,0.054598
73,159,0.307463
73,160,-1.717631
73,161,-0.439324
73,162,-2.871655
73,163,-0.014377
73,164,0.04223
73,165,-1.112724
73,166,1.453612
73,167,-2.600548
73,168,0.139886
73,169,-2.668387
73,170,-1.750755
73,171,-2.993039
73,172,0.195866
73,173,-1.413408
73,174,1.515299
73,175,-1.472353
73,176,-0.330703
73,177,-1.310521
73,178,-1.310116
73,179,-2.253409
73,180,-2.111611
73,181,-0.806626
73,182,0.040221
73,183,-2.609616
73,184,-0.070685
73,185,-3.570567
73,186,0.587306
73,187,-0.128224
73,188,-3.735746
73,189,0.558308
73,190,0.750512
73,191,0.567413
73,192,-0.422595
73,193,-1.978959
73,194,-0.261375
73,195,-1.022612
73,196,-1.513632
73,197,-0.274458
73,198,0.136229
73,199,1.10269
73,200,-5.202076
74,75,2.542394
74,76,-0.30516
74,77,1.932484
74,78,8.934965
74,79,8.564815
74,80,3.934359
74,81,0.598755
74,82,9.649263
74,83,0.138087
74,84,3.937941
74,85,3.697429
74,86,0.368
74,87,-0.710708
74,88,5.782922
74,89,-0.873068
74,90,0.583993
74,91,6.774997
74,92,-2.698624
74,93,0.880741
74,94,0.024315
74,95,-3.654428
74,96,11.232626
74,97,1.413892
74,98,12.369263
74,99,-0.04488
74,100,2.93033
74,101,5.880634
74,102,0.825163
74,103,3.863872
74,104,4.169201
74,105,3.923139
74,106,-0.471533
74,107,-0.957871
74,108,3.808325
74,109,6.380977
74,110,2.518939
74,111,0.166335
74,112,5.125984
74,113,2.422714
74,114,7.071998
74,115,0.554142
74,116,3.415548
74,117,0.232835
74,118,-3.494209
74,119,-2.180853
74,120,0.357084
74,121,-3.66402
74,122,2.343178
74,123,-0.79949
74,124,11.094803
74,125,0.405041
74,126,-0.679437
74,127,1.17443
74,128,-0.118818
74,129,-3.046971
74,130,3.316481
74,131,1.99702
74,132,1.798695
74,133,-0.032018
74,134,-4.035036
74,135,-1.666259
74,136,12.854631
74,137,8.532881
74,138,3.747403
74,139,-1.188855
74,140,-0.543203
74,141,-0.631729
74,142,0.987024
74,143,1.999432
74,144,-0.146835
74,145,10.769222
74,146,0.374882
74,147,0.137513
74,148,0.867631
74,149,1.643755
74,150,8.427079
74,151,-0.27256
74,152,4.928667
74,153,2.444956
74,154,-0.021893
74,155,-1.912037
74,156,3.564774
74,157,2.615884
74,158,3.917676
74,159,0.430553
74,160,1.781367
74,161,5.553413
74,162,-0.394563
74,163,6.142228
74,164,0.106008
74,165,5.294997
74,166,8.688054
74,167,-2.354038
74,168,0.0997
74,169,0.36572
74,170,2.621262
74,171,-0.420847
74,172,2.686575
74,173,2.456972
74,174,8.056753
74,175,0.568072
74,176,-0.754016
74,177,-1.583722
74,178,-1.757805
74,179,-0.045835
74,180,-0.794794
74,181,2.341923
74,182,2.69565
74,183,1.023959
74,184,3.812391
74,185,2.884982
74,186,2.169064
74,187,0.609669
74,188,-0.551096
74,189,2.591328
74,190,4.636117
74,191,4.48996
74,192,-0.466335
74,193,-2.189594
74,194,-0.525612
74,195,0.336671
74,196,-1.196551
74,197,-0.575407
74,198,0.099598
74,199,3.955691
74,200,-2.483902
75,76,-0.800568
75,77,1.186477
75,78,-0.725764
75,79,-2.505294
75,80,-3.356331
75,81,-0.349599
75,82,-0.397058
75,83,0.247034
75,84,-1.09666
75,85,1.701531
75,86,-2.490285
75,87,6.032517
75,88,-3.832262
75,89,4.17787
75,90,-2.40397
75,91,-3.351778
75,92,-3.045017
75,93,2.79059
75,94,-0.824305
75,95,-2.974003
75,96,-3.341247
75,97,-2.704747
75,98,-1.513638
75,99,3.639331
75,100,-0.635629
75,101,-2.114721
75,102,-0.639291
75,103,-3.883875
75,104,1.011572
75,105,-3.654194
75,106,3.057254
75,107,-4.791907
75,108,1.02495
75,109,-0.948974
75,110,-1.467659
75,111,-1.442557
75,112,0.137393
75,113,3.233691
75,114,-2.263845
75,115,-1.67032
75,116,-6.662102
75,117,2.43064
75,118,0.349795
75,119,3.959918
75,120,4.603275
75,121,2.382441
75,122,-1.232881
75,123,6.532304
75,124,-1.346473
75,125,-0.163689
75,126,1.654943
75,127,-1.611254
75,128,2.293979
75,129,1.114838
75,130,-5.680156
75,131,1.300233
75,132,0.115147
75,133,3.528777
75,134,0.726761
75,135,2.199159
75,136,-2.443858
75,137,-0.439094
75,138,-1.702218
75,139,0.800415
75,140,-2.424603
75,141,-1.081682
75,142,-5.986107
75,143,-1.430363
75,144,-2.438481
75,145,-0.038194
75,146,-6.304204
75,147,2.370192
75,148,-6.47456
75,149,-2.273694
75,150,-3.877436
75,151,4.09335
75,152,-4.450575
75,153,-0.058322
75,154,-0.957686
75,155,3.991199
75,156,0.170013
75,157,1.211492
75,158,-1.186539
75,159,1.309692
75,160,-4.120515
75,161,-3.002225
75,162,-3.070251
75,163,-1.948515
75,164,3.369812
75,165,-1.037446
75,166,-2.052198
75,167,3.690659
75,168,-0.101417
75,169,-0.168392
75,170,-2.202606
75,171,-0.620614
75,172,-0.351423
75,173,-2.808368
75,174,-0.594138
75,175,-1.37802
75,176,6.230644
75,177,7.096252
75,178,6.800266
75,179,-2.364012
75,180,1.475413
75,181,-0.103788
75,182,2.086047
75,183,-3.425324
75,184,-2.001265
75,185,-6.535334
75,186,0.854356
75,187,2.708318
75,188,-1.353787
75,189,-0.489749
75,190,0.675016
75,191,-1.741126
75,192,4.637304
75,193,3.171387
75,194,-0.11852
75,195,0.736495
75,196,1.600828
75,197,7.580507
75,198,2.148849
75,199,-0.704986
75,200,-3.120563
76,77,2.625384
76,78,-0.249656
76,79,-0.835425
76,80,-1.695582
76,81,2.799049
76,82,0.260878
76,83,0.122691
76,84,-1.04393
76,85,-0.903484
76,86,-5.263643
76,87,1.249741
76,88,-4.097169
76,89,2.226848
76,90,-4.490503
76,91,-0.885467
76,92,-9.696979
76,93,1.664422
76,94,-4.67747
76,95,-0.380902
76,96,-1.348416
76,97,-2.721779
76,98,0.800103
76,99,-2.571276
76,100,0.688814
76,101,0.092806
76,102,1.908966
76,103,-3.345936
76,104,2.393228
76,105,-3.339917
76,106,-4.78128
76,107,-5.394872
76,108,-1.552918
76,109,-0.864242
76,110,-3.123198
76,111,-1.92263
76,112,-0.41668
76,113,-6.015112
76,114,-0.059157
76,115,-1.615616
76,116,-8.423908
76,117,-0.426784
76,118,-7.628412
76,119,-0.903467
76,120,-1.981925
76,121,-5.856107
76,122,-3.393322
76,123,2.662296
76,124,0.369358
76,125,-2.524586
76,126,-3.779398
76,127,-2.441693
76,128,-3.209788
76,129,-3.725713
76,130,-4.721708
76,131,1.878803
76,132,-0.104165
76,133,0.287818
76,134,-6.321074
76,135,0.776793
76,136,-0.010359
76,137,-0.955195
76,138,-0.226962
76,139,-3.963723
76,140,-7.643688
76,141,-7.826792
76,142,-9.539877
76,143,-4.118038
76,144,-6.10062
76,145,-0.36185
76,146,-10.41114
76,147,1.838684
76,148,-8.558933
76,149,-4.046287
76,150,-1.955637
76,151,2.350824
76,152,-2.37588
76,153,0.698297
76,154,-3.376951
76,155,1.176213
76,156,0.207772
76,157,-3.11711
76,158,-3.419227
76,159,0.625324
76,160,-3.232967
76,161,-3.719465
76,162,-4.42295
76,163,-0.06693
76,164,-3.429507
76,165,-4.618096
76,166,-0.923837
76,167,-3.632394
76,168,-0.27997
76,169,2.13084
76,170,-4.00895
76,171,2.127251
76,172,-1.533877
76,173,-5.16978
76,174,0.770128
76,175,-4.119963
76,176,0.695708
76,177,-1.037851
76,178,-0.836693
76,179,-4.286841
76,180,-3.646982
76,181,-1.752537
76,182,-2.615315
76,183,-6.12777
76,184,-2.143034
76,185,-6.111376
76,186,0.546423
76,187,2.375021
76,188,-5.795154
76,189,0.486927
76,190,1.346243
76,191,0.237478
76,192,-2.887152
76,193,-0.802366
76,194,-1.153691
76,195,-2.686356
76,196,-1.628639
76,197,-0.57679
76,198,-2.482252
76,199,-1.470866
76,200,0.13951
77,78,4.360761
77,79,2.833691
77,80,3.05784
77,81,0.112096
77,82,5.417408
77,83,0.821586
77,84,0.815827
77,85,6.379527
77,86,-2.769943
77,87,0.541537
77,88,-2.278654
77,89,1.765406
77,90,0.93367
77,91,2.19958
77,92,-7.109568
77,93,-0.173764
77,94,-3.440329
77,95,-1.443805
77,96,0.996922
77,97,1.435589
77,98,3.230007
77,99,1.156371
77,100,2.352031
77,101,3.121903
77,102,-0.093221
77,103,-1.397953
77,104,0.009869
77,105,-1.579875
77,106,-1.400807
77,107,-0.626804
77,108,5.243798
77,109,5.127959
77,110,-2.357758
77,111,1.883439
77,112,2.677504
77,113,-1.46004
77,114,1.461614
77,115,2.138589
77,116,-5.222596
77,117,3.284213
77,118,-5.5661
77,119,-0.427817
77,120,2.34511
77,121,-4.446867
77,122,-1.061993
77,123,0.53602
77,124,3.264612
77,125,-1.812272
77,126,-2.030126
77,127,3.110896
77,128,0.276321
77,129,-3.312749
77,130,-0.872261
77,131,-0.194759
77,132,-0.376469
77,133,2.570403
77,134,-4.916906
77,135,2.042721
77,136,2.425628
77,137,4.192688
77,138,2.735002
77,139,-2.399408
77,140,-4.368937
77,141,-4.771799
77,142,-5.245486
77,143,0.830171
77,144,-0.56206
77,145,5.230123
77,146,-6.92338
77,147,0.546331
77,148,-4.710859
77,149,-2.574292
77,150,0.965694
77,151,1.348442
77,152,1.085237
77,153,0.742744
77,154,0.6724
77,155,1.201187
77,156,-0.806026
77,157,2.164407
77,158,2.01534
77,159,-0.418436
77,160,1.610021
77,161,-1.264934
77,162,0.649596
77,163,5.758599
77,164,0.587092
77,165,-0.722968
77,166,2.77559
77,167,-1.945245
77,168,2.768846
77,169,-0.284475
77,170,-3.234977
77,171,-0.349363
77,172,-1.303707
77,173,-0.952924
77,174,3.087667
77,175,-2.885726
77,176,0.23308
77,177,0.684941
77,178,-0.104588
77,179,1.000786
77,180,-3.295262
77,181,0.130726
77,182,3.941268
77,183,-3.534879
77,184,-1.471179
77,185,-2.699824
77,186,-0.782459
77,187,0.467379
77,188,-5.069501
77,189,-0.143411
77,190,-0.486234
77,191,4.162791
77,192,0.39891
77,193,-0.940385
77,194,1.17051
77,195,2.910365
77,196,0.706503
77,197,2.3692
77,198,1.444671
77,199,4.477931
77,200,-1.365269
78,79,-0.260599
78,80,-0.469171
78,81,2.802136
78,82,-0.043721
78,83,6.606073
78,84,0.235274
78,85,1.284065
78,86,3.759826
78,87,9.110796
78,88,1.013387
78,89,5.399068
78,90,3.569394
78,91,-0.582357
78,92,-2.620462
78,93,6.923477
78,94,4.818179
78,95,-2.682954
78,96,-0.085851
78,97,0.163079
78,98,0.140111
78,99,2.851625
78,100,0.10116
78,101,-0.20831
78,102,4.283375
78,103,1.298862
78,104,4.669781
78,105,1.642169
78,106,1.187187
78,107,1.704322
78,108,1.61776
78,109,0.180469
78,110,2.522306
78,111,2.38392
78,112,-0.396403
78,113,-0.610919
78,114,0.331208
78,115,0.798707
78,116,-0.682082
78,117,5.299155
78,118,-3.244917
78,119,2.383878
78,120,2.793044
78,121,-1.08052
78,122,-0.07716
78,123,9.095148
78,124,0.067999
78,125,0.664141
78,126,5.290216
78,127,1.811851
78,128,1.463829
78,129,-0.535059
78,130,-1.280736
78,131,4.062938
78,132,1.215151
78,133,7.513593
78,134,-2.197195
78,135,1.793346
78,136,-0.043714
78,137,-0.006817
78,138,-0.089688
78,139,2.701911
78,140,0.216951
78,141,-1.946585
78,142,0.196097
78,143,1.156161
78,144,3.534482
78,145,-0.002843
78,146,-0.867336
78,147,7.129225
78,148,-0.605429
78,149,2.589735
78,150,-0.509474
78,151,8.335604
78,152,-0.978267
78,153,0.447197
78,154,5.702441
78,155,2.998813
78,156,3.979744
78,157,1.079544
78,158,0.790802
78,159,3.677598
78,160,-0.205228
78,161,0.413789
78,162,3.505577
78,163,-0.693426
78,164,3.443429
78,165,-0.438429
78,166,-0.102834
78,167,0.702069
78,168,2.077953
78,169,0.098796
78,170,3.489771
78,171,0.154376
78,172,1.614082
78,173,0.30719
78,174,0.179062
78,175,2.558704
78,176,9.110883
78,177,3.421852
78,178,4.535507
78,179,4.045453
78,180,5.49897
78,181,-0.53287
78,182,2.693744
78,183,0.510903
78,184,3.143242
78,185,-1.194554
78,186,3.303297
78,187,8.989582
78,188,3.46149
78,189,3.229153
78,190,4.904304
78,191,-0.340807
78,192,1.362171
78,193,2.151411
78,194,1.287654
78,195,6.222776
78,196,0.40402
78,197,4.406374
78,198,3.738519
78,199,0.563127
78,200,-2.053186
79,80,0.067034
79,81,1.348182
79,82,-0.041054
79,83,7.733349
79,84,-0.588241
79,85,1.081831
79,86,3.97108
79,87,5.718919
79,88,1.72829
79,89,2.97667
79,90,3.53139
79,91,0.011712
79,92,-4.467621
79,93,5.370575
79,94,3.506569
79,95,-4.674314
79,96,0.490475
79,97,0.406827
79,98,0.156094
79,99,1.817889
79,100,-0.484759
79,101,-0.000914
79,102,3.968197
79,103,2.656202
79,104,4.068938
79,105,3.003942
79,106,-0.3483
79,107,3.919711
79,108,1.396163
79,109,0.241851
79,110,1.62064
79,111,2.658629
79,112,-1.542427
79,113,-1.940461
79,114,0.492622
79,115,1.023161
79,116,0.750796
79,117,4.501991
79,118,-5.452184
79,119,-0.449466
79,120,1.983193
79,121,-3.533293
79,122,-1.256164
79,123,5.763055
79,124,-0.097215
79,125,-1.201045
79,126,3.686166
79,127,1.949266
79,128,0.250924
79,129,-3.142769
79,130,-0.231802
79,131,2.556388
79,132,-0.48391
79,133,6.112043
79,134,-4.601061
79,135,-0.337141
79,136,0.280482
79,137,-0.407883
79,138,-0.089366
79,139,0.774714
79,140,-1.200548
79,141,-3.655316
79,142,-0.677212
79,143,0.789099
79,144,4.010769
79,145,-0.336609
79,146,-1.988092
79,147,5.207812
79,148,-0.115335
79,149,2.264798
79,150,0.182588
79,151,5.844759
79,152,-0.129137
79,153,-1.155961
79,154,6.342509
79,155,0.234217
79,156,3.322141
79,157,0.435493
79,158,0.541338
79,159,1.805391
79,160,0.475301
79,161,0.174368
79,162,5.333546
79,163,-0.272934
79,164,2.380484
79,165,-1.473812
79,166,-0.042511
79,167,-1.606384
79,168,1.824453
79,169,-2.077281
79,170,4.565971
79,171,-2.106883
79,172,0.09765
79,173,-0.105973
79,174,-0.38304
79,175,1.198565
79,176,5.86134
79,177,0.909615
79,178,1.614385
79,179,4.668139
79,180,3.788304
79,181,-2.231671
79,182,2.181343
79,183,-0.387062
79,184,4.012581
79,185,0.402021
79,186,1.651164
79,187,8.850273
79,188,2.081219
79,189,2.836895
79,190,4.679448
79,191,-0.0075
79,192,-0.195425
79,193,-0.671036
79,194,0.784394
79,195,5.487689
79,196,-1.409811
79,197,3.265987
79,198,3.025004
79,199,0.556976
79,200,-3.837134
80,81,0.965918
80,82,0.180781
80,83,5.150405
80,84,-1.240257
80,85,-0.045128
80,86,0.14761
80,87,1.558173
80,88,1.670064
80,89,0.264342
80,90,0.493352
80,91,0.710081
80,92,-7.734006
80,93,3.400178
80,94,-0.65819
80,95,-5.324214
80,96,1.657346
80,97,-0.25573
80,98,0.732748
80,99,-0.627272
80,100,-0.376718
80,101,0.165624
80,102,5.062142
80,103,4.733716
80,104,5.466882
80,105,4.623203
80,106,-3.186865
80,107,1.592908
80,108,-0.028974
80,109,-0.21036
80,110,-0.291711
80,111,1.318281
80,112,-2.007535
80,113,-4.541691
80,114,1.108095
80,115,0.268874
80,116,-2.14293
80,117,1.736107
80,118,-8.044233
80,119,-2.840567
80,120,-0.203236
80,121,-6.392231
80,122,-2.725828
80,123,1.521299
80,124,-0.040634
80,125,-2.96346
80,126,-0.369272
80,127,0.554621
80,128,-1.945637
80,129,-5.476645
80,130,0.360247
80,131,2.033424
80,132,-1.521912
80,133,2.494676
80,134,-7.178794
80,135,-2.174389
80,136,1.127232
80,137,-0.92381
80,138,-0.164794
80,139,-2.219021
80,140,-4.425175
80,141,-6.425588
80,142,-4.311389
80,143,-1.058095
80,144,-0.153094
80,145,-0.609316
80,146,-5.726405
80,147,2.76016
80,148,-2.939784
80,149,0.074459
80,150,1.107491
80,151,2.349988
80,152,0.729955
80,153,-1.782158
80,154,2.616239
80,155,-2.067925
80,156,2.982441
80,157,-1.334292
80,158,-0.947824
80,159,0.378021
80,160,0.150575
80,161,-0.761328
80,162,1.866565
80,163,0.042245
80,164,-0.586831
80,165,-3.240525
80,166,-0.182513
80,167,-4.218066
80,168,0.397113
80,169,-2.304923
80,170,1.423058
80,171,-2.545987
80,172,-1.312127
80,173,-1.924627
80,174,-0.315407
80,175,-1.391445
80,176,1.515808
80,177,-1.934857
80,178,-1.580943
80,179,1.402832
80,180,-0.677836
80,181,-3.398589
80,182,-0.079439
80,183,-2.751734
80,184,4.59732
80,185,1.718013
80,186,0.466162
80,187,5.430553
80,188,-2.294186
80,189,3.146711
80,190,6.237024
80,191,0.395181
80,192,-2.516542
80,193,-2.972547
80,194,-0.704997
80,195,1.861791
80,196,-3.018676
80,197,0.089722
80,198,0.560884
80,199,-0.248664
80,200,-4.233295
81,82,5.291609
81,83,0.086431
81,84,-0.358247
81,85,3.31072
81,86,-4.116886
81,87,-0.688067
81,88,-3.292404
81,89,0.301066
81,90,-1.790806
81,91,1.411321
81,92,-8.946769
81,93,-0.726812
81,94,-4.705924
81,95,-0.561456
81,96,0.378836
81,97,-0.203241
81,98,3.120095
81,99,-0.500488
81,100,3.672575
81,101,2.192914
81,102,-0.024993
81,103,-2.054185
81,104,0.233746
81,105,-2.239286
81,106,-3.220977
81,107,-2.945898
81,108,2.09442
81,109,2.624845
81,110,-3.439578
81,111,0.769189
81,112,1.890481
81,113,-3.658216
81,114,1.16911
81,115,1.11736
81,116,-6.850065
81,117,1.4566
81,118,-7.269483
81,119,-1.857679
81,120,0.667638
81,121,-6.030183
81,122,-2.648308
81,123,-0.720992
81,124,2.264549
81,125,-3.15863
81,126,-3.421555
81,127,0.390675
81,128,-1.439652
81,129,-4.799386
81,130,-2.374603
81,131,-0.466839
81,132,-1.30266
81,133,1.028105
81,134,-6.504394
81,135,0.523302
81,136,2.010473
81,137,1.976828
81,138,1.880097
81,139,-3.821969
81,140,-6.228945
81,141,-6.700645
81,142,-7.393178
81,143,-1.440682
81,144,-3.289734
81,145,3.52138
81,146,-8.849489
81,147,-0.216417
81,148,-6.566242
81,149,-3.692435
81,150,0.070948
81,151,0.165953
81,152,0.024645
81,153,0.087475
81,154,-0.811552
81,155,-0.295958
81,156,-1.246139
81,157,-0.161616
81,158,-0.508681
81,159,-1.127419
81,160,-0.642119
81,161,-2.650296
81,162,-1.857078
81,163,5.367799
81,164,-1.220742
81,165,-2.840118
81,166,1.213766
81,167,-3.48094
81,168,1.477256
81,169,0.953014
81,170,-4.200356
81,171,0.444418
81,172,-2.406262
81,173,-2.97377
81,174,3.138163
81,175,-4.133329
81,176,-0.993407
81,177,-0.721566
81,178,-1.532337
81,179,-1.567252
81,180,-4.546558
81,181,-1.516334
81,182,0.845805
81,183,-5.088665
81,184,-2.022099
81,185,-4.000638
81,186,-1.468029
81,187,-0.109836
81,188,-6.384431
81,189,-0.238598
81,190,-0.573925
81,191,4.486676
81,192,-1.220942
81,193,-2.331812
81,194,-0.004773
81,195,0.068131
81,196,-0.714357
81,197,0.940498
81,198,-0.125401
81,199,1.878261
81,200,-0.112232
82,83,8.783687
82,84,0.249949
82,85,1.291924
82,86,4.369128
82,87,8.706124
82,88,1.828805
82,89,7.526827
82,90,4.074222
82,91,-0.147769
82,92,-3.37575
82,93,7.930446
82,94,4.463198
82,95,0.378963
82,96,0.428354
82,97,0.40602
82,98,0.357038
82,99,2.190996
82,100,0.18589
82,101,-0.013971
82,102,6.774984
82,103,2.251898
82,104,6.191786
82,105,2.628261
82,106,0.388568
82,107,3.52047
82,108,1.695079
82,109,0.27315
82,110,2.886693
82,111,2.94676
82,112,-0.398135
82,113,-1.402543
82,114,0.664456
82,115,1.102032
82,116,0.385709
82,117,5.713114
82,118,-3.662203
82,119,2.200494
82,120,2.217323
82,121,-1.474324
82,122,-0.271069
82,123,10.056748
82,124,0.14975
82,125,0.730953
82,126,4.505386
82,127,2.304313
82,128,0.848199
82,129,-0.388296
82,130,-0.53013
82,131,5.025365
82,132,1.624928
82,133,7.938218
82,134,-2.480566
82,135,2.94045
82,136,0.300968
82,137,-0.144657
82,138,0.007633
82,139,2.065343
82,140,-0.630342
82,141,-2.643497
82,142,-0.569038
82,143,0.921719
82,144,3.751533
82,145,-0.117864
82,146,-1.683272
82,147,8.119456
82,148,0.003346
82,149,3.017595
82,150,0.000637
82,151,10.017631
82,152,-0.367307
82,153,0.833065
82,154,6.430617
82,155,4.140138
82,156,4.999336
82,157,0.631182
82,158,0.649488
82,159,4.054058
82,160,0.681717
82,161,0.592922
82,162,5.227937
82,163,-0.17051
82,164,2.653508
82,165,-0.872319
82,166,0.006878
82,167,0.206731
82,168,2.72906
82,169,1.436124
82,170,4.723122
82,171,1.473866
82,172,1.931962
82,173,0.087798
82,174,0.275899
82,175,2.42377
82,176,8.443292
82,177,2.713075
82,178,3.917806
82,179,5.011081
82,180,5.26521
82,181,-0.419142
82,182,2.473944
82,183,0.259114
82,184,4.174888
82,185,-0.189016
82,186,4.133847
82,187,11.290795
82,188,3.33505
82,189,3.837451
82,190,6.472384
82,191,-0.076898
82,192,0.683144
82,193,2.31872
82,194,1.20401
82,195,6.008502
82,196,0.056591
82,197,3.907543
82,198,3.204061
82,199,0.635037
82,200,0.393071
83,84,1.968206
83,85,5.00819
83,86,-1.136901
83,87,-1.264266
83,88,1.835712
83,89,-0.882898
83,90,1.697082
83,91,6.597533
83,92,-5.92046
83,93,-0.225383
83,94,-2.245056
83,95,-3.379054
83,96,6.972226
83,97,1.613047
83,98,8.839111
83,99,-0.405852
83,100,2.593893
83,101,5.754913
83,102,0.249615
83,103,2.063015
83,104,2.041589
83,105,1.856672
83,106,-1.81743
83,107,-0.11859
83,108,5.288665
83,109,7.956311
83,110,-0.398123
83,111,0.433869
83,112,2.857577
83,113,-0.371295
83,114,5.178625
83,115,0.791435
83,116,-0.75091
83,117,0.723749
83,118,-5.968184
83,119,-2.808597
83,120,0.279647
83,121,-5.486229
83,122,-0.095168
83,123,-1.375965
83,124,7.391498
83,125,-1.751587
83,126,-2.06948
83,127,2.02766
83,128,-0.853525
83,129,-4.689046
83,130,3.951173
83,131,0.532849
83,132,-0.094644
83,133,0.226865
83,134,-5.934961
83,135,-1.486015
83,136,8.619091
83,137,5.87784
83,138,3.485627
83,139,-2.669879
83,140,-2.864399
83,141,-3.75801
83,142,-1.240771
83,143,2.28081
83,144,0.943208
83,145,7.355156
83,146,-3.656624
83,147,-0.400831
83,148,-0.684146
83,149,-0.653518
83,150,6.617953
83,151,-0.505216
83,152,5.113175
83,153,0.838924
83,154,0.040583
83,155,-1.992139
83,156,1.079363
83,157,2.473679
83,158,5.024654
83,159,-0.667488
83,160,2.798352
83,161,2.060097
83,162,0.340667
83,163,7.927749
83,164,-0.324371
83,165,1.462027
83,166,6.890659
83,167,-3.546594
83,168,0.483181
83,169,-0.053259
83,170,-0.591709
83,171,-0.570584
83,172,-0.086696
83,173,1.583947
83,174,5.597085
83,175,-1.707052
83,176,-1.421938
83,177,-1.981826
83,178,-2.37366
83,179,0.631729
83,180,-2.913219
83,181,-0.15677
83,182,4.038547
83,183,-1.479913
83,184,1.327101
83,185,2.354749
83,186,0.037806
83,187,-0.043389
83,188,-3.605015
83,189,1.210886
83,190,1.883637
83,191,5.006741
83,192,-1.251781
83,193,-3.012069
83,194,-0.6923
83,195,1.076303
83,196,-1.72981
83,197,-0.564565
83,198,-0.006531
83,199,5.00889
83,200,-2.221302
84,85,1.896411
84,86,-0.10721
84,87,5.252105
84,88,-1.540614
84,89,4.026586
84,90,0.210956
84,91,-1.279257
84,92,-3.293541
84,93,2.817305
84,94,0.568344
84,95,-4.718461
84,96,-1.285971
84,97,-0.346578
84,98,-0.227826
84,99,3.689505
84,100,0.05734
84,101,-0.402628
84,102,0.090208
84,103,-1.282408
84,104,1.302465
84,105,-1.111546
84,106,1.524715
84,107,-2.192657
84,108,2.142551
84,109,0.42014
84,110,0.230617
84,111,0.988804
84,112,-0.313198
84,113,-0.084672
84,114,-0.436296
84,115,0.349708
84,116,-4.119939
84,117,4.622893
84,118,-3.090898
84,119,1.626781
84,120,3.649438
84,121,-1.235761
84,122,-0.005846
84,123,5.140344
84,124,-0.066508
84,125,0.265931
84,126,2.529132
84,127,0.866738
84,128,2.393477
84,129,-0.820896
84,130,-2.994154
84,131,1.327991
84,132,0.204407
84,133,4.948186
84,134,-2.181871
84,135,0.521479
84,136,-0.72387
84,137,0.391546
84,138,-0.116726
84,139,2.33034
84,140,-0.927496
84,141,-1.658471
84,142,-3.644817
84,143,1.27307
84,144,-0.422997
84,145,0.435435
84,146,-4.364351
84,147,3.117655
84,148,-3.768103
84,149,-0.091523
84,150,-1.609656
84,151,4.664263
84,152,-2.090177
84,153,-0.378929
84,154,1.61701
84,155,1.619446
84,156,1.167638
84,157,2.037099
84,158,1.105959
84,159,1.627487
84,160,-1.669829
84,161,-0.775771
84,162,-0.496892
84,163,-0.848005
84,164,3.488888
84,165,0.248714
84,166,-0.27496
84,167,0.809002
84,168,1.260509
84,169,-2.07852
84,170,-0.458586
84,171,-2.232782
84,172,0.511205
84,173,-0.104302
84,174,0.032004
84,175,0.499648
84,176,5.140569
84,177,3.068744
84,178,3.627066
84,179,0.27557
84,180,1.519586
84,181,-0.673309
84,182,3.415145
84,183,-1.040254
84,184,0.094504
84,185,-3.736627
84,186,1.210435
84,187,3.255283
84,188,-0.748708
84,189,1.127668
84,190,1.360615
84,191,-0.419865
84,192,2.106314
84,193,1.302711
84,194,1.378764
84,195,2.81677
84,196,0.595641
84,197,4.388907
84,198,4.399182
84,199,0.831124
84,200,-4.290073
85,86,1.388423
85,87,4.140425
85,88,4.012039
85,89,2.498448
85,90,-0.019407
85,91,1.268562
85,92,-4.337569
85,93,7.163487
85,94,2.349182
85,95,-2.754975
85,96,3.255207
85,97,-0.006327
85,98,2.771261
85,99,0.35087
85,100,1.563481
85,101,1.031902
85,102,5.843276
85,103,4.357035
85,104,9.948043
85,105,4.568486
85,106,-0.812475
85,107,0.336568
85,108,-0.015214
85,109,0.303448
85,110,3.585556
85,111,1.139589
85,112,1.719898
85,113,-2.295723
85,114,2.888449
85,115,0.132688
85,116,-1.043848
85,117,1.77637
85,118,-3.481381
85,119,1.04683
85,120,0.294153
85,121,-1.479726
85,122,0.620238
85,123,4.56185
85,124,2.05586
85,125,1.900074
85,126,2.075595
85,127,0.386589
85,128,-0.144987
85,129,0.156312
85,130,0.905549
85,131,7.346891
85,132,3.683231
85,133,2.856054
85,134,-2.171051
85,135,-0.184027
85,136,2.769425
85,137,0.909781
85,138,0.818704
85,139,1.11415
85,140,-2.311365
85,141,-3.153935
85,142,-3.48807
85,143,-0.487371
85,144,-0.874363
85,145,1.167395
85,146,-4.071092
85,147,5.015024
85,148,-2.164904
85,149,2.794833
85,150,2.115956
85,151,4.345937
85,152,1.021963
85,153,3.264066
85,154,1.931356
85,155,0.595847
85,156,8.012055
85,157,-0.416038
85,158,-0.353586
85,159,4.666312
85,160,0.047952
85,161,1.721877
85,162,0.928671
85,163,-0.09114
85,164,0.267397
85,165,-0.653641
85,166,1.151576
85,167,0.109583
85,168,0.624159
85,169,1.953075
85,170,4.218794
85,171,0.823665
85,172,3.487524
85,173,-0.791825
85,174,2.579379
85,175,2.073401
85,176,4.2534
85,177,0.75073
85,178,1.756281
85,179,0.759657
85,180,3.436104
85,181,1.333207
85,182,-0.108487
85,183,-0.398964
85,184,6.287051
85,185,1.353055
85,186,6.037137
85,187,6.917288
85,188,1.510175
85,189,6.223179
85,190,9.876917
85,191,0.607722
85,192,-0.118539
85,193,1.696731
85,194,0.239221
85,195,1.282668
85,196,-0.012407
85,197,0.938657
85,198,0.752167
85,199,0.036399
85,200,-1.961579
86,87,-0.238448
86,88,1.956083
86,89,-1.280381
86,90,0.971523
86,91,0.898782
86,92,-3.607763
86,93,-0.601057
86,94,-0.38885
86,95,-9.211568
86,96,3.647424
86,97,-0.707521
86,98,3.949318
86,99,-0.450281
86,100,-3.280686
86,101,0.839797
86,102,-3.378177
86,103,0.314501
86,104,-0.86638
86,105,0.479473
86,106,-0.985361
86,107,-1.990732
86,108,2.43517
86,109,2.935726
86,110,0.965043
86,111,-0.695876
86,112,-0.456198
86,113,0.887021
86,114,0.744084
86,115,-1.805231
86,116,0.698686
86,117,0.798048
86,118,-5.292097
86,119,-3.750784
86,120,-0.423588
86,121,-4.87526
86,122,0.111975
86,123,-0.344764
86,124,4.103381
86,125,-1.552489
86,126,-0.430909
86,127,0.670523
86,128,-1.017776
86,129,-4.791772
86,130,0.161187
86,131,-1.659773
86,132,-1.816912
86,133,0.694322
86,134,-5.596349
86,135,-4.500619
86,136,4.057666
86,137,3.89242
86,138,-0.923994
86,139,-1.143337
86,140,-0.607592
86,141,-1.935155
86,142,0.801281
86,143,2.322938
86,144,0.365435
86,145,4.471093
86,146,-0.939883
86,147,-0.496474
86,148,0.802222
86,149,0.445542
86,150,3.367613
86,151,0.276972
86,152,-0.06641
86,153,-2.600668
86,154,0.06207
86,155,-3.833742
86,156,0.199901
86,157,1.739033
86,158,3.416674
86,159,-1.705818
86,160,-0.716079
86,161,2.703081
86,162,-0.772625
86,163,0.522276
86,164,0.306632
86,165,2.6871
86,166,4.555668
86,167,-3.638146
86,168,-1.941709
86,169,-6.136908
86,170,0.503692
86,171,-6.484754
86,172,0.25177
86,173,2.969708
86,174,1.468499
86,175,0.229175
86,176,-0.306676
86,177,-2.824887
86,178,-2.28967
86,179,0.042131
86,180,-0.987509
86,181,-1.690684
86,182,2.734547
86,183,0.737342
86,184,0.536442
86,185,0.201489
86,186,-0.540292
86,187,-0.588872
86,188,-1.319345
86,189,-1.617157
86,190,0.316906
86,191,-1.316576
86,192,-1.881278
86,193,-3.740166
86,194,-2.90518
86,195,1.097404
86,196,-4.123446
86,197,-1.314861
86,198,0.364541
86,199,1.526668
86,200,-8.582871
87,88,4.824462
87,89,0.044439
87,90,-1.479137
87,91,3.559094
87,92,-0.474461
87,93,0.522672
87,94,0.719506
87,95,-2.276756
87,96,6.820458
87,97,0.48057
87,98,9.713829
87,99,1.039994
87,100,3.620976
87,101,4.72354
87,102,-1.122495
87,103,1.74565
87,104,3.143221
87,105,2.068207
87,106,1.10275
87,107,-3.524331
87,108,3.307728
87,109,5.685124
87,110,3.399822
87,111,-0.742485
87,112,8.444689
87,113,3.696456
87,114,5.091835
87,115,0.231937
87,116,-0.037856
87,117,0.113595
87,118,-0.528903
87,119,-0.193318
87,120,1.556481
87,121,-1.075011
87,122,4.180186
87,123,-0.001989
87,124,9.457694
87,125,2.371844
87,126,0.003741
87,127,-0.031283
87,128,1.263296
87,129,-0.506086
87,130,0.011598
87,131,1.564888
87,132,3.30507
87,133,-0.133821
87,134,-1.326602
87,135,0.283121
87,136,8.117198
87,137,8.596539
87,138,3.801736
87,139,0.003699
87,140,0.101849
87,141,1.892283
87,142,-1.849729
87,143,1.132514
87,144,-2.189901
87,145,10.088865
87,146,-1.37307
87,147,-0.185342
87,148,-1.737339
87,149,1.758651
87,150,4.354279
87,151,-0.121758
87,152,1.630651
87,153,4.465504
87,154,-1.218519
87,155,-0.023448
87,156,3.509419
87,157,2.945581
87,158,2.638801
87,159,0.719943
87,160,-0.676473
87,161,5.071772
87,162,-2.459159
87,163,4.855242
87,164,0.783306
87,165,5.66401
87,166,6.395756
87,167,-0.07733
87,168,0.211479
87,169,0.881993
87,170,3.03013
87,171,0.109794
87,172,4.162166
87,173,1.276923
87,174,9.991639
87,175,1.44028
87,176,-0.001564
87,177,0.428923
87,178,-0.028696
87,179,-1.782883
87,180,0.290482
87,181,5.394106
87,182,2.041732
87,183,1.354379
87,184,3.064157
87,185,-0.592046
87,186,2.868574
87,187,-0.256311
87,188,0.713568
87,189,1.39097
87,190,4.160831
87,191,4.09061
87,192,1.526915
87,193,-0.26314
87,194,0.400851
87,195,-0.713572
87,196,1.102361
87,197,0.916783
87,198,0.479164
87,199,3.610542
87,200,-2.030045
88,89,0.66523
88,90,4.691449
88,91,0.753929
88,92,-2.148687
88,93,0.403281
88,94,2.122547
88,95,-8.211258
88,96,0.546276
88,97,0.239238
88,98,0.722463
88,99,2.06956
88,100,-3.211571
88,101,0.518604
88,102,-1.891407
88,103,0.092006
88,104,-1.007146
88,105,0.196016
88,106,1.162568
88,107,1.851493
88,108,4.675585
88,109,3.106036
88,110,-0.298844
88,111,0.635231
88,112,-2.081926
88,113,1.197401
88,114,-0.585597
88,115,-0.697204
88,116,-0.416861
88,117,3.581311
88,118,-4.657761
88,119,-2.311255
88,120,2.203592
88,121,-3.292587
88,122,-1.440429
88,123,4.987691
88,124,0.908099
88,125,-2.521459
88,126,4.493633
88,127,2.416348
88,128,0.47114
88,129,-4.236422
88,130,0.590496
88,131,-1.749922
88,132,-2.813824
88,133,4.902979
88,134,-4.632279
88,135,-2.911593
88,136,0.842113
88,137,1.15149
88,138,-0.881971
88,139,0.518009
88,140,1.181189
88,141,-1.595026
88,142,1.448958
88,143,3.158639
88,144,6.41535
88,145,1.548356
88,146,-0.033599
88,147,0.746437
88,148,0.127407
88,149,0.138143
88,150,0.680472
88,151,2.953655
88,152,0.662155
88,153,-3.496663
88,154,4.107776
88,155,-2.032863
88,156,-0.506105
88,157,2.772122
88,158,3.668571
88,159,-1.780511
88,160,1.114711
88,161,0.025386
88,162,3.352067
88,163,1.901911
88,164,3.971719
88,165,0.448515
88,166,1.482895
88,167,-1.991099
88,168,-0.562737
88,169,-5.985599
88,170,0.680986
88,171,-6.063599
88,172,-1.543538
88,173,1.609542
88,174,-0.760068
88,175,-0.1166
88,176,5.37826
88,177,-0.166205
88,178,0.640908
88,179,4.10706
88,180,3.109812
88,181,-3.095423
88,182,6.2295
88,183,-0.355749
88,184,0.290852
88,185,-0.124849
88,186,-1.50451
88,187,2.209572
88,188,1.374926
88,189,-1.506342
88,190,-0.116424
88,191,-0.569093
88,192,-0.045462
88,193,-2.721324
88,194,-2.068664
88,195,6.619339
88,196,-3.267053
88,197,2.030988
88,198,3.12813
88,199,3.39892
88,200,-7.717821
89,90,-2.974403
89,91,2.677172
89,92,-4.570053
89,93,1.116996
89,94,0.011102
89,95,-0.271308
89,96,3.66289
89,97,-0.418835
89,98,6.711513
89,99,0.450463
89,100,6.50607
89,101,3.580644
89,102,0.155813
89,103,0.917379
89,104,4.207743
89,105,1.105325
89,106,0.251276
89,107,-4.300956
89,108,1.254098
89,109,3.061637
89,110,1.311931
89,111,-1.129711
89,112,6.522906
89,113,-0.389114
89,114,4.454031
89,115,-0.252578
89,116,-3.977681
89,117,-0.396171
89,118,-2.645829
89,119,-0.192835
89,120,0.917858
89,121,-1.794775
89,122,1.743923
89,123,0.065824
89,124,5.413479
89,125,1.304622
89,126,0.001033
89,127,-1.062293
89,128,0.711534
89,129,-1.09436
89,130,-1.539543
89,131,2.335091
89,132,2.878015
89,133,-0.408922
89,134,-2.216272
89,135,0.272553
89,136,5.226634
89,137,4.618822
89,138,3.209126
89,139,0.067219
89,140,-2.8011
89,141,-2.456943
89,142,-5.420744
89,143,-0.814807
89,144,-3.964558
89,145,6.135242
89,146,-5.755266
89,147,0.184642
89,148,-4.630437
89,149,0.681536
89,150,2.265682
89,151,-0.004727
89,152,0.79761
89,153,4.213136
89,154,-1.806549
89,155,-0.033539
89,156,3.355067
89,157,0.980619
89,158,0.099882
89,159,1.133665
89,160,-1.714167
89,161,0.953163
89,162,-3.276835
89,163,4.898188
89,164,-0.114793
89,165,0.651401
89,166,3.266811
89,167,-0.095577
89,168,-0.130387
89,169,3.223129
89,170,0.547287
89,171,1.719236
89,172,2.279668
89,173,-1.241246
89,174,7.282026
89,175,0.575478
89,176,0.047945
89,177,0.478748
89,178,-0.045062
89,179,-2.77151
89,180,-0.187321
89,181,3.09164
89,182,0.06841
89,183,-1.409362
89,184,2.71232
89,185,-2.404634
89,186,2.600416
89,187,0.345442
89,188,-1.661416
89,189,2.45617
89,190,4.072473
89,191,4.792906
89,192,1.384892
89,193,-0.292
89,194,0.170651
89,195,-1.665556
89,196,1.200654
89,197,0.690251
89,198,-0.222854
89,199,1.71113
89,200,0.403519
90,91,2.952456
90,92,-5.61935
90,93,0.909893
90,94,-0.114192
90,95,-7.93788
90,96,6.013269
90,97,-0.864176
90,98,4.956258
90,99,-2.232059
90,100,-1.423638
90,101,2.026802
90,102,2.625549
90,103,6.459489
90,104,5.386358
90,105,6.505594
90,106,-2.708388
90,107,0.42786
90,108,0.357059
90,109,1.951921
90,110,0.970019
90,111,-1.244594
90,112,-0.045409
90,113,-1.352685
90,114,3.456316
90,115,-2.044143
90,116,1.320912
90,117,-1.249456
90,118,-7.111
90,119,-5.097763
90,120,-2.164465
90,121,-6.609339
90,122,-0.990221
90,123,-1.535001
90,124,4.019446
90,125,-2.697337
90,126,-1.075088
90,127,-0.661774
90,128,-2.622562
90,129,-6.234025
90,130,2.352963
90,131,0.449946
90,132,-1.656736
90,133,-0.847585
90,134,-7.252154
90,135,-5.16431
90,136,5.452619
90,137,3.03389
90,138,0.02239
90,139,-2.772512
90,140,-2.08712
90,141,-4.105762
90,142,-1.080275
90,143,0.117221
90,144,-0.016939
90,145,3.457985
90,146,-2.336681
90,147,-0.388808
90,148,0.194506
90,149,1.166231
90,150,4.99899
90,151,-1.006544
90,152,2.429567
90,153,-1.821064
90,154,0.59807
90,155,-5.012238
90,156,2.986782
90,157,0.017682
90,158,1.0204
90,159,-1.543154
90,160,-0.148096
90,161,2.486797
90,162,0.455405
90,163,1.129244
90,164,-1.462014
90,165,0.203993
90,166,3.603207
90,167,-5.230408
90,168,-2.562872
90,169,-4.067303
90,170,2.979983
90,171,-4.740297
90,172,-0.382341
90,173,0.855265
90,174,2.609151
90,175,-0.710701
90,176,-1.367699
90,177,-4.432701
90,178,-4.029431
90,179,0.210437
90,180,-0.999913
90,181,-2.204924
90,182,0.109942
90,183,-0.485006
90,184,5.508828
90,185,4.202607
90,186,-0.01109
90,187,2.18522
90,188,-1.248321
90,189,1.836539
90,190,6.264059
90,191,0.205683
90,192,-3.408455
90,193,-5.036571
90,194,-3.462647
90,195,-0.019002
90,196,-4.788184
90,197,-3.096744
90,198,-1.526191
90,199,0.515803
90,200,-6.783471
91,92,-6.589775
91,93,4.806875
91,94,0.171523
91,95,-4.504726
91,96,0.120092
91,97,0.417078
91,98,-0.165978
91,99,0.367256
91,100,-1.195582
91,101,-0.140205
91,102,3.503762
91,103,1.246812
91,104,2.777189
91,105,1.367955
91,106,-2.114564
91,107,2.492808
91,108,1.643286
91,109,0.382193
91,110,0.702435
91,111,3.171265
91,112,-2.277735
91,113,-3.439038
91,114,0.034433
91,115,1.115055
91,116,-1.730681
91,117,4.898811
91,118,-7.070415
91,119,-1.596067
91,120,0.74808
91,121,-5.279791
91,122,-2.169818
91,123,3.678785
91,124,-0.406861
91,125,-2.265036
91,126,0.672311
91,127,2.48791
91,128,-1.067122
91,129,-4.446646
91,130,-0.198448
91,131,1.893861
91,132,-1.299737
91,133,5.70374
91,134,-6.159525
91,135,-0.492261
91,136,0.022604
91,137,-0.789604
91,138,-0.44817
91,139,-1.064965
91,140,-3.229553
91,141,-5.354149
91,142,-3.014883
91,143,0.288078
91,144,1.517593
91,145,-0.634396
91,146,-4.606205
91,147,4.776371
91,148,-1.681743
91,149,1.222279
91,150,0.016553
91,151,4.955617
91,152,-0.061274
91,153,-1.92895
91,154,4.013416
91,155,-0.308874
91,156,2.441999
91,157,-0.277998
91,158,0.324521
91,159,1.06852
91,160,1.256365
91,161,-0.304748
91,162,3.612209
91,163,0.336307
91,164,0.606758
91,165,-2.39008
91,166,-0.172776
91,167,-3.170301
91,168,2.861228
91,169,-2.539629
91,170,1.153146
91,171,-2.448321
91,172,-0.789795
91,173,-0.736505
91,174,-0.942382
91,175,-0.263517
91,176,3.319064
91,177,-0.603143
91,178,-0.061858
91,179,3.453255
91,180,0.219572
91,181,-3.146549
91,182,1.916699
91,183,-1.616915
91,184,2.179249
91,185,-0.488928
91,186,0.899682
91,187,6.23731
91,188,-1.527862
91,189,1.966572
91,190,3.068126
91,191,-0.066272
91,192,-1.654205
91,193,-1.756402
91,194,-0.144741
91,195,4.423455
91,196,-2.443478
91,197,1.675288
91,198,1.745479
91,199,0.671775
91,200,-3.723829
92,93,-4.420907
92,94,-0.922605
92,95,-13.127348
92,96,-3.061266
92,97,-7.264868
92,98,-1.736963
92,99,-2.282895
92,100,-7.432119
92,101,-5.78941
92,102,-8.343624
92,103,-5.257501
92,104,-3.70358
92,105,-4.634438
92,106,-0.867793
92,107,-8.509096
92,108,-4.020147
92,109,-4.658688
92,110,-0.692975
92,111,-7.057989
92,112,-1.425944
92,113,0.086164
92,114,-4.680526
92,115,-7.674442
92,116,-5.192511
92,117,-3.770514
92,118,-3.067853
92,119,-5.458909
92,120,-2.567845
92,121,-3.206138
92,122,-2.065088
92,123,-0.225422
92,124,-1.687218
92,125,-3.011815
92,126,-0.382387
92,127,-6.498506
92,128,-3.162044
92,129,-4.915972
92,130,-8.016649
92,131,-5.335851
92,132,-4.034371
92,133,-2.44664
92,134,-4.44748
92,135,-7.808591
92,136,-2.73557
92,137,-2.236171
92,138,-6.437823
92,139,-2.239301
92,140,-1.769103
92,141,0.001855
92,142,-5.195401
92,143,-4.349039
92,144,-4.412555
92,145,-1.716591
92,146,-4.288956
92,147,-5.086912
92,148,-6.580487
92,149,-2.80126
92,150,-5.289975
92,151,-3.21226
92,152,-7.741173
92,153,-4.800329
92,154,-4.542494
92,155,-6.296941
92,156,-2.114987
92,157,-2.897885
92,158,-4.016969
92,159,-5.689217
92,160,-8.524859
92,161,-2.349317
92,162,-6.769338
92,163,-7.033422
92,164,-0.28504
92,165,-0.651917
92,166,-3.726981
92,167,-3.600947
92,168,-7.377059
92,169,-9.574575
92,170,0.007693
92,171,-10.33557
92,172,-1.290739
92,173,-4.417043
92,174,-1.32581
92,175,-2.144891
92,176,0.044055
92,177,-3.401393
92,178,-2.285469
92,179,-5.81211
92,180,0.269758
92,181,-2.138246
92,182,-2.298297
92,183,-3.280943
92,184,-2.622969
92,185,-7.761432
92,186,-3.031095
92,187,-4.248857
92,188,0.460411
92,189,-5.958349
92,190,-1.493738
92,191,-7.270834
92,192,-2.833859
92,193,-5.621104
92,194,-7.322122
92,195,-3.083727
92,196,-6.641211
92,197,-2.358123
92,198,-2.641312
92,199,-5.254039
92,200,-12.860979
93,94,-1.459598
93,95,-2.566854
93,96,3.648963
93,97,2.2481
93,98,5.781062
93,99,2.236645
93,100,2.720155
93,101,5.524148
93,102,-1.003518
93,103,0.885106
93,104,0.739279
93,105,0.696803
93,106,0.722085
93,107,-1.360875
93,108,6.058798
93,109,7.259782
93,110,-0.227206
93,111,0.911779
93,112,4.576809
93,113,1.591637
93,114,3.573519
93,115,1.711398
93,116,-2.305021
93,117,2.105132
93,118,-3.366983
93,119,0.078642
93,120,3.154495
93,121,-2.754214
93,122,1.297995
93,123,0.411593
93,124,5.893342
93,125,-0.085828
93,126,-0.504036
93,127,2.256563
93,128,1.841339
93,129,-1.979791
93,130,1.370446
93,131,0.235657
93,132,0.916346
93,133,1.554709
93,134,-3.180992
93,135,1.631832
93,136,5.021319
93,137,7.048782
93,138,4.066119
93,139,-0.853592
93,140,-1.63049
93,141,-2.011168
93,142,-2.305318
93,143,3.70192
93,144,0.229995
93,145,7.819231
93,146,-3.900125
93,147,0.163644
93,148,-1.780944
93,149,-0.45663
93,150,3.609443
93,151,0.7127
93,152,3.268065
93,153,1.817876
93,154,0.575477
93,155,0.995641
93,156,0.586211
93,157,5.042146
93,158,4.551845
93,159,0.018084
93,160,1.367933
93,161,1.489229
93,162,-0.233948
93,163,6.113141
93,164,2.082656
93,165,2.337249
93,166,5.495346
93,167,-0.627265
93,168,1.750705
93,169,-0.577975
93,170,-0.985086
93,171,-0.892033
93,172,0.605688
93,173,2.054225
93,174,5.213025
93,175,-0.902368
93,176,0.389595
93,177,1.137672
93,178,0.383629
93,179,0.512458
93,180,-1.689617
93,181,2.264964
93,182,4.833992
93,183,-0.935751
93,184,0.452727
93,185,-0.011129
93,186,0.370519
93,187,-0.005061
93,188,-2.89314
93,189,0.438423
93,190,0.789641
93,191,4.788122
93,192,1.838404
93,193,-0.363456
93,194,1.292188
93,195,1.687786
93,196,1.515286
93,197,2.368266
93,198,2.064651
93,199,6.153295
93,200,-2.439729
94,95,-8.703218
94,96,4.151317
94,97,-1.346272
94,98,5.19535
94,99,1.790299
94,100,-2.822265
94,101,0.622481
94,102,-4.391295
94,103,-0.549104
94,104,-1.334743
94,105,-0.271323
94,106,1.486738
94,107,-3.342463
94,108,3.246725
94,109,2.964573
94,110,0.777873
94,111,-1.78683
94,112,1.160205
94,113,4.019978
94,114,0.591569
94,115,-2.103165
94,116,0.987522
94,117,1.151987
94,118,-2.21298
94,119,-1.721029
94,120,1.717156
94,121,-2.048357
94,122,1.300376
94,123,0.642657
94,124,5.475983
94,125,-0.376044
94,126,0.45963
94,127,-0.394029
94,128,1.24083
94,129,-2.327889
94,130,-1.212028
94,131,-2.161216
94,132,-1.221122
94,133,0.930738
94,134,-2.763681
94,135,-3.250575
94,136,4.844931
94,137,5.375184
94,138,-0.845018
94,139,0.257085
94,140,0.865322
94,141,1.239695
94,142,0.68222
94,143,2.06247
94,144,-0.120254
94,145,6.316138
94,146,0.394361
94,147,-1.514988
94,148,-0.446358
94,149,0.014281
94,150,2.270345
94,151,-0.037092
94,152,-1.081593
94,153,-1.79338
94,154,-0.715148
94,155,-2.129447
94,156,-0.158233
94,157,3.380917
94,158,3.366802
94,159,-2.108025
94,160,-1.943754
94,161,2.906051
94,162,-1.969741
94,163,0.377131
94,164,2.159719
94,165,5.332217
94,166,4.254535
94,167,-1.076662
94,168,-1.969061
94,169,-5.778356
94,170,0.561859
94,171,-6.221356
94,172,0.677063
94,173,2.00797
94,174,2.629719
94,175,0.053253
94,176,0.704249
94,177,-0.511471
94,178,0.083366
94,179,-1.037072
94,180,-0.08583
94,181,0.079856
94,182,4.528297
94,183,0.576477
94,184,0.053903
94,185,-1.275529
94,186,-0.702345
94,187,-1.461169
94,188,-0.342206
94,189,-2.276944
94,190,0.013195
94,191,-1.302528
94,192,0.481353
94,193,-1.901253
94,194,-2.386498
94,195,0.819159
94,196,-2.545896
94,197,0.877815
94,198,1.943236
94,199,1.678085
94,200,-8.344799
95,96,-4.991622
95,97,-6.335809
95,98,-2.057575
95,99,-5.375803
95,100,0.426316
95,101,-3.634691
95,102,-1.306705
95,103,-7.22778
95,104,-1.639492
95,105,-7.271694
95,106,-7.681637
95,107,-8.963095
95,108,-4.094102
95,109,-3.575034
95,110,-7.281486
95,111,-5.442411
95,112,-1.705815
95,113,-8.573783
95,114,-3.861804
95,115,-5.02291
95,116,-12.433518
95,117,-3.428279
95,118,-10.367794
95,119,-3.72003
95,120,-4.435325
95,121,-8.735503
95,122,-6.938546
95,123,-1.11697
95,124,-3.15911
95,125,-6.184408
95,126,-7.50177
95,127,-5.835623
95,128,-6.022973
95,129,-6.77367
95,130,-8.515466
95,131,-2.433968
95,132,-4.021503
95,133,-2.765922
95,134,-9.15931
95,135,-0.787632
95,136,-3.376287
95,137,-3.441336
95,138,-3.600707
95,139,-7.56473
95,140,-11.204342
95,141,-11.005836
95,142,-13.294912
95,143,-7.503414
95,144,-9.608077
95,145,-1.805682
95,146,-14.23043
95,147,-1.897647
95,148,-12.434602
95,149,-8.133948
95,150,-5.686487
95,151,-0.677867
95,152,-6.029879
95,153,-2.720918
95,154,-7.03991
95,155,-0.911037
95,156,-4.097253
95,157,-5.867981
95,158,-6.674553
95,159,-3.475486
95,160,-6.837551
95,161,-7.742153
95,162,-8.000996
95,163,-0.814658
95,164,-6.450886
95,165,-7.878582
95,166,-4.63763
95,167,-6.341116
95,168,-3.342018
95,169,0.203789
95,170,-8.231063
95,171,-0.440775
95,172,-5.582376
95,173,-8.776337
95,174,-1.503931
95,175,-8.113488
95,176,-2.904037
95,177,-3.262881
95,178,-3.731472
95,179,-7.866973
95,180,-7.644127
95,181,-4.632595
95,182,-5.373125
95,183,-9.999776
95,184,-6.251666
95,185,-9.933224
95,186,-3.725949
95,187,-1.385283
95,188,-9.873723
95,189,-3.579711
95,190,-2.860185
95,191,-1.38187
95,192,-5.169284
95,193,-3.949486
95,194,-4.227074
95,195,-5.996863
95,196,-3.68506
95,197,-2.789154
95,198,-5.620888
95,199,-4.349513
95,200,-0.283091
96,97,0.90702
96,98,-0.153038
96,99,2.630937
96,100,-1.709093
96,101,0.076171
96,102,2.594186
96,103,1.392596
96,104,1.859476
96,105,1.636919
96,106,0.863115
96,107,5.155899
96,108,3.906053
96,109,1.505559
96,110,0.574397
96,111,3.576914
96,112,-2.151245
96,113,-0.2207
96,114,-0.322009
96,115,1.393753
96,116,0.049101
96,117,6.947284
96,118,-4.852698
96,119,-0.625676
96,120,2.922597
96,121,-2.940442
96,122,-1.545173
96,123,7.141119
96,124,-0.150918
96,125,-1.836832
96,126,5.449008
96,127,4.022098
96,128,0.74563
96,129,-3.309509
96,130,0.001668
96,131,0.824139
96,132,-1.607183
96,133,8.180045
96,134,-4.285635
96,135,-0.17153
96,136,0.009344
96,137,-0.070666
96,138,-0.394848
96,139,1.056289
96,140,0.222431
96,141,-2.571962
96,142,1.072391
96,143,2.041862
96,144,8.722669
96,145,0.104197
96,146,-0.272714
96,147,4.215107
96,148,0.048945
96,149,1.23849
96,150,0.02609
96,151,6.315818
96,152,0.081498
96,153,-2.327513
96,154,7.139531
96,155,0.43911
96,156,1.453924
96,157,1.701175
96,158,2.010002
96,159,0.491791
96,160,2.154285
96,161,-0.264578
96,162,6.624159
96,163,1.388648
96,164,4.009812
96,165,-0.85227
96,166,0.295677
96,167,-1.29029
96,168,2.671527
96,169,-3.41514
96,170,2.73125
96,171,-3.27519
96,172,-0.85478
96,173,0.638254
96,174,-1.026433
96,175,0.677065
96,176,7.277119
96,177,1.326644
96,178,2.149203
96,179,6.320832
96,180,6.062759
96,181,-2.857228
96,182,5.126434
96,183,-0.406267
96,184,2.208555
96,185,0.01907
96,186,0.230025
96,187,7.06139
96,188,3.952206
96,189,0.93813
96,190,2.466269
96,191,0.066289
96,192,0.359515
96,193,-1.003122
96,194,-0.078015
96,195,9.19327
96,196,-1.922255
96,197,3.82969
96,198,4.008714
96,199,1.958062
96,200,-4.456437
97,98,0.840628
97,99,0.213078
97,100,-0.440637
97,101,0.452445
97,102,0.864332
97,103,0.904111
97,104,2.404551
97,105,0.908941
97,106,-2.443807
97,107,-1.684318
97,108,-0.005987
97,109,0.102775
97,110,-0.010955
97,111,0.637487
97,112,-1.301209
97,113,-3.743773
97,114,1.173048
97,115,-0.16377
97,116,-3.618663
97,117,0.673023
97,118,-7.25671
97,119,-2.783019
97,120,0.183913
97,121,-5.805258
97,122,-1.740032
97,123,0.379967
97,124,0.48837
97,125,-2.185047
97,126,-0.671288
97,127,0.206272
97,128,-1.038672
97,129,-4.96076
97,130,-0.461897
97,131,2.00558
97,132,-0.878877
97,133,1.027071
97,134,-6.517151
97,135,-2.752635
97,136,0.907715
97,137,-0.161589
97,138,0.383491
97,139,-1.832205
97,140,-4.132478
97,141,-5.691839
97,142,-4.981049
97,143,-0.712809
97,144,-1.992696
97,145,0.011103
97,146,-6.148638
97,147,1.728562
97,148,-3.761836
97,149,-0.101081
97,150,0.598812
97,151,1.113469
97,152,0.044813
97,153,-1.328287
97,154,0.698455
97,155,-2.481106
97,156,2.421691
97,157,-0.675978
97,158,-0.515592
97,159,0.615865
97,160,-0.047944
97,161,0.141209
97,162,-0.658833
97,163,-0.502688
97,164,-0.115064
97,165,-2.323162
97,166,0.366931
97,167,-3.669435
97,168,-0.37076
97,169,-3.056191
97,170,-0.365736
97,171,-3.345034
97,172,-0.463835
97,173,-1.405007
97,174,0.196871
97,175,-1.117798
97,176,0.42453
97,177,-1.980743
97,178,-1.71495
97,179,-0.367462
97,180,-1.508994
97,181,-2.561422
97,182,-0.196416
97,183,-2.345149
97,184,1.57516
97,185,-1.532204
97,186,1.06933
97,187,2.227104
97,188,-3.094723
97,189,2.279391
97,190,2.512783
97,191,0.178452
97,192,-1.694645
97,193,-2.846522
97,194,-0.976313
97,195,0.335971
97,196,-2.685555
97,197,-0.547584
97,198,0.496344
97,199,0.009418
97,200,-5.419242
98,99,3.848066
98,100,-0.281665
98,101,0.117796
98,102,5.076149
98,103,1.39552
98,104,3.617614
98,105,1.699101
98,106,2.161687
98,107,3.673098
98,108,3.224847
98,109,1.053111
98,110,1.694561
98,111,3.560753
98,112,-0.896016
98,113,0.577444
98,114,0.120736
98,115,1.721175
98,116,-0.348423
98,117,7.505076
98,118,-3.029635
98,119,1.926301
98,120,4.009286
98,121,-0.83852
98,122,-0.434304
98,123,10.260958
98,124,0.015661
98,125,-0.054014
98,126,7.116975
98,127,3.184598
98,128,2.004404
98,129,-0.966163
98,130,-0.678396
98,131,2.902005
98,132,0.268073
98,133,10.161668
98,134,-2.207091
98,135,2.864669
98,136,-0.072875
98,137,0.189091
98,138,0.102796
98,139,2.717105
98,140,1.100744
98,141,-1.367312
98,142,0.805422
98,143,1.952197
98,144,7.29356
98,145,0.243328
98,146,0.000336
98,147,6.75441
98,148,-0.319182
98,149,2.022197
98,150,-0.292027
98,151,9.278688
98,152,-0.41775
98,153,-0.474451
98,154,6.840708
98,155,3.475641
98,156,2.942436
98,157,1.998085
98,158,1.686611
98,159,2.614664
98,160,1.109105
98,161,0.115961
98,162,5.266556
98,163,0.545596
98,164,4.997834
98,165,-0.274404
98,166,0.174249
98,167,0.799591
98,168,3.744772
98,169,-0.853418
98,170,3.301727
98,171,-0.6196
98,172,0.720286
98,173,0.702851
98,174,-0.227359
98,175,1.897627
98,176,10.077265
98,177,3.747056
98,178,4.711026
98,179,5.301381
98,180,8.031688
98,181,-1.198557
98,182,4.585084
98,183,0.253259
98,184,2.788283
98,185,-0.641442
98,186,2.188164
98,187,9.278447
98,188,5.189324
98,189,2.41255
98,190,3.960944
98,191,0.205351
98,192,1.943191
98,193,1.567323
98,194,1.538831
98,195,8.40736
98,196,0.09633
98,197,5.930339
98,198,4.881316
98,199,1.56878
98,200,-1.56876
99,100,0.162095
99,101,1.093282
99,102,-0.682072
99,103,0.511957
99,104,4.452084
99,105,0.908278
99,106,-0.095915
99,107,-3.987463
99,108,0.435007
99,109,1.171784
99,110,4.420023
99,111,-0.416204
99,112,4.250719
99,113,-0.305945
99,114,2.395181
99,115,-0.225635
99,116,-2.45567
99,117,0.094575
99,118,-0.832424
99,119,-0.67028
99,120,-0.007026
99,121,-0.587452
99,122,3.121042
99,123,1.220355
99,124,3.758902
99,125,3.796484
99,126,0.670878
99,127,-0.364334
99,128,0.042874
99,129,-0.086557
99,130,-1.822442
99,131,3.008734
99,132,4.368952
99,133,0.307114
99,134,-0.945618
99,135,-1.769241
99,136,3.090282
99,137,2.792193
99,138,0.717576
99,139,0.721748
99,140,-1.580052
99,141,-0.774838
99,142,-4.025229
99,143,-0.220086
99,144,-3.170379
99,145,3.03944
99,146,-3.934956
99,147,1.257902
99,148,-3.471147
99,149,1.987511
99,150,1.030108
99,151,1.10096
99,152,-0.787926
99,153,3.452414
99,154,-1.129955
99,155,-1.114535
99,156,5.622084
99,157,0.436714
99,158,0.53462
99,159,2.476961
99,160,-1.635112
99,161,2.713707
99,162,-2.731385
99,163,-0.543121
99,164,-0.146621
99,165,1.890702
99,166,2.37466
99,167,-0.402796
99,168,-0.242563
99,169,-1.220102
99,170,3.208028
99,171,-2.084854
99,172,5.823208
99,173,-0.258717
99,174,4.323224
99,175,2.527926
99,176,1.064103
99,177,-0.615696
99,178,-0.105861
99,179,-2.100681
99,180,2.351061
99,181,3.997862
99,182,-0.047473
99,183,0.141662
99,184,3.209132
99,185,-2.490293
99,186,5.231893
99,187,1.181597
99,188,1.856926
99,189,1.969209
99,190,5.872296
99,191,-0.165579
99,192,-0.024767
99,193,-0.238642
99,194,-0.509457
99,195,-0.987471
99,196,-0.9068
99,197,-0.232448
99,198,-0.045943
99,199,0.640998
99,200,-4.81129
100,101,-0.271843
100,102,3.058505
100,103,-2.723624
100,104,1.837663
100,105,-2.686105
100,106,-2.321948
100,107,-2.957328
100,108,1.641188
100,109,0.721532
100,110,-1.681026
100,111,0.781551
100,112,-0.45283
100,113,-3.615796
100,114,-0.663656
100,115,1.006462
100,116,-6.731196
100,117,3.198623
100,118,-5.741261
100,119,1.009173
100,120,0.746876
100,121,-3.918748
100,122,-1.058955
100,123,4.583484
100,124,-0.107942
100,125,-0.450497
100,126,-1.510129
100,127,0.603282
100,128,-0.690628
100,129,-1.957842
100,130,-3.6191
100,131,2.083222
100,132,1.085493
100,133,3.918938
100,134,-4.461559
100,135,3.216887
100,136,-0.855661
100,137,0.090729
100,138,-0.053142
100,139,-1.680884
100,140,-5.183354
100,141,-5.525582
100,142,-7.105207
100,143,-1.192648
100,144,-3.12919
100,145,0.11641
100,146,-8.138635
100,147,3.895929
100,148,-6.457747
100,149,-2.465035
100,150,-1.934281
100,151,5.919464
100,152,-2.112726
100,153,0.442742
100,154,-0.805001
100,155,3.52393
100,156,0.623077
100,157,-0.348993
100,158,-0.363835
100,159,1.961978
100,160,-1.215096
100,161,-2.160874
100,162,-1.772977
100,163,0.119282
100,164,-0.618059
100,165,-2.149821
100,166,-0.230736
100,167,-1.644626
100,168,3.212818
100,169,0.599432
100,170,-2.837974
100,171,0.797928
100,172,0.077141
100,173,-2.558927
100,174,0.015464
100,175,-2.247768
100,176,2.971536
100,177,1.112149
100,178,1.393565
100,179,-1.543515
100,180,-1.804443
100,181,-0.655609
100,182,0.744145
100,183,-4.002659
100,184,-1.524599
100,185,-5.044383
100,186,1.46179
100,187,4.122455
100,188,-4.05532
100,189,0.659047
100,190,1.212282
100,191,-0.086135
100,192,-0.716974
100,193,1.066007
100,194,1.431089
100,195,0.595181
100,196,-0.170384
100,197,2.219893
100,198,0.487901
100,199,1.117067
100,200,0.352938
101,102,3.712748
101,103,0.874603
101,104,3.396838
101,105,1.017535
101,106,-1.296775
101,107,0.866632
101,108,1.309508
101,109,0.282714
101,110,1.799717
101,111,2.858403
101,112,-1.315685
101,113,-2.842392
101,114,0.378376
101,115,1.112066
101,116,-2.339096
101,117,4.311588
101,118,-5.886412
101,119,-0.122333
101,120,1.343263
101,121,-4.008616
101,122,-1.206066
101,123,4.738547
101,124,-0.054917
101,125,-0.983089
101,126,1.334163
101,127,2.073265
101,128,-0.204141
101,129,-3.024959
101,130,-0.761036
101,131,2.985544
101,132,-0.030264
101,133,5.440418
101,134,-4.860114
101,135,0.584151
101,136,0.110525
101,137,-0.370796
101,138,-0.04988
101,139,-0.013972
101,140,-2.722292
101,141,-4.509847
101,142,-3.296611
101,143,0.429173
101,144,0.517856
101,145,-0.294712
101,146,-4.563748
101,147,6.139559
101,148,-2.144246
101,149,1.629116
101,150,-0.150607
101,151,5.782045
101,152,-0.418527
101,153,-0.710628
101,154,3.294667
101,155,0.96436
101,156,3.078739
101,157,0.045867
101,158,0.360831
101,159,2.431365
101,160,0.564795
101,161,0.261905
101,162,2.173694
101,163,-0.170972
101,164,1.092073
101,165,-1.730049
101,166,-0.016302
101,167,-1.871871
101,168,2.315446
101,169,-1.301668
101,170,1.109427
101,171,-1.229048
101,172,0.422716
101,173,-0.405052
101,174,-0.256488
101,175,0.682412
101,176,4.462664
101,177,0.813644
101,178,1.347155
101,179,2.401814
101,180,0.932795
101,181,-1.949154
101,182,1.595641
101,183,-0.950188
101,184,2.100248
101,185,-1.28913
101,186,2.173171
101,187,6.439695
101,188,-0.982792
101,189,2.693665
101,190,3.490447
101,191,-0.010599
101,192,-0.620022
101,193,-0.27941
101,194,0.932305
101,195,3.541846
101,196,-1.119862
101,197,2.880136
101,198,2.160089
101,199,0.5728
101,200,-2.834239
102,103,-0.922559
102,104,0.150628
102,105,-1.175334
102,106,-3.047736
102,107,1.289202
102,108,5.869528
102,109,5.407197
102,110,-2.971124
102,111,0.7926
102,112,1.844186
102,113,-2.665574
102,114,2.216789
102,115,0.970694
102,116,-4.751444
102,117,1.947012
102,118,-7.349387
102,119,-2.497118
102,120,0.388868
102,121,-6.364132
102,122,-2.164272
102,123,-1.111967
102,124,4.170836
102,125,-3.218476
102,126,-3.40782
102,127,3.073486
102,128,-1.498377
102,129,-5.273163
102,130,0.392865
102,131,-0.673776
102,132,-1.419987
102,133,1.234567
102,134,-6.833603
102,135,-0.018787
102,136,4.236824
102,137,3.440844
102,138,2.491346
102,139,-3.890484
102,140,-5.330903
102,141,-6.068987
102,142,-5.023096
102,143,0.393064
102,144,0.577622
102,145,5.072557
102,146,-7.165366
102,147,-0.467679
102,148,-4.413456
102,149,-3.11648
102,150,2.403401
102,151,0.045187
102,152,2.368877
102,153,-0.067836
102,154,-0.320701
102,155,-0.870179
102,156,-1.137028
102,157,1.0242
102,158,2.073811
102,159,-1.423019
102,160,3.765903
102,161,-1.290318
102,162,1.410788
102,163,9.02377
102,164,-1.03413
102,165,-1.481307
102,166,3.424763
102,167,-3.946152
102,168,1.449453
102,169,0.635609
102,170,-3.549517
102,171,0.256485
102,172,-2.215816
102,173,-1.256213
102,174,4.003867
102,175,-3.816043
102,176,-1.449496
102,177,-1.449287
102,178,-2.150605
102,179,1.065739
102,180,-4.584377
102,181,-1.541408
102,182,4.335691
102,183,-4.164265
102,184,-1.428524
102,185,-1.60957
102,186,-1.582254
102,187,-0.28027
102,188,-6.055093
102,189,-0.303865
102,190,-0.496763
102,191,5.449276
102,192,-1.558837
102,193,-2.913478
102,194,-0.471694
102,195,2.293425
102,196,-1.386268
102,197,0.246607
102,198,-0.206273
102,199,4.214153
102,200,-0.427699
103,104,-0.62084
103,105,-0.004263
103,106,-1.305299
103,107,3.099085
103,108,6.769735
103,109,3.903481
103,110,-0.004892
103,111,1.920857
103,112,-2.117858
103,113,-1.155016
103,114,-0.118736
103,115,0.195511
103,116,-1.025505
103,117,3.950247
103,118,-6.594562
103,119,-2.899586
103,120,0.823079
103,121,-5.39218
103,122,-1.477549
103,123,1.721439
103,124,1.522266
103,125,-2.559508
103,126,0.15283
103,127,4.146404
103,128,-0.729296
103,129,-5.13204
103,130,1.304865
103,131,-1.006889
103,132,-2.450165
103,133,3.983513
103,134,-6.272714
103,135,-2.588561
103,136,1.687841
103,137,1.325506
103,138,-0.493495
103,139,-1.033095
103,140,-1.682202
103,141,-3.786097
103,142,-0.420059
103,143,3.01032
103,144,5.328197
103,145,1.871284
103,146,-2.72235
103,147,1.698283
103,148,-0.392757
103,149,0.037353
103,150,1.448533
103,151,3.059706
103,152,1.149952
103,153,-3.172693
103,154,2.932028
103,155,-2.163528
103,156,-0.179355
103,157,1.851286
103,158,4.001919
103,159,-1.019971
103,160,3.937698
103,161,0.57984
103,162,3.823871
103,163,4.581943
103,164,1.265198
103,165,0.080069
103,166,2.160689
103,167,-3.578867
103,168,0.522096
103,169,-5.221774
103,170,-0.444293
103,171,-5.208728
103,172,-1.179277
103,173,1.878201
103,174,-0.486648
103,175,0.030906
103,176,1.518416
103,177,-1.706085
103,178,-1.185063
103,179,4.146364
103,180,-0.879007
103,181,-3.244353
103,182,6.695251
103,183,-0.052363
103,184,0.043292
103,185,0.040308
103,186,-0.91504
103,187,1.880943
103,188,-2.109588
103,189,-0.872884
103,190,-0.062451
103,191,-0.053627
103,192,-1.632032
103,193,-3.080732
103,194,-1.612647
103,195,5.32786
103,196,-3.537273
103,197,0.453418
103,198,1.937232
103,199,3.426879
103,200,-6.650674
104,105,-0.753998
104,106,2.3082
104,107,3.315867
104,108,9.60597
104,109,6.69921
104,110,-0.967653
104,111,2.870273
104,112,2.767684
104,113,3.046383
104,114,1.574788
104,115,2.737182
104,116,-2.951243
104,117,5.773245
104,118,-1.58963
104,119,2.648281
104,120,5.991525
104,121,-0.685223
104,122,0.625768
104,123,3.209756
104,124,3.841012
104,125,-0.234353
104,126,0.562578
104,127,5.367716
104,128,3.524016
104,129,-0.282256
104,130,0.756819
104,131,0.085799
104,132,0.098633
104,133,5.132455
104,134,-1.195677
104,135,4.042654
104,136,3.084905
104,137,4.928221
104,138,2.659807
104,139,0.069997
104,140,-1.361497
104,141,-1.152962
104,142,-2.071234
104,143,3.460358
104,144,3.703435
104,145,5.928234
104,146,-3.971568
104,147,1.741031
104,148,-2.260044
104,149,-1.112183
104,150,1.937156
104,151,3.415969
104,152,1.964934
104,153,0.449104
104,154,2.340759
104,155,4.386645
104,156,-0.238324
104,157,5.539363
104,158,4.997144
104,159,0.302372
104,160,4.676839
104,161,0.208181
104,162,3.632175
104,163,7.527848
104,164,3.915135
104,165,2.214042
104,166,3.877943
104,167,1.804258
104,168,3.786019
104,169,-0.906302
104,170,-1.775611
104,171,-0.931942
104,172,-0.18676
104,173,1.450303
104,174,2.922633
104,175,-1.122339
104,176,2.902735
104,177,4.667808
104,178,3.400434
104,179,3.515925
104,180,-0.875036
104,181,1.113841
104,182,8.761248
104,183,-1.483028
104,184,-0.693249
104,185,-1.133726
104,186,-0.09883
104,187,1.646795
104,188,-2.73583
104,189,-0.002609
104,190,-0.167431
104,191,3.80574
104,192,4.4385
104,193,1.531429
104,194,2.093249
104,195,5.879831
104,196,3.033776
104,197,6.236058
104,198,4.045935
104,199,6.382191
104,200,-1.789815
105,106,-0.797038
105,107,2.889176
105,108,7.117093
105,109,4.337496
105,110,-0.016333
105,111,1.76315
105,112,-1.857968
105,113,-0.515738
105,114,-0.042926
105,115,0.172737
105,116,-0.743087
105,117,4.214163
105,118,-6.094166
105,119,-2.637624
105,120,1.181247
105,121,-4.934187
105,122,-1.173493
105,123,2.029379
105,124,1.869857
105,125,-2.306905
105,126,0.533954
105,127,4.032207
105,128,-0.337778
105,129,-4.789686
105,130,1.438727
105,131,-1.137388
105,132,-2.35347
105,133,4.259061
105,134,-5.838399
105,135,-2.48264
105,136,1.9771
105,137,1.715825
105,138,-0.40736
105,139,-0.553842
105,140,-1.092094
105,141,-3.171468
105,142,0.120424
105,143,3.406473
105,144,5.650399
105,145,2.314894
105,146,-2.189192
105,147,1.465027
105,148,-0.131463
105,149,0.04428
105,150,1.65503
105,151,3.288362
105,152,1.215576
105,153,-3.07155
105,154,2.954695
105,155,-1.982138
105,156,-0.260242
105,157,2.293041
105,158,4.485985
105,159,-1.084682
105,160,3.700329
105,161,0.723365
105,162,3.660165
105,163,5.092217
105,164,1.729511
105,165,0.64235
105,166,2.494674
105,167,-3.185486
105,168,0.501695
105,169,-5.262881
105,170,-0.336801
105,171,-5.262032
105,172,-1.044311
105,173,2.232956
105,174,-0.261013
105,175,0.109444
105,176,1.838017
105,177,-1.37436
105,178,-0.819861
105,179,4.067462
105,180,-0.547154
105,181,-2.967196
105,182,7.115136
105,183,0.074198
105,184,0.022489
105,185,0.170468
105,186,-0.95312
105,187,1.728855
105,188,-1.754222
105,189,-1.006062
105,190,-0.146952
105,191,-0.010689
105,192,-1.24043
105,193,-2.837722
105,194,-1.529285
105,195,5.478041
105,196,-3.32886
105,197,0.777772
105,198,2.330435
105,199,3.663044
105,200,-6.728052
106,107,-5.218177
106,108,-0.364619
106,109,-0.631742
106,110,4.131431
106,111,-2.112729
106,112,2.975804
106,113,0.218546
106,114,-0.081082
106,115,-2.64268
106,116,-2.763265
106,117,0.202928
106,118,0.344833
106,119,-1.321723
106,120,-0.298965
106,121,-0.590867
106,122,2.403437
106,123,1.317254
106,124,2.160132
106,125,3.086655
106,126,0.637606
106,127,-1.737577
106,128,-0.238686
106,129,-0.267997
106,130,-3.868392
106,131,0.575803
106,132,2.201559
106,133,0.279601
106,134,-0.982579
106,135,-3.209072
106,136,1.227573
106,137,1.41005
106,138,-1.694292
106,139,0.824839
106,140,-1.031663
106,141,0.361836
106,142,-3.788521
106,143,0.137205
106,144,-3.331837
106,145,1.7432
106,146,-3.360013
106,147,-0.020237
106,148,-3.902165
106,149,1.078012
106,150,-1.153104
106,151,0.873835
106,152,-3.256237
106,153,1.207072
106,154,-1.764483
106,155,-2.037257
106,156,3.874878
106,157,0.149898
106,158,0.154723
106,159,0.12791
106,160,-3.962983
106,161,1.510484
106,162,-3.678324
106,163,-2.788119
106,164,0.019397
106,165,2.470153
106,166,0.337652
106,167,-0.750578
106,168,-2.240055
106,169,-3.70814
106,170,3.113182
106,171,-4.609467
106,172,5.397906
106,173,-0.297856
106,174,2.617229
106,175,2.093289
106,176,1.117048
106,177,-1.040173
106,178,-0.205703
106,179,-2.801992
106,180,2.250147
106,181,3.930967
106,182,0.073839
106,183,0.11414
106,184,1.548682
106,185,-4.113032
106,186,3.38454
106,187,-0.070186
106,188,3.392481
106,189,-0.539296
106,190,4.609925
106,191,-2.599765
106,192,-0.486307
106,193,-0.887959
106,194,-2.271827
106,195,-1.128797
106,196,-2.259023
106,197,-0.512556
106,198,0.088419
106,199,-1.016372
106,200,-7.318299
107,108,1.377136
107,109,3.31439
107,110,-1.981392
107,111,-2.090007
107,112,-2.404954
107,113,-3.944908
107,114,1.319865
107,115,-2.904176
107,116,-0.745523
107,117,-2.072611
107,118,-9.800989
107,119,-6.946289
107,120,-3.652111
107,121,-9.196186
107,122,-3.611354
107,123,-3.604026
107,124,2.768451
107,125,-5.255981
107,126,-3.84866
107,127,-0.721611
107,128,-4.639258
107,129,-8.64363
107,130,2.8265
107,131,-1.592175
107,132,-4.001184
107,133,-2.043595
107,134,-9.813841
107,135,-6.304778
107,136,4.61306
107,137,1.235282
107,138,-1.391104
107,139,-5.335715
107,140,-5.102253
107,141,-6.858285
107,142,-2.135545
107,143,-0.682788
107,144,0.113876
107,145,2.441102
107,146,-4.795799
107,147,-2.173024
107,148,-1.451223
107,149,-1.84643
107,150,4.421338
107,151,-2.649951
107,152,2.434702
107,153,-4.026385
107,154,-0.937682
107,155,-6.408553
107,156,0.2347
107,157,-1.396701
107,158,1.624624
107,159,-3.537369
107,160,0.55346
107,161,-0.00951
107,162,-0.139679
107,163,2.58148
107,164,-3.367038
107,165,-1.817708
107,166,2.914178
107,167,-7.507897
107,168,-3.33436
107,169,-5.62164
107,170,-0.568454
107,171,-6.12015
107,172,-3.040607
107,173,-0.981285
107,174,0.299919
107,175,-3.610969
107,176,-3.555236
107,177,-6.190527
107,178,-5.983869
107,179,-0.403743
107,180,-4.19263
107,181,-4.681198
107,182,0.742064
107,183,-3.437705
107,184,1.99732
107,185,3.032724
107,186,-2.503029
107,187,-0.179855
107,188,-4.623107
107,189,-0.063874
107,190,2.881562
107,191,-0.575752
107,192,-5.458481
107,193,-6.995909
107,194,-4.839174
107,195,-0.622491
107,196,-6.53645
107,197,-4.529905
107,198,-3.042206
107,199,0.695559
107,200,-7.808086
108,109,0.494835
108,110,3.737546
108,111,0.859933
108,112,1.796233
108,113,-1.90288
108,114,3.359322
108,115,-0.115681
108,116,0.17135
108,117,1.370381
108,118,-3.753714
108,119,-0.223958
108,120,0.26667
108,121,-1.928556
108,122,0.808243
108,123,3.465015
108,124,2.389183
108,125,1.442347
108,126,2.904362
108,127,0.265507
108,128,0.071545
108,129,-1.162011
108,130,1.11519
108,131,5.538789
108,132,2.900612
108,133,2.423048
108,134,-2.723862
108,135,-1.322317
108,136,3.311337
108,137,1.21434
108,138,0.998655
108,139,1.633297
108,140,-1.685338
108,141,-2.888682
108,142,-2.575692
108,143,-0.22363
108,144,0.020049
108,145,1.498024
108,146,-3.187329
108,147,4.063105
108,148,-1.288246
108,149,3.437111
108,150,2.62714
108,151,3.382368
108,152,1.371391
108,153,2.626792
108,154,2.538661
108,155,-0.70225
108,156,7.419578
108,157,-0.175884
108,158,-0.119069
108,159,3.451187
108,160,-0.053993
108,161,2.013528
108,162,1.639255
108,163,0.079355
108,164,0.582402
108,165,-0.386178
108,166,1.462708
108,167,0.150697
108,168,0.046612
108,169,0.384318
108,170,5.379866
108,171,-0.531233
108,172,3.024304
108,173,-0.413622
108,174,2.884914
108,175,2.490233
108,176,3.530336
108,177,-0.003977
108,178,0.811264
108,179,1.276703
108,180,3.837994
108,181,0.890614
108,182,0.009213
108,183,0.12118
108,184,8.183122
108,185,2.970871
108,186,4.839454
108,187,6.838776
108,188,2.009277
108,189,6.087373
108,190,10.612372
108,191,0.774607
108,192,0.072898
108,193,0.07656
108,194,-0.203548
108,195,1.529905
108,196,-0.486551
108,197,0.435759
108,198,0.80902
108,199,0.116703
108,200,-3.119775
109,110,2.611618
109,111,1.912606
109,112,-0.338627
109,113,-2.377851
109,114,1.462978
109,115,0.45314
109,116,0.451129
109,117,3.205259
109,118,-4.882303
109,119,0.820399
109,120,1.127769
109,121,-2.884122
109,122,-0.547964
109,123,5.68454
109,124,0.587392
109,125,-0.002743
109,126,3.094314
109,127,1.13543
109,128,0.116559
109,129,-1.964256
109,130,0.133496
109,131,4.777409
109,132,1.170359
109,133,4.701236
109,134,-3.797725
109,135,0.016597
109,136,1.140347
109,137,-0.07521
109,138,0.225112
109,139,1.034147
109,140,-1.819702
109,141,-3.682223
109,142,-2.072104
109,143,0.096637
109,144,1.642252
109,145,0.030806
109,146,-3.081361
109,147,5.962346
109,148,-0.825703
109,149,2.855191
109,150,0.851135
109,151,5.632601
109,152,0.20155
109,153,0.594611
109,154,4.34972
109,155,0.797983
109,156,5.428949
109,157,-0.133717
109,158,-0.048707
109,159,3.636517
109,160,0.148538
109,161,0.821598
109,162,3.623637
109,163,-0.485305
109,164,1.367528
109,165,-1.352062
109,166,0.258925
109,167,-0.84176
109,168,1.170702
109,169,0.006235
109,170,5.036872
109,171,-0.311986
109,172,1.443106
109,173,-0.483897
109,174,0.717033
109,175,1.681314
109,176,5.924103
109,177,1.895303
109,178,2.485677
109,179,3.005023
109,180,3.496934
109,181,-0.929116
109,182,0.901954
109,183,-0.354818
109,184,5.847589
109,185,1.212765
109,186,3.474306
109,187,9.497366
109,188,1.631548
109,189,4.852753
109,190,7.227394
109,191,0.08021
109,192,-0.067743
109,193,0.664816
109,194,0.688922
109,195,3.463061
109,196,-0.210564
109,197,2.210218
109,198,1.92943
109,199,0.087833
109,200,-2.681878
110,111,-0.33162
110,112,0.32401
110,113,3.941938
110,114,0.706611
110,115,-0.724024
110,116,-2.029971
110,117,2.83385
110,118,-1.491232
110,119,-0.1878
110,120,4.390519
110,121,-0.260406
110,122,0.406364
110,123,3.35835
110,124,1.945707
110,125,-0.730184
110,126,2.653529
110,127,0.742906
110,128,3.001902
110,129,-1.651894
110,130,-1.245325
110,131,-1.415292
110,132,-1.267318
110,133,3.24502
110,134,-1.583294
110,135,-1.57013
110,136,1.267372
110,137,2.748709
110,138,0.47078
110,139,1.504485
110,140,1.292464
110,141,1.449406
110,142,-0.991333
110,143,2.941032
110,144,1.46404
110,145,2.97639
110,146,-1.905982
110,147,-0.036389
110,148,-1.507899
110,149,0.064572
110,150,0.458114
110,151,1.832399
110,152,-0.466614
110,153,-1.708844
110,154,1.435303
110,155,-0.368014
110,156,-0.260121
110,157,4.96699
110,158,3.068891
110,159,-1.227053
110,160,-1.251282
110,161,0.543369
110,162,-0.337015
110,163,0.623772
110,164,5.769386
110,165,2.155156
110,166,1.955142
110,167,0.871597
110,168,-0.58241
110,169,-4.804799
110,170,-0.159164
110,171,-5.086479
110,172,-0.253043
110,173,1.91188
110,174,1.148798
110,175,0.125147
110,176,3.517479
110,177,2.203084
110,178,3.069012
110,179,0.659701
110,180,1.355372
110,181,-0.759913
110,182,5.450488
110,183,-0.027419
110,184,0.026996
110,185,-1.706471
110,186,-0.697314
110,187,0.317223
110,188,-0.236933
110,189,-1.348295
110,190,-0.205202
110,191,0.14628
110,192,2.772355
110,193,-0.784977
110,194,-1.069709
110,195,3.042035
110,196,-1.113082
110,197,3.994121
110,198,3.949011
110,199,2.446249
110,200,-6.993769
111,112,0.457637
111,113,-2.85374
111,114,3.895173
111,115,0.040468
111,116,-3.368013
111,117,-0.058008
111,118,-6.886754
111,119,-3.06872
111,120,-0.150572
111,121,-5.812565
111,122,-1.009831
111,123,-0.849799
111,124,2.856883
111,125,-1.972543
111,126,-1.341702
111,127,0.116335
111,128,-0.893602
111,129,-4.956422
111,130,0.482922
111,131,1.704594
111,132,-0.295166
111,133,-0.045581
111,134,-6.392111
111,135,-2.644351
111,136,3.775043
111,137,1.825712
111,138,2.580471
111,139,-2.261114
111,140,-3.84951
111,141,-5.22313
111,142,-4.750521
111,143,-0.139647
111,144,-2.22965
111,145,2.240907
111,146,-5.944761
111,147,0.349602
111,148,-3.556221
111,149,-0.352704
111,150,3.334848
111,151,-0.14493
111,152,2.651856
111,153,-0.191061
111,154,-0.080318
111,155,-2.688383
111,156,1.987389
111,157,0.419625
111,158,0.334722
111,159,0.040248
111,160,0.187691
111,161,0.537905
111,162,-1.230609
111,163,1.690577
111,164,-0.061187
111,165,-1.371788
111,166,2.463057
111,167,-3.766625
111,168,-0.419284
111,169,-1.902039
111,170,-0.538772
111,171,-2.336789
111,172,-0.271199
111,173,-0.810787
111,174,2.446334
111,175,-1.432801
111,176,-0.813611
111,177,-2.38132
111,178,-2.368941
111,179,-0.893857
111,180,-2.24009
111,181,-1.528698
111,182,0.218883
111,183,-2.181992
111,184,1.820058
111,185,-0.676871
111,186,0.710735
111,187,0.912637
111,188,-3.51954
111,189,2.447619
111,190,2.662097
111,191,2.240638
111,192,-1.595252
111,193,-3.131046
111,194,-1.103614
111,195,-0.323338
111,196,-2.46931
111,197,-1.099737
111,198,-0.082335
111,199,1.314833
111,200,-4.389456
112,113,1.176461
112,114,-1.260148
112,115,-0.333752
112,116,-4.67703
112,117,4.75071
112,118,-0.963806
112,119,3.916241
112,120,4.169453
112,121,1.316549
112,122,-0.227003
112,123,9.637125
112,124,-0.729918
112,125,0.963547
112,126,3.420666
112,127,0.220708
112,128,2.634725
112,129,1.475955
112,130,-4.01695
112,131,2.816227
112,132,1.136279
112,133,6.214876
112,134,0.076839
112,135,2.809438
112,136,-1.556681
112,137,-0.168913
112,138,-0.986123
112,139,2.732697
112,140,-0.439594
112,141,0.042316
112,142,-3.925436
112,143,0.235281
112,144,-0.24761
112,145,-0.059817
112,146,-4.313871
112,147,4.819248
112,148,-4.452363
112,149,-0.412854
112,150,-2.618617
112,151,7.086066
112,152,-3.110311
112,153,0.552266
112,154,1.315263
112,155,4.706783
112,156,1.902786
112,157,1.758516
112,158,0.160686
112,159,2.663797
112,160,-2.354232
112,161,-1.489552
112,162,-0.689051
112,163,-1.434017
112,164,4.752314
112,165,-0.094079
112,166,-1.171555
112,167,2.725947
112,168,1.370786
112,169,0.81009
112,170,-0.211432
112,171,0.73021
112,172,1.057624
112,173,-1.115369
112,174,-0.247353
112,175,0.489654
112,176,8.172785
112,177,5.08907
112,178,6.522882
112,179,-0.046417
112,180,3.281096
112,181,0.217648
112,182,3.520602
112,183,-1.581775
112,184,-0.194424
112,185,-4.689935
112,186,2.481701
112,187,5.509649
112,188,0.602815
112,189,0.952744
112,190,2.587709
112,191,-1.215864
112,192,3.003399
112,193,3.717717
112,194,0.809889
112,195,3.156209
112,196,1.200512
112,197,5.948029
112,198,4.093725
112,199,0.105245
112,200,-1.745786
113,114,-1.375895
113,115,-3.964192
113,116,-1.641539
113,117,-0.032878
113,118,0.158861
113,119,-1.858983
113,120,-0.721115
113,121,-0.108319
113,122,0.631313
113,123,4.115288
113,124,0.481792
113,125,2.108659
113,126,3.399665
113,127,-2.852183
113,128,-0.933769
113,129,-0.282718
113,130,-4.468779
113,131,0.513223
113,132,1.486144
113,133,2.057141
113,134,-0.809906
113,135,-4.163576
113,136,-0.197293
113,137,-0.405373
113,138,-3.189862
113,139,1.46196
113,140,0.388847
113,141,0.283136
113,142,-1.588863
113,143,-1.501432
113,144,-0.739908
113,145,-0.068757
113,146,-0.911001
113,147,0.485207
113,148,-2.850135
113,149,1.555591
113,150,-2.285514
113,151,2.270203
113,152,-4.313831
113,153,0.337745
113,154,0.300088
113,155,-2.705704
113,156,4.443377
113,157,-1.077703
113,158,-1.592826
113,159,-0.426587
113,160,-4.844521
113,161,0.507187
113,162,-2.128116
113,163,-4.427247
113,164,0.809592
113,165,0.932711
113,166,-1.328211
113,167,-0.83996
113,168,-3.525354
113,169,-4.417781
113,170,4.334882
113,171,-5.430861
113,172,5.035359
113,173,-1.489962
113,174,0.859419
113,175,2.462974
113,176,3.933427
113,177,-1.045813
113,178,0.274057
113,179,-1.231587
113,180,5.4914
113,181,3.108786
113,182,-0.583302
113,183,0.100842
113,184,1.990889
113,185,-4.011871
113,186,3.551173
113,187,1.829022
113,188,6.182497
113,189,-0.752301
113,190,6.2457
113,191,-4.089758
113,192,-0.917899
113,193,-1.485927
113,194,-3.574716
113,195,1.653642
113,196,-3.293728
113,197,-0.429334
113,198,0.090893
113,199,-2.688304
113,200,-8.228264
114,115,2.04872
114,116,-2.708427
114,117,6.936562
114,118,-5.084407
114,119,0.164586
114,120,2.751737
114,121,-3.288715
114,122,-0.72578
114,123,5.167524
114,124,0.196751
114,125,-0.784786
114,126,1.875117
114,127,3.604335
114,128,0.892741
114,129,-2.629799
114,130,-0.933669
114,131,1.508019
114,132,-0.474574
114,133,7.361728
114,134,-4.208375
114,135,0.88889
114,136,0.014627
114,137,0.337519
114,138,0.228875
114,139,0.905245
114,140,-1.450182
114,141,-3.31488
114,142,-2.351422
114,143,2.16692
114,144,1.960989
114,145,0.430446
114,146,-3.74693
114,147,4.731939
114,148,-2.079968
114,149,0.608817
114,150,-0.319385
114,151,6.539873
114,152,-0.339147
114,153,-1.194765
114,154,3.986533
114,155,1.323956
114,156,1.408827
114,157,1.631926
114,158,1.988203
114,159,1.584403
114,160,1.249923
114,161,-0.045688
114,162,2.869119
114,163,0.995545
114,164,2.603616
114,165,-0.569847
114,166,0.475531
114,167,-1.22089
114,168,3.900966
114,169,-2.203064
114,170,0.069313
114,171,-2.054898
114,172,0.14863
114,173,0.976286
114,174,-0.319504
114,175,1.01684
114,176,4.729005
114,177,1.326217
114,178,1.902385
114,179,3.323973
114,180,0.964432
114,181,-1.86805
114,182,4.002963
114,183,-0.090003
114,184,0.722112
114,185,-1.824947
114,186,1.147026
114,187,4.979425
114,188,-1.006124
114,189,1.214422
114,190,1.668532
114,191,0.49483
114,192,0.299948
114,193,-0.053662
114,194,1.082411
114,195,5.611868
114,196,-0.945188
114,197,3.639472
114,198,3.801824
114,199,1.949329
114,200,-3.316933
115,116,-4.822613
115,117,0.2305
115,118,-7.032869
115,119,-2.173564
115,120,-0.069996
115,121,-5.560509
115,122,-1.584329
115,123,0.126524
115,124,1.258543
115,125,-1.849879
115,126,-1.213871
115,127,-0.379512
115,128,-1.048916
115,129,-4.467032
115,130,-1.191365
115,131,2.370748
115,132,-0.035585
115,133,0.478787
115,134,-6.180049
115,135,-1.937093
115,136,1.706135
115,137,0.340208
115,138,0.974386
115,139,-2.037705
115,140,-4.835337
115,141,-5.925482
115,142,-6.142369
115,143,-1.372507
115,144,-3.252278
115,145,0.627196
115,146,-7.176162
115,147,1.232757
115,148,-5.006477
115,149,-1.000484
115,150,1.061879
115,151,0.730592
115,152,0.495778
115,153,-0.140301
115,154,-0.516465
115,155,-1.832613
115,156,1.910937
115,157,-0.933097
115,158,-0.929642
115,159,0.941164
115,160,-0.574154
115,161,-0.530602
115,162,-1.905879
115,163,0.176216
115,164,-0.79239
115,165,-2.455027
115,166,0.907656
115,167,-3.256962
115,168,-0.058952
115,169,-1.568058
115,170,-1.242589
115,171,-1.907359
115,172,-0.321152
115,173,-2.135769
115,174,1.164843
115,175,-1.70584
115,176,0.163081
115,177,-1.455133
115,178,-1.412937
115,179,-1.604711
115,180,-2.064874
115,181,-1.788902
115,182,-0.70348
115,183,-3.122704
115,184,0.924713
115,185,-2.491877
115,186,1.162796
115,187,1.604923
115,188,-3.80684
115,189,2.682544
115,190,2.379629
115,191,0.8543
115,192,-1.339351
115,193,-2.262933
115,194,-0.345802
115,195,-0.68129
115,196,-1.733722
115,197,-0.331696
115,198,-0.11227
115,199,0.130786
115,200,-4.062579
116,117,-1.199837
116,118,-8.094618
116,119,-6.668708
116,120,-2.500599
116,121,-7.193944
116,122,-4.017851
116,123,0.045781
116,124,-0.294697
116,125,-5.522728
116,126,0.872705
116,127,-1.955572
116,128,-3.641389
116,129,-8.025965
116,130,-1.215685
116,131,-4.580853
116,132,-5.74074
116,133,0.162942
116,134,-8.395111
116,135,-7.527902
116,136,0.06283
116,137,-0.592574
116,138,-4.251546
116,139,-3.191075
116,140,-1.839437
116,141,-4.52362
116,142,1.270214
116,143,-0.393862
116,144,4.797378
116,145,0.045092
116,146,-0.725706
116,147,-2.62151
116,148,-0.072358
116,149,-1.523855
116,150,0.038644
116,151,-1.135524
116,152,-2.216393
116,153,-6.501894
116,154,1.473103
116,155,-6.690854
116,156,-2.357827
116,157,-0.944408
116,158,0.987016
116,159,-5.06647
116,160,-2.689801
116,161,-1.251921
116,162,0.533878
116,163,-1.923207
116,164,-0.590771
116,165,-1.474309
116,166,0.346113
116,167,-6.150784
116,168,-4.948406
116,169,-9.55764
116,170,0.343262
116,171,-9.810546
116,172,-3.906915
116,173,-0.53943
116,174,-2.805923
116,175,-2.446144
116,176,0.554014
116,177,-4.895064
116,178,-4.043349
116,179,0.847005
116,180,1.375755
116,181,-5.863071
116,182,1.277298
116,183,-2.324858
116,184,-0.74167
116,185,-0.385017
116,186,-4.110869
116,187,0.036812
116,188,0.980632
116,189,-4.122526
116,190,-1.478033
116,191,-4.367
116,192,-4.311455
116,193,-6.884731
116,194,-6.17187
116,195,2.284861
116,196,-7.401135
116,197,-2.97242
116,198,-1.450726
116,199,-1.162746
116,200,-11.753424
117,118,-3.465542
117,119,-1.49594
117,120,0.264764
117,121,-2.942744
117,122,2.462365
117,123,0.090775
117,124,6.161043
117,125,1.046085
117,126,0.371133
117,127,0.060223
117,128,0.235299
117,129,-2.289961
117,130,1.190068
117,131,3.294592
117,132,2.574077
117,133,0.090373
117,134,-3.400785
117,135,-1.458143
117,136,7.654252
117,137,4.632998
117,138,3.264716
117,139,-0.156595
117,140,-1.182764
117,141,-1.886785
117,142,-3.209875
117,143,0.337483
117,144,-2.106887
117,145,5.322834
117,146,-3.610883
117,147,1.008013
117,148,-2.178842
117,149,2.818677
117,150,5.342215
117,151,0.414137
117,152,3.489838
117,153,3.068825
117,154,-0.215632
117,155,-1.487017
117,156,4.754485
117,157,1.230163
117,158,1.15345
117,159,1.457818
117,160,0.16211
117,161,3.201118
117,162,-1.314822
117,163,3.280869
117,164,0.076619
117,165,1.556293
117,166,4.56022
117,167,-1.532272
117,168,-0.0733
117,169,0.897807
117,170,2.76009
117,171,-0.015094
117,172,2.895753
117,173,0.367462
117,174,6.76404
117,175,1.558742
117,176,0.125889
117,177,-1.070672
117,178,-1.051702
117,179,-1.001193
117,180,0.323266
117,181,2.170584
117,182,0.527262
117,183,0.630536
117,184,5.221687
117,185,0.609036
117,186,3.187499
117,187,1.678506
117,188,-0.382545
117,189,3.926907
117,190,5.844008
117,191,3.499437
117,192,0.052541
117,193,-1.401173
117,194,-0.294078
117,195,-0.470266
117,196,-0.692923
117,197,-0.394643
117,198,0.033102
117,199,1.961037
117,200,-2.286419
118,119,-2.569708
118,120,-0.627951
118,121,0.658858
118,122,-2.454117
118,123,-0.095758
118,124,-2.93229
118,125,-0.509921
118,126,-1.589726
118,127,-6.685978
118,128,-1.75162
118,129,-1.116648
118,130,-9.233391
118,131,-3.501189
118,132,-1.287871
118,133,-2.617777
118,134,-0.5213
118,135,-5.169662
118,136,-4.198499
118,137,-2.865324
118,138,-5.932116
118,139,-2.022997
118,140,-4.179359
118,141,-1.324075
118,142,-8.151044
118,143,-5.092319
118,144,-6.736949
118,145,-2.382323
118,146,-7.579625
118,147,-4.205157
118,148,-8.937791
118,149,-3.973531
118,150,-6.587396
118,151,-2.533332
118,152,-8.362117
118,153,-2.001672
118,154,-5.728066
118,155,-3.400746
118,156,-0.205242
118,157,-2.543417
118,158,-4.731821
118,159,-4.050596
118,160,-9.008508
118,161,-4.279953
118,162,-8.049414
118,163,-6.847353
118,164,-0.640897
118,165,-1.993439
118,166,-4.715064
118,167,-0.461563
118,168,-6.260334
118,169,-6.78796
118,170,-2.227053
118,171,-7.828945
118,172,0.490928
118,173,-5.684291
118,174,-2.072025
118,175,-2.654632
118,176,-0.232259
118,177,-0.320337
118,178,0.899086
118,179,-7.117079
118,180,0.207813
118,181,0.28008
118,182,-2.322986
118,183,-5.05876
118,184,-3.626357
118,185,-9.527763
118,186,-0.362749
118,187,-3.873222
118,188,-0.592924
118,189,-5.030561
118,190,0.870754
118,191,-6.58451
118,192,-0.47618
118,193,-2.796356
118,194,-5.869569
118,195,-4.427304
118,196,-4.124657
118,197,0.331509
118,198,-2.501492
118,199,-5.128377
118,200,-10.430938
119,120,-0.167615
119,121,-0.934968
119,122,0.234617
119,123,0.05426
119,124,1.928945
119,125,1.50196
119,126,-1.469381
119,127,-3.069311
119,128,-0.555309
119,129,0.031167
119,130,-5.072566
119,131,1.166474
119,132,2.96799
119,133,-1.351741
119,134,-1.406883
119,135,0.004093
119,136,0.595343
119,137,2.655868
119,138,0.072136
119,139,-1.04437
119,140,-4.582363
119,141,-3.441698
119,142,-7.647623
119,143,-2.755658
119,144,-6.031528
119,145,3.059023
119,146,-7.747504
119,147,-0.912997
119,148,-7.219238
119,149,-1.832761
119,150,-1.899797
119,151,-0.58952
119,152,-3.234809
119,153,3.823906
119,154,-3.828844
119,155,-0.013393
119,156,2.399154
119,157,-0.576815
119,158,-1.841948
119,159,0.297748
119,160,-4.563083
119,161,-1.587172
119,162,-5.61427
119,163,-0.417507
119,164,-1.470902
119,165,-0.754382
119,166,0.17195
119,167,0.048636
119,168,-1.476225
119,169,-0.289591
119,170,-1.422113
119,171,-1.274654
119,172,1.721978
119,173,-3.415005
119,174,3.163547
119,175,-1.11422
119,176,-0.169928
119,177,0.171297
119,178,-0.019845
119,179,-4.951747
119,180,0.021918
119,181,3.240149
119,182,-1.419416
119,183,-3.566449
119,184,-0.589746
119,185,-6.027015
119,186,2.472752
119,187,-1.023452
119,188,-2.297331
119,189,-0.061268
119,190,2.71613
119,191,-0.081981
119,192,0.251983
119,193,0.126855
119,194,-0.873611
119,195,-3.293244
119,196,0.699843
119,197,0.082232
119,198,-1.492463
119,199,-0.123598
119,200,-3.723624
120,121,0.111467
120,122,2.716113
120,123,1.845288
120,124,3.81769
120,125,4.634715
120,126,0.781448
120,127,-0.341727
120,128,-0.012117
120,129,0.867862
120,130,-1.472767
120,131,4.279905
120,132,5.444427
120,133,0.614855
120,134,-0.064967
120,135,-1.24209
120,136,3.3228
120,137,2.634528
120,138,1.005444
120,139,0.820714
120,140,-1.905192
120,141,-1.137567
120,142,-4.2347
120,143,-0.444005
120,144,-3.172567
120,145,2.927075
120,146,-4.185909
120,147,1.965112
120,148,-3.547591
120,149,1.975571
120,150,1.355443
120,151,1.668089
120,152,-0.334336
120,153,4.525955
120,154,-0.905269
120,155,-0.593511
120,156,7.141385
120,157,0.19313
120,158,0.227619
120,159,3.208981
120,160,-1.159912
120,161,2.668781
120,162,-2.462032
120,163,-0.30569
120,164,-0.229468
120,165,1.500095
120,166,2.436176
120,167,-0.051469
120,168,-0.019036
120,169,-0.071674
120,170,3.265651
120,171,-1.05209
120,172,6.299842
120,173,-0.518457
120,174,4.357117
120,175,2.39221
120,176,1.578254
120,177,-0.267535
120,178,0.307007
120,179,-1.925105
120,180,2.973973
120,181,4.508554
120,182,-0.247633
120,183,-0.099136
120,184,3.442126
120,185,-2.240206
120,186,6.666
120,187,2.025503
120,188,2.139511
120,189,2.891873
120,190,7.506018
120,191,0.202297
120,192,0.019393
120,193,0.356841
120,194,-0.245509
120,195,-0.877075
120,196,-0.512553
120,197,-0.020769
120,198,-0.040888
120,199,0.564718
120,200,-3.85468
121,122,-0.716338
121,123,-0.741643
121,124,-0.758685
121,125,0.783224
121,126,-2.012053
121,127,-5.518105
121,128,-0.494349
121,129,0.252075
121,130,-7.82556
121,131,-2.469566
121,132,0.030186
121,133,-2.621375
121,134,-0.011475
121,135,-3.467338
121,136,-2.133216
121,137,-0.679889
121,138,-4.110565
121,139,-1.816579
121,140,-4.063517
121,141,-1.237691
121,142,-7.735162
121,143,-3.99512
121,144,-6.802434
121,145,-0.104058
121,146,-7.219645
121,147,-3.567113
121,148,-8.159672
121,149,-3.067429
121,150,-4.824326
121,151,-2.334244
121,152,-6.725034
121,153,-0.44138
121,154,-5.460465
121,155,-1.726326
121,156,0.656355
121,157,-0.840267
121,158,-3.270298
121,159,-2.992646
121,160,-7.6554
121,161,-2.757739
121,162,-7.576604
121,163,-4.844089
121,164,-1.319441
121,165,-0.21794
121,166,-2.75945
121,167,0.040287
121,168,-4.82869
121,169,-5.240081
121,170,-1.320253
121,171,-6.269142
121,172,2.228699
121,173,-4.550345
121,174,0.135358
121,175,-1.866906
121,176,-0.947917
121,177,-0.13253
121,178,-0.068545
121,179,-6.666093
121,180,-0.308611
121,181,2.611078
121,182,-1.547522
121,183,-4.122716
121,184,-2.544148
121,185,-8.313136
121,186,0.507634
121,187,-3.569088
121,188,-0.296907
121,189,-3.85926
121,190,1.60098
121,191,-4.685076
121,192,0.243513
121,193,-1.401244
121,194,-4.308812
121,195,-4.410693
121,196,-2.35888
121,197,0.065726
121,198,-2.168436
121,199,-3.28782
121,200,-8.810664
122,123,4.153419
122,124,-0.290184
122,125,0.048436
122,126,3.57242
122,127,-0.880936
122,128,2.317722
122,129,-1.140729
122,130,-3.890871
122,131,0.144769
122,132,-0.205056
122,133,3.298105
122,134,-1.842953
122,135,-1.668804
122,136,-1.029361
122,137,0.117298
122,138,-1.00704
122,139,2.977939
122,140,-0.046711
122,141,-0.700524
122,142,-3.484541
122,143,0.298159
122,144,-1.015531
122,145,0.17627
122,146,-3.811949
122,147,1.016568
122,148,-3.931372
122,149,0.171899
122,150,-2.163062
122,151,2.747743
122,152,-3.124813
122,153,-0.763986
122,154,0.456756
122,155,-0.351979
122,156,0.996774
122,157,1.487992
122,158,0.149127
122,159,0.218423
122,160,-3.279974
122,161,-0.85257
122,162,-1.85169
122,163,-2.237207
122,164,3.648016
122,165,0.212097
122,166,-0.802536
122,167,0.922731
122,168,-1.053687
122,169,-3.772701
122,170,-0.023546
122,171,-4.23378
122,172,0.379494
122,173,-0.658699
122,174,0.013682
122,175,0.784224
122,176,4.208782
122,177,1.752278
122,178,2.683364
122,179,-0.943952
122,180,2.235806
122,181,-0.708924
122,182,2.448951
122,183,-0.899068
122,184,0.326524
122,185,-4.2925
122,186,0.683922
122,187,1.388321
122,188,0.051095
122,189,0.165064
122,190,1.115644
122,191,-1.723066
122,192,2.513864
122,193,-0.012252
122,194,-0.946997
122,195,1.675294
122,196,-0.652441
122,197,2.777943
122,198,3.387027
122,199,-0.377947
122,200,-6.573109
123,124,9.677567
123,125,2.386141
123,126,-0.022863
123,127,-0.112591
123,128,1.452727
123,129,-0.257568
123,130,0.011689
123,131,1.491642
123,132,3.23129
123,133,-0.171687
123,134,-0.979463
123,135,0.700804
123,136,8.519606
123,137,8.743978
123,138,3.729187
123,139,0.006286
123,140,0.108485
123,141,2.184386
123,142,-1.798652
123,143,1.118685
123,144,-2.223274
123,145,11.02091
123,146,-1.255779
123,147,-0.301536
123,148,-1.758846
123,149,1.64358
123,150,4.488445
123,151,-0.196651
123,152,1.69737
123,153,4.388332
123,154,-1.316894
123,155,0.295487
123,156,3.467828
123,157,3.125108
123,158,2.665457
123,159,0.608581
123,160,-0.739775
123,161,5.083451
123,162,-2.550479
123,163,5.659349
123,164,0.910431
123,165,5.983855
123,166,6.410177
123,167,0.256457
123,168,0.12694
123,169,1.475068
123,170,3.003456
123,171,0.457905
123,172,4.157924
123,173,1.249096
123,174,10.320821
123,175,1.360788
123,176,0.002977
123,177,0.888348
123,178,0.209917
123,179,-1.869158
123,180,0.26661
123,181,5.618154
123,182,2.187935
123,183,1.265668
123,184,2.99593
123,185,-0.580366
123,186,2.80047
123,187,-0.371366
123,188,0.75059
123,189,1.351041
123,190,4.203668
123,191,4.60725
123,192,1.960704
123,193,-0.11642
123,194,0.360958
123,195,-0.76134
123,196,1.590217
123,197,1.282243
123,198,0.519551
123,199,3.613841
123,200,-1.309075
124,125,0.124951
124,126,7.163067
124,127,2.324465
124,128,2.01236
124,129,-0.913414
124,130,-1.003649
124,131,3.049284
124,132,0.455063
124,133,8.511655
124,134,-2.113624
124,135,1.887446
124,136,-0.106614
124,137,0.109237
124,138,0.031405
124,139,2.854783
124,140,1.079723
124,141,-1.318248
124,142,0.653095
124,143,1.611209
124,144,6.725801
124,145,0.132054
124,146,0.000909
124,147,6.465538
124,148,-0.418421
124,149,2.24588
124,150,-0.427069
124,151,8.162259
124,152,-0.736353
124,153,-0.284536
124,154,6.485022
124,155,2.801526
124,156,3.222352
124,157,1.738066
124,158,1.261662
124,159,2.772638
124,160,0.235691
124,161,0.207048
124,162,4.44591
124,163,-0.224924
124,164,4.823556
124,165,-0.272079
124,166,0.006686
124,167,0.899868
124,168,2.679817
124,169,-0.990605
124,170,3.642391
124,171,-0.877455
124,172,0.935695
124,173,0.52947
124,174,-0.093764
124,175,2.110673
124,176,9.945759
124,177,3.817673
124,178,4.722798
124,179,4.61217
124,180,8.101926
124,181,-1.022371
124,182,3.776005
124,183,0.352023
124,184,3.088595
124,185,-0.78762
124,186,2.36327
124,187,8.922969
124,188,5.530313
124,189,2.698685
124,190,4.244539
124,191,-0.060565
124,192,1.994913
124,193,1.541197
124,194,1.597767
124,195,7.412483
124,196,0.248081
124,197,5.846512
124,198,4.638826
124,199,1.053445
124,200,-2.527383
125,126,2.034604
125,127,-1.726739
125,128,3.439004
125,129,0.115339
125,130,-4.718604
125,131,-0.595263
125,132,-0.159278
125,133,1.37516
125,134,0.240129
125,135,-0.512101
125,136,-0.952277
125,137,0.95545
125,138,-0.716633
125,139,1.33713
125,140,-1.695262
125,141,-0.625006
125,142,-5.208614
125,143,-0.579007
125,144,-2.844601
125,145,1.250948
125,146,-5.512041
125,147,-0.362683
125,148,-5.470592
125,149,-1.119391
125,150,-2.512086
125,151,0.993577
125,152,-3.522774
125,153,-0.293543
125,154,-1.367958
125,155,0.976543
125,156,0.048666
125,157,2.345359
125,158,-0.189085
125,159,-0.482196
125,160,-4.018955
125,161,-1.583598
125,162,-3.576299
125,163,-1.595007
125,164,3.034958
125,165,0.408177
125,166,-0.656976
125,167,2.915909
125,168,-1.214023
125,169,-3.346196
125,170,-1.519237
125,171,-3.882162
125,172,-0.064701
125,173,-1.647012
125,174,0.707702
125,175,-0.549879
125,176,2.521184
125,177,3.558057
125,178,3.567272
125,179,-2.677057
125,180,0.600495
125,181,0.209611
125,182,2.312867
125,183,-2.202651
125,184,-0.827929
125,185,-5.435994
125,186,0.019429
125,187,-0.340903
125,188,-1.619925
125,189,-0.675122
125,190,0.071456
125,191,-1.220103
125,192,4.462886
125,193,0.688814
125,194,-0.790794
125,195,-0.219237
125,196,0.668166
125,197,4.33214
125,198,2.001543
125,199,-0.000854
125,200,-6.080962
126,127,-0.222317
126,128,0.650244
126,129,-1.590184
126,130,-1.175932
126,131,-0.518175
126,132,1.055618
126,133,0.037742
126,134,-2.427903
126,135,-2.626535
126,136,5.977522
126,137,5.721929
126,138,0.167354
126,139,-0.04194
126,140,0.320029
126,141,1.661733
126,142,-0.706262
126,143,1.668593
126,144,-1.566658
126,145,6.687716
126,146,0.041552
126,147,-0.87437
126,148,-1.279815
126,149,1.044892
126,150,2.4243
126,151,-0.197301
126,152,-0.684613
126,153,0.360815
126,154,-1.251031
126,155,-1.825266
126,156,1.817277
126,157,2.662193
126,158,3.42434
126,159,-0.612328
126,160,-1.779539
126,161,4.674134
126,162,-2.564758
126,163,0.548216
126,164,0.775881
126,165,7.314673
126,166,4.442887
126,167,-1.226024
126,168,-1.017499
126,169,-4.109731
126,170,2.241518
126,171,-4.711295
126,172,3.259598
126,173,1.732524
126,174,4.960697
126,175,1.058591
126,176,-0.008428
126,177,-0.998173
126,178,-0.684082
126,179,-1.710816
126,180,0.157497
126,181,2.55565
126,182,2.487953
126,183,1.220517
126,184,1.454724
126,185,-1.449166
126,186,1.404348
126,187,-1.066397
126,188,0.685973
126,189,-0.891334
126,190,2.167646
126,191,-0.525232
126,192,0.106985
126,193,-1.243628
126,194,-1.243833
126,195,-0.343168
126,196,-1.781805
126,197,-0.055937
126,198,0.641581
126,199,2.020501
126,200,-7.075361
127,128,-0.684001
127,129,-4.793109
127,130,1.450094
127,131,2.365902
127,132,-0.274735
127,133,0.406156
127,134,-6.173621
127,135,-3.021663
127,136,3.499135
127,137,1.28964
127,138,1.720022
127,139,-1.572006
127,140,-3.2307
127,141,-4.905318
127,142,-3.933331
127,143,-0.274518
127,144,-1.421527
127,145,1.65202
127,146,-5.02843
127,147,1.208317
127,148,-2.57794
127,149,0.946795
127,150,3.245026
127,151,0.506545
127,152,2.231437
127,153,-0.352567
127,154,0.84629
127,155,-2.893038
127,156,3.664412
127,157,-0.000822
127,158,0.020138
127,159,0.389577
127,160,0.112965
127,161,1.00457
127,162,-0.138495
127,163,0.890835
127,164,0.056129
127,165,-1.3883
127,166,1.838702
127,167,-3.579589
127,168,-0.771042
127,169,-2.073209
127,170,1.343375
127,171,-2.629396
127,172,0.099287
127,173,-0.697425
127,174,2.140142
127,175,-0.463351
127,176,-0.013834
127,177,-2.403608
127,178,-2.158003
127,179,-0.084575
127,180,-0.897889
127,181,-1.62595
127,182,-0.088798
127,183,-1.443971
127,184,4.151672
127,185,1.156205
127,186,1.26973
127,187,2.639278
127,188,-2.132288
127,189,3.886733
127,190,5.219703
127,191,1.467727
127,192,-1.497072
127,193,-3.070612
127,194,-1.359846
127,195,0.189645
127,196,-2.657005
127,197,-1.1874
127,198,-0.012195
127,199,0.60543
127,200,-4.731623
128,129,-0.114434
128,130,-3.137426
128,131,2.174028
128,132,3.555307
128,133,0.431744
128,134,-1.044586
128,135,-1.969932
128,136,1.238096
128,137,1.520684
128,138,-0.361298
128,139,0.836537
128,140,-2.086301
128,141,-1.604342
128,142,-4.75941
128,143,-0.415332
128,144,-3.548101
128,145,1.646814
128,146,-4.778216
128,147,1.007022
128,148,-4.330941
128,149,1.109586
128,150,-0.604499
128,151,1.223276
128,152,-2.18676
128,153,2.706396
128,154,-1.45539
128,155,-1.098
128,156,4.581251
128,157,0.138447
128,158,0.241744
128,159,1.821133
128,160,-2.778343
128,161,1.259814
128,162,-3.235358
128,163,-1.696724
128,164,-0.148227
128,165,1.063669
128,166,0.832167
128,167,-0.224277
128,168,-0.649861
128,169,-2.007076
128,170,1.745237
128,171,-2.857526
128,172,4.581444
128,173,-0.684083
128,174,2.629799
128,175,1.925434
128,176,1.280918
128,177,-0.481565
128,178,0.140185
128,179,-2.51734
128,180,2.433784
128,181,2.633285
128,182,-0.176703
128,183,-0.582117
128,184,1.980006
128,185,-3.749971
128,186,4.272313
128,187,0.845345
128,188,0.741073
128,189,1.072285
128,190,4.586934
128,191,-1.235384
128,192,-0.058804
128,193,-0.108503
128,194,-0.838339
128,195,-1.106686
128,196,-1.101011
128,197,-0.104506
128,198,0.024223
128,199,-0.092335
128,200,-5.567809
129,130,-7.40626
129,131,-1.533256
129,132,0.395734
129,133,-1.996763
129,134,-0.306445
129,135,-1.449617
129,136,-2.243023
129,137,-0.223433
129,138,-2.865352
129,139,-1.352184
129,140,-4.601859
129,141,-2.713734
129,142,-8.31109
129,143,-3.760335
129,144,-6.614713
129,145,0.441899
129,146,-8.218444
129,147,-2.760385
129,148,-8.453966
129,149,-3.235737
129,150,-4.559599
129,151,-1.70804
129,152,-5.95526
129,153,0.647039
129,154,-4.960706
129,155,-0.134084
129,156,0.154905
129,157,-0.59697
129,158,-3.051162
129,159,-1.99862
129,160,-6.865038
129,161,-3.401241
129,162,-7.057593
129,163,-3.361753
129,164,-0.886449
129,165,-1.33731
129,166,-2.467388
129,167,1.15311
129,168,-3.651416
129,169,-3.614843
129,170,-2.80643
129,171,-4.597492
129,172,-0.100255
129,173,-4.572991
129,174,0.28209
129,175,-2.138424
129,176,-0.360576
129,177,1.643431
129,178,0.763815
129,179,-6.206104
129,180,-0.182179
129,181,0.984372
129,182,-1.338087
129,183,-4.597453
129,184,-2.578032
129,185,-8.173286
129,186,0.143077
129,187,-2.851901
129,188,-2.740334
129,189,-2.714301
129,190,0.216483
129,191,-3.115668
129,192,1.844695
129,193,-0.56415
129,194,-3.019822
129,195,-3.940799
129,196,-0.176046
129,197,1.411902
129,198,-1.696607
129,199,-2.335851
129,200,-6.955637
130,131,-1.066526
130,132,-3.907774
130,133,1.695393
130,134,-8.717861
130,135,-4.6121
130,136,-0.249436
130,137,-1.527357
130,138,-1.788605
130,139,-3.367618
130,140,-4.323659
130,141,-6.796568
130,142,-3.008422
130,143,-0.256047
130,144,1.840148
130,145,-1.213733
130,146,-4.963052
130,147,0.817549
130,148,-1.764615
130,149,-0.467767
130,150,-0.055598
130,151,0.894272
130,152,-0.033835
130,153,-4.472915
130,154,3.107006
130,155,-4.354235
130,156,0.438917
130,157,-1.116969
130,158,-0.043898
130,159,-2.150615
130,160,0.644642
130,161,-1.335949
130,162,3.508489
130,163,0.060722
130,164,-1.025607
130,165,-3.387782
130,166,-0.593421
130,167,-5.922819
130,168,-1.330686
130,169,-5.946096
130,170,0.784954
130,171,-6.050592
130,172,-3.018673
130,173,-1.44923
130,174,-2.192011
130,175,-2.222519
130,176,-0.004711
130,177,-3.978249
130,178,-3.448028
130,179,3.300902
130,180,-1.640847
130,181,-5.319658
130,182,1.487123
130,183,-2.927333
130,184,1.765768
130,185,0.272854
130,186,-1.866902
130,187,3.702683
130,188,-2.88407
130,189,-0.338274
130,190,1.603374
130,191,-1.047525
130,192,-4.00266
130,193,-5.213157
130,194,-3.311489
130,195,3.169422
130,196,-5.471143
130,197,-1.853249
130,198,-0.335428
130,199,0.375236
130,200,-7.631966
131,132,0.177714
131,133,2.791573
131,134,-2.933077
131,135,3.29142
131,136,2.107502
131,137,4.282593
131,138,2.824473
131,139,-0.886201
131,140,-2.827177
131,141,-2.913679
131,142,-4.381235
131,143,1.756733
131,144,-0.528017
131,145,4.953033
131,146,-5.758709
131,147,0.802173
131,148,-4.033207
131,149,-1.624425
131,150,0.769413
131,151,1.737162
131,152,0.75053
131,153,0.753074
131,154,1.57577
131,155,2.510747
131,156,-0.294824
131,157,3.813886
131,158,2.65739
131,159,0.053319
131,160,0.579194
131,161,-0.586367
131,162,-0.166351
131,163,4.28267
131,164,2.441093
131,165,0.706822
131,166,2.710204
131,167,-0.005287
131,168,2.542636
131,169,-0.917156
131,170,-2.340786
131,171,-1.077212
131,172,-0.4074
131,173,-0.016582
131,174,2.899838
131,175,-1.724566
131,176,1.372072
131,177,2.419252
131,178,1.513704
131,179,0.574355
131,180,-1.882654
131,181,1.268093
131,182,4.449025
131,183,-2.392973
131,184,-0.907326
131,185,-2.627626
131,186,-0.194184
131,187,0.613336
131,188,-3.703747
131,189,0.044841
131,190,-0.150163
131,191,3.955461
131,192,2.448128
131,193,0.485219
131,194,1.823523
131,195,2.376796
131,196,2.545537
131,197,3.903134
131,198,2.994495
131,199,4.669322
131,200,-2.396362
132,133,2.797745
132,134,-0.44673
132,135,1.792099
132,136,-0.592041
132,137,1.488781
132,138,0.386648
132,139,0.591439
132,140,-2.366319
132,141,-1.625133
132,142,-5.353362
132,143,0.046234
132,144,-2.183401
132,145,1.86681
132,146,-6.033121
132,147,1.133618
132,148,-5.412357
132,149,-1.652005
132,150,-1.970771
132,151,2.362174
132,152,-2.480655
132,153,0.026808
132,154,-0.26018
132,155,3.119819
132,156,-0.140719
132,157,3.014164
132,158,0.539975
132,159,0.465853
132,160,-2.582968
132,161,-1.746238
132,162,-2.370317
132,163,0.05366
132,164,3.228443
132,165,0.222716
132,166,-0.076506
132,167,2.616444
132,168,0.825599
132,169,-1.795757
132,170,-2.178001
132,171,-2.070617
132,172,-0.331468
132,173,-1.397167
132,174,0.871362
132,175,-1.194759
132,176,3.325823
132,177,4.853629
132,178,4.114771
132,179,-1.583485
132,180,-0.1713
132,181,0.328213
132,182,3.098872
132,183,-2.632202
132,184,-1.282033
132,185,-4.962691
132,186,0.112276
132,187,1.035857
132,188,-2.50462
132,189,0.102383
132,190,-0.031305
132,191,0.373681
132,192,4.527614
132,193,1.801777
132,194,1.352392
132,195,0.900082
132,196,2.303029
132,197,5.774346
132,198,3.0061
132,199,1.332527
132,200,-3.932954
133,134,-2.98869
133,135,-1.072537
133,136,9.712642
133,137,6.824352
133,138,3.946229
133,139,-0.343908
133,140,0.093473
133,141,-0.346173
133,142,-1.909453
133,143,1.087669
133,144,-1.646882
133,145,7.769457
133,146,-2.018321
133,147,0.599662
133,148,-1.146274
133,149,2.517429
133,150,6.238496
133,151,0.135647
133,152,3.798924
133,153,3.559027
133,154,-0.313878
133,155,-1.244989
133,156,4.448431
133,157,2.150314
133,158,2.273176
133,159,1.178369
133,160,0.520012
133,161,4.847617
133,162,-1.279007
133,163,4.923223
133,164,0.295867
133,165,3.56954
133,166,6.312101
133,167,-1.383303
133,168,0.138132
133,169,1.562224
133,170,3.216641
133,171,0.577249
133,172,3.418843
133,173,1.375153
133,174,8.981942
133,175,1.489364
133,176,-0.142374
133,177,-0.854069
133,178,-1.009508
133,179,-0.875512
133,180,0.121365
133,181,3.202129
133,182,1.399916
133,183,1.850687
133,184,4.714555
133,185,1.200945
133,186,3.084134
133,187,1.067108
133,188,0.052118
133,189,3.249067
133,190,5.50617
133,191,4.616583
133,192,0.288109
133,193,-1.30671
133,194,-0.095796
133,195,-0.320197
133,196,-0.347634
133,197,-0.150993
133,198,0.192145
133,199,2.978632
133,200,-1.591915
134,135,-3.883645
134,136,-3.446595
134,137,-1.822725
134,138,-4.845167
134,139,-2.284509
134,140,-4.922453
134,141,-2.384244
134,142,-8.726177
134,143,-4.785156
134,144,-7.415324
134,145,-1.307642
134,146,-8.343025
134,147,-3.997948
134,148,-9.123403
134,149,-3.946716
134,150,-5.890222
134,151,-2.700102
134,152,-7.571772
134,153,-0.907393
134,154,-5.998203
134,155,-2.143091
134,156,0.207434
134,157,-1.669651
134,158,-4.167563
134,159,-3.458177
134,160,-8.380324
134,161,-4.007972
134,162,-8.165388
134,163,-5.627666
134,164,-1.697366
134,165,-1.624114
134,166,-3.863892
134,167,0.027734
134,168,-5.380347
134,169,-5.695517
134,170,-2.664123
134,171,-6.724916
134,172,0.371489
134,173,-5.458225
134,174,-1.104331
134,175,-2.684743
134,176,-1.175088
134,177,-0.135048
134,178,-0.140214
134,179,-7.265266
134,180,-0.616957
134,181,0.768745
134,182,-2.188507
134,183,-5.12642
134,184,-3.436492
134,185,-9.255827
134,186,-0.106879
134,187,-3.967945
134,188,-1.86974
134,189,-4.384988
134,190,0.562747
134,191,-5.378235
134,192,0.098629
134,193,-1.871638
134,194,-4.862526
134,195,-4.896608
134,196,-2.787551
134,197,0.035671
134,198,-2.651332
134,199,-4.093663
134,200,-9.256603
135,136,1.364847
135,137,0.958877
135,138,0.556152
135,139,-2.487199
135,140,-6.344218
135,141,-5.86811
135,142,-8.821872
135,143,-3.690701
135,144,-6.43762
135,145,2.151736
135,146,-9.28117
135,147,0.303408
135,148,-7.973318
135,149,-2.848622
135,150,-1.291946
135,151,0.247717
135,152,-2.222634
135,153,3.029364
135,154,-3.754769
135,155,0.057672
135,156,1.801096
135,157,-2.117943
135,158,-2.918608
135,159,1.428537
135,160,-3.930085
135,161,-2.576703
135,162,-5.227881
135,163,1.656055
135,164,-2.671257
135,165,-2.914443
135,166,-0.121099
135,167,-1.46721
135,168,-1.141133
135,169,3.550413
135,170,-2.549277
135,171,2.289743
135,172,0.246792
135,173,-4.472424
135,174,3.802249
135,175,-2.642433
135,176,0.242379
135,177,-0.20359
135,178,-0.150547
135,179,-4.85681
135,180,-1.922289
135,181,0.789045
135,182,-2.48454
135,183,-4.934277
135,184,-0.914991
135,185,-5.73459
135,186,2.116992
135,187,0.525011
135,188,-4.089358
135,189,1.201039
135,190,2.926734
135,191,2.238003
135,192,-1.21642
135,193,0.428997
135,194,-1.003216
135,195,-3.417389
135,196,0.016978
135,197,-0.437859
135,198,-2.223094
135,199,-0.988428
135,200,-0.113903
136,137,-0.043608
136,138,-0.086828
136,139,1.786768
136,140,0.413081
136,141,-2.259607
136,142,0.910329
136,143,1.872497
136,144,8.215038
136,145,0.049908
136,146,-0.232312
136,147,5.73789
136,148,-0.018354
136,149,1.813195
136,150,-0.060945
136,151,7.908562
136,152,-0.098632
136,153,-1.325353
136,154,7.265186
136,155,1.926271
136,156,2.455415
136,157,1.65003
136,158,1.68509
136,159,1.726417
136,160,1.606965
136,161,-0.022438
136,162,6.097442
136,163,0.848968
136,164,4.235498
136,165,-0.736845
136,166,0.187856
136,167,-0.423882
136,168,3.789697
136,169,-1.969412
136,170,3.359571
136,171,-1.780122
136,172,-0.012569
136,173,0.596054
136,174,-0.615074
136,175,1.357809
136,176,8.443885
136,177,2.381685
136,178,3.261253
136,179,5.887245
136,180,6.647632
136,181,-2.069378
136,182,4.522432
136,183,-0.064448
136,184,2.830827
136,185,-0.110832
136,186,1.363839
136,187,8.63233
136,188,4.619768
136,189,1.971882
136,190,3.560744
136,191,0.18841
136,192,0.962023
136,193,0.252196
136,194,0.879626
136,195,8.581605
136,196,-0.924143
136,197,4.805221
136,198,4.364267
136,199,1.626003
136,200,-2.839226
137,138,-0.235286
137,139,2.982886
137,140,0.448873
137,141,-1.635231
137,142,0.424136
137,143,0.953511
137,144,3.469747
137,145,-1.6e-05
137,146,-0.510796
137,147,6.260568
137,148,-0.68143
137,149,2.733024
137,150,-0.617275
137,151,7.527634
137,152,-1.241327
137,153,0.721096
137,154,5.421425
137,155,2.258139
137,156,4.257136
137,157,0.97646
137,158,0.571783
137,159,3.94191
137,160,-0.722464
137,161,0.491232
137,162,3.058503
137,163,-1.123131
137,164,3.457258
137,165,-0.295765
137,166,-0.191071
137,167,1.058933
137,168,1.391437
137,169,-0.013553
137,170,3.827359
137,171,-0.304399
137,172,1.884736
137,173,0.207771
137,174,0.323258
137,175,2.76375
137,176,9.011021
137,177,3.487052
137,178,4.926722
137,179,3.600236
137,180,6.130152
137,181,-0.244237
137,182,2.355415
137,183,0.603676
137,184,3.358788
137,185,-1.319255
137,186,3.549307
137,187,8.260004
137,188,4.09079
137,189,3.383335
137,190,5.202097
137,191,-0.624635
137,192,1.51981
137,193,2.353825
137,194,0.935869
137,195,5.841436
137,196,0.561859
137,197,3.996658
137,198,3.528042
137,199,0.251247
137,200,-2.868089
138,139,-0.559574
138,140,-3.663044
138,141,-4.88372
138,142,-4.977827
138,143,-0.061888
138,144,-1.476325
138,145,-0.175798
138,146,-6.06618
138,147,4.746452
138,148,-4.073148
138,149,-0.109415
138,150,-0.644545
138,151,4.550608
138,152,-0.977404
138,153,-0.317672
138,154,1.247725
138,155,0.984216
138,156,2.214244
138,157,-0.187501
138,158,0.111497
138,159,2.83982
138,160,-0.090776
138,161,0.161386
138,162,-0.098493
138,163,-0.415458
138,164,0.366896
138,165,-1.791617
138,166,-0.004344
138,167,-1.860171
138,168,1.997164
138,169,-1.042549
138,170,-0.594724
138,171,-1.006233
138,172,0.798889
138,173,-0.909613
138,174,-0.055485
138,175,-0.327634
138,176,3.530092
138,177,0.871222
138,178,1.211799
138,179,0.259104
138,180,-0.345621
138,181,-1.573996
138,182,0.919228
138,183,-1.945225
138,184,0.697708
138,185,-2.838377
138,186,2.434237
138,187,4.593466
138,188,-2.376009
138,189,2.219704
138,190,2.453614
138,191,-0.11733
138,192,-0.667554
138,193,-0.069528
138,194,1.071286
138,195,1.749656
138,196,-0.781583
138,197,2.44291
138,198,1.465445
138,199,0.475458
138,200,-2.8517
139,140,-0.633925
139,141,-0.09611
139,142,-3.873102
139,143,0.133402
139,144,-3.269501
139,145,3.160412
139,146,-3.756503
139,147,-1.279656
139,148,-3.90771
139,149,0.726229
139,150,-0.381297
139,151,-0.453233
139,152,-2.445744
139,153,0.0876
139,154,-2.120677
139,155,-1.493688
139,156,1.123438
139,157,1.970955
139,158,1.183014
139,159,-0.98179
139,160,-3.489486
139,161,1.415013
139,162,-3.875799
139,163,-1.226414
139,164,0.570079
139,165,3.245663
139,166,1.502708
139,167,-0.799146
139,168,-1.671485
139,169,-4.226113
139,170,0.808896
139,171,-4.852219
139,172,1.932156
139,173,-0.218787
139,174,3.492899
139,175,0.734696
139,176,0.013251
139,177,-0.618397
139,178,-0.332602
139,179,-2.986988
139,180,-0.051488
139,181,1.639813
139,182,1.288663
139,183,0.118701
139,184,1.092296
139,185,-3.819419
139,186,0.750875
139,187,-1.443016
139,188,-0.578191
139,189,-1.282032
139,190,1.235009
139,191,-1.352802
139,192,0.442403
139,193,-0.812908
139,194,-1.536832
139,195,-1.31027
139,196,-1.52863
139,197,0.157144
139,198,0.342197
139,199,0.599968
139,200,-7.237472
140,141,-0.541681
140,142,-2.204914
140,143,-1.271788
140,144,-2.157637
140,145,0.756164
140,146,-1.761702
140,147,-2.130346
140,148,-2.960857
140,149,0.296236
140,150,-1.712511
140,151,-0.226397
140,152,-4.245162
140,153,-3.209778
140,154,-1.55562
140,155,-5.217281
140,156,0.058323
140,157,-1.019746
140,158,-1.058985
140,159,-3.194189
140,160,-5.025984
140,161,1.148514
140,162,-3.464792
140,163,-4.133889
140,164,-0.486816
140,165,1.296034
140,166,-0.544228
140,167,-3.646452
140,168,-4.782243
140,169,-7.583517
140,170,1.616223
140,171,-8.21133
140,172,0.123866
140,173,-0.997417
140,174,1.408603
140,175,0.541669
140,176,0.13614
140,177,-3.499983
140,178,-2.549048
140,179,-2.468642
140,180,0.59091
140,181,-1.541069
140,182,-0.568943
140,183,0.321608
140,184,0.328789
140,185,-4.014661
140,186,-1.05115
140,187,-1.523225
140,188,0.699297
140,189,-3.10002
140,190,0.475915
140,191,-4.510757
140,192,-2.566652
140,193,-4.504517
140,194,-5.073073
140,195,-0.471839
140,196,-5.382613
140,197,-2.391865
140,198,-0.963158
140,199,-2.521054
140,200,-10.683055
141,142,-4.324931
141,143,-3.053091
141,144,-3.036973
141,145,-1.311459
141,146,-3.62502
141,147,-2.792444
141,148,-5.537443
141,149,-1.035334
141,150,-4.381517
141,151,-0.903068
141,152,-6.428917
141,153,-2.445855
141,154,-2.70519
141,155,-4.328412
141,156,0.438875
141,157,-1.767978
141,158,-2.961026
141,159,-3.373501
141,160,-7.059426
141,161,-1.696687
141,162,-5.069267
141,163,-5.887743
141,164,0.957387
141,165,-0.406973
141,166,-2.968632
141,167,-1.72804
141,168,-5.516335
141,169,-7.298527
141,170,1.333843
141,171,-8.121758
141,172,0.820777
141,173,-3.275569
141,174,-0.654235
141,175,0.005599
141,176,2.296387
141,177,-1.71653
141,178,-0.503348
141,179,-4.133355
141,180,2.707105
141,181,-0.249004
141,182,-1.169611
141,183,-2.088038
141,184,-0.734772
141,185,-6.599049
141,186,-0.538984
141,187,-1.893998
141,188,2.394482
141,189,-3.727621
141,190,0.981999
141,191,-5.757241
141,192,-1.304789
141,193,-3.475631
141,194,-5.418601
141,195,-1.303653
141,196,-4.73242
141,197,-0.834186
141,198,-0.943281
141,199,-4.022757
141,200,-10.734708
142,143,-2.352958
142,144,0.777684
142,145,0.471422
142,146,-0.549139
142,147,-3.241946
142,148,-0.657611
142,149,-0.781114
142,150,-0.476372
142,151,-2.473811
142,152,-3.684115
142,153,-6.14343
142,154,0.261554
142,155,-7.982979
142,156,-1.342249
142,157,-2.607206
142,158,-1.635243
142,159,-5.27325
142,160,-4.675454
142,161,0.130437
142,162,-0.816533
142,163,-4.239347
142,164,-2.465335
142,165,-0.738434
142,166,-0.149703
142,167,-6.984677
142,168,-6.395488
142,169,-9.759533
142,170,2.093727
142,171,-10.246564
142,172,-3.071327
142,173,-1.664418
142,174,-1.727511
142,175,-2.078535
142,176,-1.396812
142,177,-6.367899
142,178,-5.472301
142,179,-0.844006
142,180,0.053396
142,181,-5.202693
142,182,-1.708179
142,183,-1.807908
142,184,0.479352
142,185,-1.541594
142,186,-3.543299
142,187,0.016921
142,188,0.250498
142,189,-3.947807
142,190,-0.130857
142,191,-5.487796
142,192,-5.449445
142,193,-7.651355
142,194,-7.192081
142,195,-0.410437
142,196,-8.209501
142,197,-4.864926
142,198,-3.201835
142,199,-3.327933
142,200,-12.511198
143,144,-0.603557
143,145,1.046771
143,146,-3.050707
143,147,2.076338
143,148,-1.08866
143,149,3.407127
143,150,1.165501
143,151,1.432546
143,152,-0.267455
143,153,-0.572695
143,154,1.532379
143,155,-3.05665
143,156,4.183481
143,157,0.012104
143,158,0.079986
143,159,0.548014
143,160,-1.033605
143,161,1.965494
143,162,0.381785
143,163,-1.227512
143,164,0.390095
143,165,-0.276851
143,166,1.025105
143,167,-2.566308
143,168,-1.552522
143,169,-3.6819
143,170,3.316474
143,171,-4.24687
143,172,1.269763
143,173,0.036905
143,174,1.651642
143,175,1.786789
143,176,1.253055
143,177,-2.061386
143,178,-1.403519
143,179,0.645911
143,180,1.383506
143,181,-1.018689
143,182,0.033121
143,183,0.505743
143,184,4.638486
143,185,0.052797
143,186,1.985591
143,187,3.283582
143,188,0.338359
143,189,2.155244
143,190,4.547096
143,191,-0.814092
143,192,-0.994547
143,193,-2.636625
143,194,-2.001688
143,195,0.882924
143,196,-2.923446
143,197,-1.019382
143,198,0.23224
143,199,-0.286814
143,200,-6.653126
144,145,5.682711
144,146,0.10611
144,147,-1.233053
144,148,0.643128
144,149,1.02974
144,150,4.738149
144,151,-1.816651
144,152,1.110916
144,153,-2.604498
144,154,-0.10198
144,155,-6.127318
144,156,2.831422
144,157,-0.988142
144,158,0.85114
144,159,-2.460915
144,160,-0.760246
144,161,3.505867
144,162,0.033335
144,163,0.316312
144,164,-2.309601
144,165,2.66783
144,166,4.088899
144,167,-5.878279
144,168,-3.746792
144,169,-5.664904
144,170,3.756407
144,171,-6.338466
144,172,-0.044839
144,173,0.118851
144,174,2.459096
144,175,-0.764889
144,176,-2.038258
144,177,-5.374407
144,178,-4.836281
144,179,-0.261882
144,180,-1.015967
144,181,-2.020683
144,182,-0.17857
144,183,-0.488643
144,184,5.441645
144,185,4.187762
144,186,-0.344413
144,187,1.452098
144,188,-0.408311
144,189,0.566944
144,190,5.97299
144,191,-1.497962
144,192,-4.304227
144,193,-5.901943
144,194,-4.670004
144,195,-0.565125
144,196,-5.920836
144,197,-4.073608
144,198,-2.428353
144,199,-0.344547
144,200,-8.534578
145,146,-0.085771
145,147,7.40128
145,148,-0.384351
145,149,2.928676
145,150,-0.44625
145,151,8.931923
145,152,-0.998688
145,153,1.055869
145,154,6.178398
145,155,3.727458
145,156,4.836592
145,157,1.093881
145,158,0.667432
145,159,4.212334
145,160,-0.292542
145,161,0.559313
145,162,4.106995
145,163,-0.859181
145,164,3.890404
145,165,-0.249156
145,166,-0.154465
145,167,1.395574
145,168,1.980228
145,169,1.349534
145,170,4.787605
145,171,1.477589
145,172,2.201533
145,173,0.233419
145,174,0.374718
145,175,2.85271
145,176,10.335986
145,177,3.785181
145,178,5.214247
145,179,4.197743
145,180,7.971747
145,181,0.049687
145,182,2.717903
145,183,0.614596
145,184,3.983609
145,185,-0.778358
145,186,4.15382
145,187,10.285963
145,188,6.051714
145,189,3.602032
145,190,6.227216
145,191,-0.479239
145,192,1.714175
145,193,3.08584
145,194,1.136356
145,195,6.476638
145,196,0.591962
145,197,4.625335
145,198,3.799341
145,199,0.404221
145,200,-1.369458
146,147,-4.512596
146,148,-2.489077
146,149,-2.08233
146,150,-2.267572
146,151,-2.966738
146,152,-5.446334
146,153,-6.859714
146,154,-1.481363
146,155,-8.219052
146,156,-2.848618
146,157,-2.937782
146,158,-2.412377
146,159,-6.281399
146,160,-6.256688
146,161,-0.622676
146,162,-3.240174
146,163,-5.491729
146,164,-2.117944
146,165,-0.544229
146,166,-1.366553
146,167,-6.715604
146,168,-7.287748
146,169,-10.823385
146,170,-0.000908
146,171,-11.314104
146,172,-3.614928
146,173,-2.530499
146,174,-2.383321
146,175,-2.667648
146,176,-0.746881
146,177,-6.123212
146,178,-5.152934
146,179,-2.577628
146,180,0.600898
146,181,-5.420275
146,182,-1.939477
146,183,-2.385468
146,184,-1.630851
146,185,-3.965405
146,186,-4.4971
146,187,-2.429986
146,188,0.666833
146,189,-5.610721
146,190,-2.047026
146,191,-6.696651
146,192,-5.26184
146,193,-7.837029
146,194,-7.908105
146,195,-0.533679
146,196,-8.531635
146,197,-4.634187
146,198,-3.283579
146,199,-4.228328
146,200,-13.612358
147,148,-2.422343
147,149,-0.229342
147,150,3.858162
147,151,0.110772
147,152,2.944097
147,153,2.505839
147,154,-0.08657
147,155,-0.223389
147,156,1.221391
147,157,3.872682
147,158,2.983007
147,159,0.139435
147,160,0.62665
147,161,1.539566
147,162,-1.138984
147,163,6.167493
147,164,1.209054
147,165,1.459206
147,166,5.357907
147,167,-1.516861
147,168,1.041782
147,169,0.741362
147,170,-0.677277
147,171,0.349808
147,172,0.711438
147,173,1.280879
147,174,6.640108
147,175,-0.912803
147,176,-0.294758
147,177,0.012102
147,178,-0.603812
147,179,-0.507139
147,180,-1.922613
147,181,1.6097
147,182,2.871411
147,183,-1.065663
147,184,1.158314
147,185,-0.295667
147,186,0.727066
147,187,-0.010187
147,188,-3.040045
147,189,1.169419
147,190,1.65776
147,191,5.696647
147,192,0.875391
147,193,-1.206602
147,194,0.666405
147,195,0.45624
147,196,0.465415
147,197,1.097303
147,198,1.121648
147,199,4.552669
147,200,-1.391236
148,149,-0.884472
148,150,-0.026716
148,151,-1.754029
148,152,-2.357332
148,153,-6.151839
148,154,0.964273
148,155,-7.286612
148,156,-1.616436
148,157,-1.599163
148,158,-0.38176
148,159,-4.774914
148,160,-3.294539
148,161,-0.893524
148,162,0.109092
148,163,-2.897895
148,164,-2.070859
148,165,-2.029459
148,166,-0.009316
148,167,-6.967971
148,168,-5.274954
148,169,-9.231418
148,170,0.656975
148,171,-9.573906
148,172,-3.584471
148,173,-0.510216
148,174,-2.413546
148,175,-2.299737
148,176,-1.505876
148,177,-5.978127
148,178,-5.211888
148,179,0.499447
148,180,-1.322951
148,181,-5.767872
148,182,-0.550843
148,183,-2.213373
148,184,-0.104753
148,185,-0.622302
148,186,-3.610513
148,187,0.135593
148,188,-1.689163
148,189,-3.530945
148,190,-0.785842
148,191,-4.347534
148,192,-5.177459
148,193,-7.283021
148,194,-6.340756
148,195,0.353342
148,196,-7.692378
148,197,-4.283554
148,198,-2.459377
148,199,-1.953903
148,200,-11.647052
149,150,1.240229
149,151,1.441254
149,152,0.028568
149,153,-2.279587
149,154,0.973478
149,155,-1.921954
149,156,-0.326881
149,157,3.856059
149,158,3.628377
149,159,-1.475434
149,160,-0.85061
149,161,1.002191
149,162,-0.359201
149,163,0.664653
149,164,2.788087
149,165,2.085548
149,166,2.504618
149,167,-1.628926
149,168,-0.946366
149,169,-5.461738
149,170,-0.276497
149,171,-5.72227
149,172,-0.302213
149,173,2.727411
149,174,0.897002
149,175,0.012335
149,176,1.648746
149,177,-0.515457
149,178,0.105229
149,179,0.603603
149,180,-0.055333
149,181,-1.48256
149,182,4.603052
149,183,0.121028
149,184,-0.011879
149,185,-0.836057
149,186,-0.837912
149,187,-0.084084
149,188,-1.176509
149,189,-1.548791
149,190,-0.274756
149,191,-0.392865
149,192,0.234689
149,193,-2.028998
149,194,-1.727373
149,195,2.440774
149,196,-2.560632
149,197,1.165217
149,198,2.942223
149,199,2.391732
149,200,-7.676754
150,151,5.044458
150,152,0.014262
150,153,-2.661928
150,154,6.714962
150,155,-0.885098
150,156,1.569968
150,157,0.516062
150,158,1.129672
150,159,0.185943
150,160,1.617258
150,161,-0.415402
150,162,6.184447
150,163,0.748419
150,164,1.866566
150,165,-1.821382
150,166,-0.036399
150,167,-2.933858
150,168,1.931365
150,169,-3.729604
150,170,2.556591
150,171,-3.655895
150,172,-1.210416
150,173,-0.039507
150,174,-1.261056
150,175,0.156672
150,176,4.359994
150,177,-0.529095
150,178,0.175709
150,179,5.920172
150,180,2.144085
150,181,-3.481028
150,182,3.384233
150,183,-0.969529
150,184,2.265146
150,185,-0.001038
150,186,0.049764
150,187,6.706467
150,188,0.601565
150,189,1.026108
150,190,2.53496
150,191,-0.144627
150,192,-1.262855
150,193,-2.132491
150,194,-0.688467
150,195,6.970663
150,196,-2.853017
150,197,1.857946
150,198,2.595583
150,199,1.237025
150,200,-4.982456
151,152,2.950572
151,153,3.66407
151,154,-0.605309
151,155,-0.203856
151,156,2.894127
151,157,3.13741
151,158,2.668242
151,159,0.699601
151,160,0.152027
151,161,3.498727
151,162,-1.711621
151,163,7.12577
151,164,0.936156
151,165,3.140378
151,166,6.201203
151,167,-0.724675
151,168,0.549499
151,169,2.601237
151,170,1.391084
151,171,1.391746
151,172,2.410858
151,173,1.468163
151,174,9.102613
151,175,0.598264
151,176,-0.16301
151,177,0.251272
151,178,-0.356906
151,179,-1.143912
151,180,-0.684405
151,181,3.26305
151,182,2.159796
151,183,0.898228
151,184,3.09481
151,185,0.212356
151,186,2.057473
151,187,0.221442
151,188,-1.255926
151,189,2.083835
151,190,3.599685
151,191,6.209414
151,192,1.367986
151,193,-0.783509
151,194,0.488076
151,195,-0.264517
151,196,0.897452
151,197,0.932152
151,198,0.684289
151,199,3.827332
151,200,0.238783
152,153,-3.03603
152,154,3.312294
152,155,-2.097307
152,156,1.699837
152,157,-0.91893
152,158,-0.078848
152,159,-0.31847
152,160,1.275672
152,161,-0.901286
152,162,3.327606
152,163,0.373533
152,164,-0.449905
152,165,-3.146235
152,166,-0.426467
152,167,-4.620685
152,168,1.179581
152,169,-3.869776
152,170,0.309375
152,171,-3.848754
152,172,-1.920246
152,173,-1.378503
152,174,-1.526056
152,175,-1.535021
152,176,1.442575
152,177,-2.246931
152,178,-1.783393
152,179,3.011832
152,180,-1.231985
152,181,-4.231391
152,182,1.512823
152,183,-2.618433
152,184,1.788558
152,185,-0.285503
152,186,-0.334327
152,187,4.678123
152,188,-2.818191
152,189,1.1547
152,190,2.371174
152,191,-0.368074
152,192,-2.89102
152,193,-3.388235
152,194,-1.448978
152,195,3.895084
152,196,-3.800506
152,197,0.004729
152,198,0.683594
152,199,0.421893
152,200,-5.195081
153,154,-0.582382
153,155,4.426018
153,156,-0.203918
153,157,2.33484
153,158,-0.04131
153,159,1.035706
153,160,-2.71336
153,161,-2.443093
153,162,-2.44342
153,163,-0.313102
153,164,2.28961
153,165,-0.481155
153,166,-0.783469
153,167,2.130565
153,168,1.402074
153,169,-0.803945
153,170,-2.700848
153,171,-0.852888
153,172,-0.533551
153,173,-2.113269
153,174,0.19434
153,175,-1.70468
153,176,4.324059
153,177,5.1011
153,178,4.59127
153,179,-1.796322
153,180,-0.461575
153,181,0.060631
153,182,2.675983
153,183,-3.356014
153,184,-1.854233
153,185,-5.619574
153,186,0.317978
153,187,2.390676
153,188,-2.945232
153,189,-0.009024
153,190,0.068384
153,191,-0.196625
153,192,3.421887
153,193,2.597301
153,194,1.428395
153,195,0.853771
153,196,2.230077
153,197,5.92012
153,198,2.4289
153,199,0.863842
153,200,-2.606938
154,155,-3.649606
154,156,2.671482
154,157,1.465153
154,158,3.178885
154,159,-0.375279
154,160,1.755317
154,161,4.0928
154,162,-0.294646
154,163,2.826746
154,164,-0.659904
154,165,2.485401
154,166,6.635213
154,167,-4.049327
154,168,-1.048076
154,169,-3.486575
154,170,1.465655
154,171,-3.950476
154,172,1.020933
154,173,2.084767
154,174,3.877462
154,175,-0.318678
154,176,-1.257551
154,177,-3.195045
154,178,-2.998535
154,179,0.047266
154,180,-1.573827
154,181,-0.623991
154,182,1.939173
154,183,0.096266
154,184,2.76227
154,185,2.541123
154,186,1.153062
154,187,0.394098
154,188,-1.725186
154,189,1.706483
154,190,3.06748
154,191,1.149905
154,192,-2.171731
154,193,-3.786035
154,194,-2.064845
154,195,0.299207
154,196,-3.44968
154,197,-1.873817
154,198,-0.572792
154,199,2.477173
154,200,-6.07506
155,156,2.863482
155,157,-1.20031
155,158,-2.203751
155,159,1.072429
155,160,-3.923332
155,161,-1.610149
155,162,-5.255031
155,163,1.921699
155,164,-1.960157
155,165,-1.530826
155,166,0.617448
155,167,-0.311916
155,168,-1.205515
155,169,2.58492
155,170,-1.456926
155,171,1.302459
155,172,1.564424
155,173,-3.701633
155,174,4.778844
155,175,-1.489652
155,176,-0.024208
155,177,0.097064
155,178,-0.087706
155,179,-4.757084
155,180,-0.556129
155,181,2.478565
155,182,-1.891604
155,183,-3.916503
155,184,-0.153622
155,185,-5.378337
155,186,3.057594
155,187,-0.137184
155,188,-2.747754
155,189,1.12368
155,190,3.70862
155,191,2.130164
155,192,-0.21022
155,193,0.217343
155,194,-0.828538
155,195,-3.312269
155,196,0.611918
155,197,-0.119243
155,198,-1.790098
155,199,-0.365668
155,200,-0.846857
156,157,6.335938
156,158,4.918786
156,159,0.00245
156,160,1.785817
156,161,0.634382
156,162,1.758975
156,163,4.468451
156,164,5.321296
156,165,2.788809
156,166,3.360728
156,167,2.973935
156,168,2.25241
156,169,-2.446291
156,170,-0.870019
156,171,-2.577453
156,172,0.149714
156,173,2.124856
156,174,2.342565
156,175,-0.25291
156,176,3.452652
156,177,4.80451
156,178,4.2443
156,179,2.725714
156,180,0.368257
156,181,0.648166
156,182,8.04204
156,183,-0.546609
156,184,-0.172965
156,185,-1.010527
156,186,-0.050185
156,187,1.218648
156,188,-1.414086
156,189,-0.27509
156,190,-0.00056
156,191,2.98192
156,192,5.082536
156,193,1.291305
156,194,1.284209
156,195,4.710507
156,196,1.591835
156,197,6.551349
156,198,4.814259
156,199,5.803476
156,200,-4.0038
157,158,0.025503
157,159,2.649096
157,160,-1.286806
157,161,2.295656
157,162,-0.061702
157,163,-1.530864
157,164,0.707585
157,165,0.423505
157,166,0.785314
157,167,-0.001181
157,168,-0.717368
157,169,-1.643789
157,170,4.12457
157,171,-2.480292
157,172,3.806649
157,173,0.023541
157,174,2.236327
157,175,3.522554
157,176,3.067868
157,177,-0.284678
157,178,0.628194
157,179,0.434287
157,180,4.150402
157,181,1.436933
157,182,0.142604
157,183,0.930033
157,184,4.563239
157,185,-1.121665
157,186,4.899074
157,187,4.144276
157,188,2.286688
157,189,3.162526
157,190,6.518669
157,191,-0.941903
157,192,0.039427
157,193,-0.20023
157,194,-0.955617
157,195,1.111279
157,196,-1.233431
157,197,0.228214
157,198,0.81225
157,199,-0.363234
157,200,-5.196846
158,159,1.35443
158,160,-0.836097
158,161,1.583965
158,162,2.291774
158,163,-1.141127
158,164,1.136593
158,165,-0.545358
158,166,0.712089
158,167,-1.645687
158,168,-0.969703
158,169,-2.779329
158,170,5.200589
158,171,-3.36437
158,172,1.452196
158,173,-0.074919
158,174,1.394751
158,175,2.218089
158,176,2.878076
158,177,-1.068821
158,178,-0.294482
158,179,1.974323
158,180,3.065419
158,181,-0.871294
158,182,0.322748
158,183,0.451933
158,184,6.024998
158,185,1.049491
158,186,2.518712
158,187,6.09106
158,188,1.704803
158,189,3.321921
158,190,6.140703
158,191,-0.531947
158,192,-0.06074
158,193,-1.745849
158,194,-1.313701
158,195,2.070323
158,196,-2.094134
158,197,-0.085856
158,198,0.985155
158,199,-0.269676
158,200,-5.794061
159,160,-1.222361
159,161,-0.682864
159,162,-2.166545
159,163,2.45775
159,164,2.064414
159,165,0.221631
159,166,2.163741
159,167,-0.630913
159,168,1.172269
159,169,-1.238
159,170,-2.179829
159,171,-1.526501
159,172,-0.162976
159,173,-0.742764
159,174,2.92956
159,175,-1.606609
159,176,0.614153
159,177,1.252078
159,178,0.608449
159,179,-1.435266
159,180,-1.938255
159,181,1.581672
159,182,2.260405
159,183,-2.498007
159,184,-0.635904
159,185,-3.413346
159,186,0.027345
159,187,-0.064098
159,188,-3.697752
159,189,0.19173
159,190,0.156511
159,191,2.851579
159,192,1.776154
159,193,-0.124349
159,194,1.312407
159,195,0.202261
159,196,1.460977
159,197,2.373762
159,198,1.972165
159,199,3.257437
159,200,-3.285849
160,161,-1.002068
160,162,0.895018
160,163,0.420819
160,164,-1.236778
160,165,-3.439068
160,166,0.145841
160,167,-5.572762
160,168,-1.09495
160,169,-3.645499
160,170,0.177684
160,171,-4.006347
160,172,-2.237694
160,173,-2.000578
160,174,-0.342958
160,175,-2.437079
160,176,-0.711313
160,177,-3.723244
160,178,-3.452988
160,179,0.67865
160,180,-2.310325
160,181,-4.135254
160,182,-0.243663
160,183,-3.329224
160,184,3.313868
160,185,1.379934
160,186,-0.824351
160,187,2.909854
160,188,-3.642526
160,189,1.998686
160,190,4.815134
160,191,0.941256
160,192,-3.559086
160,193,-4.66371
160,194,-2.401546
160,195,0.849828
160,196,-4.402402
160,197,-1.913629
160,198,-0.36025
160,199,-0.006173
160,200,-5.711199
161,162,1.795218
161,163,-0.680756
161,164,4.480714
161,165,-0.038948
161,166,0.337063
161,167,-1.314611
161,168,-0.57271
161,169,-5.020583
161,170,1.325013
161,171,-5.218259
161,172,-0.643508
161,173,0.912661
161,174,-0.42169
161,175,0.850172
161,176,5.298851
161,177,0.273651
161,178,1.103972
161,179,2.670777
161,180,3.482312
161,181,-2.354213
161,182,3.467453
161,183,0.065837
161,184,1.179079
161,185,-1.423243
161,186,-0.346087
161,187,2.911166
161,188,1.748279
161,189,-0.31756
161,190,1.024103
161,191,-0.191066
161,192,0.613278
161,193,-1.895234
161,194,-1.342957
161,195,5.535212
161,196,-2.423445
161,197,2.154661
161,198,3.623454
161,199,1.074209
161,200,-7.180332
162,163,2.644701
162,164,-2.132678
162,165,-0.02103
162,166,4.685275
162,167,-6.008222
162,168,-2.412973
162,169,-4.454824
162,170,0.718705
162,171,-4.990109
162,172,-1.287505
162,173,0.582373
162,174,2.01903
162,175,-2.049551
162,176,-2.475331
162,177,-4.910964
162,178,-4.69876
162,179,-0.056984
162,180,-2.864957
162,181,-2.912108
162,182,1.072741
162,183,-1.782766
162,184,2.996978
162,185,3.907367
162,186,-0.899312
162,187,0.46023
162,188,-3.164775
162,189,1.337427
162,190,3.727839
162,191,0.409105
162,192,-4.021064
162,193,-5.622965
162,194,-3.649812
162,195,-0.189969
162,196,-5.180649
162,197,-3.409956
162,198,-1.944733
162,199,1.429802
162,200,-6.867039
163,164,-0.550576
163,165,-3.14664
163,166,-0.48658
163,167,-2.787113
163,168,1.648007
163,169,0.762106
163,170,2.521198
163,171,0.789491
163,172,-0.047431
163,173,-2.061457
163,174,-0.13552
163,175,-0.531976
163,176,4.439128
163,177,-0.103397
163,178,0.675655
163,179,1.855852
163,180,1.021025
163,181,-2.243407
163,182,0.051666
163,183,-2.465007
163,184,5.438939
163,185,1.527785
163,186,2.44107
163,187,9.530389
163,188,-0.888131
163,189,4.211127
163,190,7.942254
163,191,0.024672
163,192,-1.969457
163,193,-0.373658
163,194,-0.135859
163,195,2.637887
163,196,-1.749768
163,197,1.227102
163,198,0.448029
163,199,-0.455924
163,200,0.22893
164,165,3.42134
164,166,2.953077
164,167,-1.096629
164,168,-0.889595
164,169,-2.318005
164,170,5.21708
164,171,-3.146553
164,172,6.189917
164,173,0.722688
164,174,5.10052
164,175,2.897503
164,176,0.819186
164,177,-1.265414
164,178,-0.677826
164,179,-1.472155
164,180,2.0863
164,181,4.043059
164,182,0.346364
164,183,1.390131
164,184,3.778102
164,185,-1.430695
164,186,4.929936
164,187,1.100555
164,188,3.156767
164,189,1.604932
164,190,5.838975
164,191,-0.508025
164,192,-0.436255
164,193,-1.075836
164,194,-1.221534
164,195,-0.554812
164,196,-1.755303
164,197,-0.682517
164,198,-0.000286
164,199,0.605838
164,200,-5.829039
165,166,-1.016467
165,167,0.68654
165,168,-2.065073
165,169,-4.219651
165,170,3.303044
165,171,-4.857534
165,172,1.201777
165,173,-0.695518
165,174,0.161626
165,175,2.450228
165,176,6.697436
165,177,0.969056
165,178,2.098666
165,179,0.627984
165,180,7.698256
165,181,-0.496163
165,182,1.194764
165,183,0.193185
165,184,2.721669
165,185,-2.915791
165,186,1.612058
165,187,3.386682
165,188,5.033955
165,189,0.523671
165,190,3.348
165,191,-2.644248
165,192,1.384347
165,193,-0.832906
165,194,-2.094746
165,195,3.400922
165,196,-1.817836
165,197,1.911748
165,198,2.01163
165,199,-1.343606
165,200,-7.411339
166,167,-0.864721
166,168,1.661191
166,169,-1.896303
166,170,4.064412
166,171,-1.961605
166,172,0.524785
166,173,0.168643
166,174,-0.177183
166,175,1.740987
166,176,6.592078
166,177,1.639373
166,178,2.35953
166,179,4.669705
166,180,4.475506
166,181,-1.742382
166,182,2.388906
166,183,0.06267
166,184,3.628024
166,185,-0.178827
166,186,1.977918
166,187,8.209593
166,188,2.742118
166,189,2.872698
166,190,4.423034
166,191,-0.096641
166,192,0.477172
166,193,-0.07248
166,194,1.23542
166,195,5.714076
166,196,-0.828566
166,197,3.727703
166,198,3.42092
166,199,0.592065
166,200,-3.860863
167,168,-2.441313
167,169,-2.685942
167,170,-0.390432
167,171,-3.707474
167,172,3.282216
167,173,-3.160188
167,174,1.82171
167,175,-0.55578
167,176,-0.044987
167,177,-0.093145
167,178,0.095442
167,179,-5.199387
167,180,0.696767
167,181,3.820036
167,182,-0.983215
167,183,-2.979076
167,184,-0.845373
167,185,-6.597102
167,186,2.854117
167,187,-1.637202
167,188,-0.237811
167,189,-1.502058
167,190,3.582812
167,191,-2.4786
167,192,0.137122
167,193,0.418087
167,194,-1.854951
167,195,-3.290317
167,196,-0.645006
167,197,0.000335
167,198,-1.273587
167,199,-1.099692
167,200,-6.315919
168,169,0.532791
168,170,-1.058748
168,171,-0.036762
168,172,0.089443
168,173,-2.281554
168,174,3.002491
168,175,-1.536698
168,176,0.174034
168,177,-0.830796
168,178,-0.959756
168,179,-2.131315
168,180,-1.841496
168,181,-0.603676
168,182,-0.816669
168,183,-3.119701
168,184,1.322071
168,185,-2.454266
168,186,1.431383
168,187,1.493611
168,188,-3.636134
168,189,3.263428
168,190,3.114899
168,191,2.349336
168,192,-0.52021
168,193,-1.58248
168,194,-0.036963
168,195,-1.187633
168,196,-0.596529
168,197,-0.121311
168,198,-0.380376
168,199,0.482312
168,200,-2.249226
169,170,-5.921033
169,171,0.009125
169,172,-3.18054
169,173,-5.239526
169,174,-0.06716
169,175,-5.263683
169,176,0.288452
169,177,0.653469
169,178,-0.121938
169,179,-4.209226
169,180,-4.745626
169,181,-1.564538
169,182,-0.862445
169,183,-6.863192
169,184,-4.333404
169,185,-7.517516
169,186,-1.850449
169,187,0.885203
169,188,-7.076087
169,189,-1.8877
169,190,-1.79931
169,191,0.131746
169,192,-1.102548
169,193,-0.842439
169,194,-0.670964
169,195,-1.869311
169,196,0.199669
169,197,1.631074
169,198,-1.559322
169,199,-0.473168
169,200,-0.090041
170,171,-6.142864
170,172,-0.696648
170,173,2.583704
170,174,1.046282
170,175,-0.289439
170,176,3.151728
170,177,1.002736
170,178,1.850506
170,179,1.549236
170,180,1.089303
170,181,-1.377587
170,182,6.864211
170,183,0.043346
170,184,-0.351334
170,185,0.283853
170,186,-1.493064
170,187,-0.163799
170,188,-0.045883
170,189,-2.253357
170,190,-0.74372
170,191,-0.580884
170,192,1.49485
170,193,-1.979846
170,194,-2.032609
170,195,3.864991
170,196,-2.359051
170,197,2.982703
170,198,3.275208
170,199,3.189031
170,200,-7.913872
171,172,-3.520214
171,173,-5.697613
171,174,0.183095
171,175,-5.65808
171,176,-0.461785
171,177,-0.449418
171,178,-1.104095
171,179,-4.746864
171,180,-5.338705
171,181,-2.179952
171,182,-1.814683
171,183,-7.257517
171,184,-4.373969
171,185,-7.596078
171,186,-2.1413
171,187,0.460663
171,188,-7.592224
171,189,-1.866792
171,190,-1.87834
171,191,0.326908
171,192,-2.162586
171,193,-1.747346
171,194,-1.095529
171,195,-2.647431
171,196,-0.855473
171,197,0.592876
171,198,-2.276101
171,199,-0.990551
171,200,-0.486536
172,173,0.004309
172,174,1.092097
172,175,0.041087
172,176,4.419618
172,177,5.300576
172,178,5.377903
172,179,-0.355013
172,180,1.795941
172,181,0.071036
172,182,4.343847
172,183,-1.035292
172,184,-0.209559
172,185,-3.719405
172,186,0.016632
172,187,0.955253
172,188,-0.440217
172,189,-0.350068
172,190,0.186724
172,191,0.33795
172,192,5.549179
172,193,0.82506
172,194,0.203555
172,195,2.329989
172,196,0.990295
172,197,6.927169
172,198,4.17768
172,199,1.557757
172,200,-5.453625
173,174,0.303865
173,175,1.326105
173,176,1.423518
173,177,-2.433538
173,178,-1.680869
173,179,1.297838
173,180,1.321471
173,181,-2.248021
173,182,0.238569
173,183,0.384369
173,184,2.935837
173,185,-1.039789
173,186,0.417117
173,187,2.660763
173,188,0.318485
173,189,0.332352
173,190,2.593585
173,191,-1.75145
173,192,-1.438366
173,193,-3.388234
173,194,-2.804892
173,195,1.542069
173,196,-3.804782
173,197,-1.153983
173,198,0.354515
173,199,-0.743969
173,200,-8.011219
174,175,1.526964
174,176,9.404558
174,177,4.67041
174,178,5.754936
174,179,2.576751
174,180,4.290566
174,181,-0.337876
174,182,4.408252
174,183,-0.251476
174,184,1.070329
174,185,-2.754903
174,186,2.403635
174,187,7.610867
174,188,1.719342
174,189,1.866843
174,190,2.915176
174,191,-0.138902
174,192,2.640986
174,193,2.800914
174,194,1.765116
174,195,5.989738
174,196,1.015423
174,197,6.26811
174,198,5.142516
174,199,1.237721
174,200,-1.039791
175,176,1.426205
175,177,0.206527
175,178,0.81588
175,179,-1.071542
175,180,0.082727
175,181,-0.58908
175,182,4.034167
175,183,0.086734
175,184,0.028425
175,185,-2.534765
175,186,-0.68577
175,187,-0.833942
175,188,-1.039412
175,189,-1.753892
175,190,-0.215552
175,191,-0.962425
175,192,1.155588
175,193,-1.370787
175,194,-1.817145
175,195,0.957275
175,196,-1.951717
175,197,1.600923
175,198,2.573453
175,199,1.275246
175,200,-7.763957
176,177,0.410098
176,178,-0.007969
176,179,-1.772772
176,180,0.36212
176,181,5.765862
176,182,2.242926
176,183,1.31394
176,184,2.842335
176,185,-0.577363
176,186,2.882932
176,187,-0.40531
176,188,1.046488
176,189,1.111282
176,190,4.128285
176,191,3.524853
176,192,1.509072
176,193,-0.220149
176,194,0.387286
176,195,-0.67072
176,196,1.052366
176,197,0.915543
176,198,0.50541
176,199,3.753387
176,200,-2.669987
177,178,0.132097
177,179,-4.277969
177,180,1.065157
177,181,5.993382
177,182,-1.145777
177,183,-2.200089
177,184,0.844977
177,185,-4.808791
177,186,5.336138
177,187,-0.017133
177,188,0.754151
177,189,0.746445
177,190,7.190223
177,191,0.28437
177,192,0.023416
177,193,0.62282
177,194,-0.388816
177,195,-2.800955
177,196,0.276132
177,197,-0.062161
177,198,-1.208635
177,199,0.512825
177,200,-3.139612
178,179,-3.992577
178,180,1.014999
178,181,6.74541
178,182,-0.392334
178,183,-1.370053
178,184,1.378572
178,185,-4.200792
178,186,3.868639
178,187,-0.71082
178,188,1.446331
178,189,0.438514
178,190,5.080796
178,191,0.805578
178,192,0.670915
178,193,0.18483
178,194,-0.398423
178,195,-2.546408
178,196,0.640799
178,197,0.197373
178,198,-0.83914
178,199,1.138213
178,200,-3.62531
179,180,-1.944962
179,181,-2.115656
179,182,0.859386
179,183,-0.786145
179,184,3.608903
179,185,3.546633
179,186,-0.000224
179,187,0.924037
179,188,-2.216807
179,189,1.992748
179,190,4.119268
179,191,0.411558
179,192,-3.29791
179,193,-4.919328
179,194,-3.174015
179,195,-0.065363
179,196,-4.605614
179,197,-2.884709
179,198,-1.401946
179,199,1.309239
179,200,-6.785104
180,181,2.269103
180,182,4.091819
180,183,0.398335
180,184,0.149314
180,185,-1.900528
180,186,-0.060573
180,187,-1.997193
180,188,0.284384
180,189,-2.169699
180,190,0.705874
180,191,-0.707581
180,192,2.17436
180,193,-0.67223
180,194,-1.8702
180,195,-0.105869
180,196,-0.941577
180,197,2.073482
180,198,1.211383
180,199,2.031825
180,200,-7.479537
181,182,2.262122
181,183,-2.651027
181,184,-1.239703
181,185,-5.996851
181,186,1.028595
181,187,1.948415
181,188,-0.544176
181,189,0.066522
181,190,0.982665
181,191,-1.86431
181,192,4.334653
181,193,2.513392
181,194,-0.326395
181,195,0.888329
181,196,1.495231
181,197,6.531209
181,198,2.503811
181,199,-0.709155
181,200,-4.613927
182,183,1.350643
182,184,9.11687
182,185,3.546206
182,186,4.914847
182,187,5.381432
182,188,3.370791
182,189,4.952135
182,190,10.700923
182,191,0.495796
182,192,-0.409169
182,193,-1.070502
182,194,-1.104675
182,195,0.952631
182,196,-1.594214
182,197,-0.532289
182,198,0.29967
182,199,0.205597
182,200,-4.41146
183,184,0.056845
183,185,-2.863819
183,186,-1.442579
183,187,-0.491054
183,188,-0.626192
183,189,-2.314553
183,190,-0.358628
183,191,-2.70754
183,192,-1.292647
183,193,-3.683999
183,194,-3.619455
183,195,1.331017
183,196,-4.280159
183,197,-0.741698
183,198,0.899002
183,199,-0.720092
183,200,-9.463839
184,185,0.269023
184,186,-0.527775
184,187,1.312966
184,188,-1.204141
184,189,-0.846448
184,190,-0.142757
184,191,1.069831
184,192,1.096391
184,193,-0.908079
184,194,-0.280223
184,195,5.469176
184,196,-1.473341
184,197,2.929806
184,198,4.44505
184,199,5.118226
184,200,-5.874494
185,186,-3.018175
185,187,2.350471
185,188,-2.858406
185,189,-2.04162
185,190,-0.167824
185,191,-2.322378
185,192,-4.654082
185,193,-6.184475
185,194,-4.507235
185,195,3.2724
185,196,-6.531305
185,197,-2.663051
185,198,-1.048091
185,199,0.735634
185,200,-9.147084
186,187,0.618029
186,188,-2.043552
186,189,-0.142381
186,190,-0.023723
186,191,2.763284
186,192,5.737413
186,193,1.31883
186,194,1.319538
186,195,2.237293
186,196,2.503553
186,197,6.341304
186,198,4.176907
186,199,3.486848
186,200,-3.732329
187,188,-2.668341
187,189,1.008449
187,190,1.713587
187,191,6.258295
187,192,0.766443
187,193,-1.361452
187,194,0.657605
187,195,1.721667
187,196,0.406074
187,197,1.236114
187,198,1.210736
187,199,6.359048
187,200,-0.948042
188,189,-3.880125
188,190,-1.123587
188,191,-2.747455
188,192,1.403911
188,193,-2.928494
188,194,-3.890825
188,195,0.125254
188,196,-3.160508
188,197,2.318209
188,198,0.763432
188,199,0.185778
188,200,-9.685587
189,190,-0.170092
189,191,2.894621
189,192,0.65024
189,193,-0.30678
189,194,2.025141
189,195,3.601519
189,196,0.118298
189,197,2.587253
189,198,2.494339
189,199,5.37298
189,200,-3.23449
190,191,3.405993
190,192,6.777174
190,193,1.517504
190,194,1.659166
190,195,6.377975
190,196,2.325673
190,197,8.383657
190,198,5.041072
190,199,6.741535
190,200,-2.949803
191,192,-1.493028
191,193,-0.099088
191,194,0.494133
191,195,1.80713
191,196,-1.25273
191,197,1.689737
191,198,0.670108
191,199,0.219738
191,200,-0.556421
192,193,0.899299
192,194,-0.561576
192,195,-1.669792
192,196,-0.646529
192,197,0.188298
192,198,-0.227004
192,199,-0.186439
192,200,-4.941192
193,194,-0.925887
193,195,-3.164445
193,196,1.286687
193,197,0.56412
193,198,-1.22751
193,199,-0.121646
193,200,-4.034167
194,195,-1.83523
194,196,-0.17602
194,197,-0.019121
194,198,-0.714375
194,199,0.203442
194,200,-3.538826
195,196,-2.804174
195,197,-1.770801
195,198,-0.600231
195,199,1.789211
195,200,-4.875119
196,197,0.195469
196,198,-1.35159
196,199,-0.103141
196,200,-3.563486
197,198,-0.572933
197,199,1.042036
197,200,-2.23592
198,199,1.134091
198,200,-4.859832
199,200,-3.436289
